--- When using SR data, please cite us and provide a link and/or a mention.


 
,,,,,,Scoring,,,Scoring,,Goals,,,,Assists,,,,,Ice Time,,-additional
Rk,Player,From,To,Yrs,GP,G,A,PTS,+/-,PIM,EV,PP,SH,GW,EV,PP,SH,S,S%,TOI,ATOI,-9999
1,Ray Bourque*,1980,2000,21,1518,395,1111,1506,493,1087,217,164,14,60,530,553,28,5950,6.6,4159,28:29,bourqra01
2,Johnny Bucyk*,1958,1978,21,1436,545,794,1339,-7,436,384,157,4,88,511,283,0,3087,16.2,,,bucykjo01
3,Patrice Bergeron,2004,2023,19,1294,427,613,1040,289,494,274,131,22,81,392,195,26,3974,10.7,24174,18:41,bergepa01
4,Don Sweeney,1989,2003,15,1052,52,210,262,90,663,42,6,4,12,181,24,5,1279,4.1,7197,18:50,sweendo01
5,David Krejčí,2007,2023,16,1032,231,555,786,166,359,173,54,4,43,398,149,8,1848,12.5,18405,17:50,krejcda01
6,Wayne Cashman,1965,1983,17,1027,277,516,793,278,1039,218,56,3,37,416,99,1,1747,15.9,,,cashmwa01
7,Zdeno Chára,2007,2020,14,1023,148,333,481,240,1055,75,69,4,24,219,99,15,2405,6.2,25106,24:33,charazd01
8,Brad Marchand,2010,2023,14,947,372,490,862,290,973,267,72,33,71,333,136,21,2410,15.4,16970,17:55,marchbr03
9,Terry O'Reilly,1972,1985,14,891,204,402,606,222,2095,182,18,4,32,351,48,3,1252,16.3,,,oreilte01
10,Rick Middleton,1977,1988,12,881,402,496,898,220,124,275,102,25,52,337,141,18,2007,20.0,,,middlri01
11,Don Marcotte,1966,1982,15,868,230,254,484,191,317,193,16,21,30,220,13,21,1554,14.8,,,marcodo01
12,Dallas Smith,1960,1977,15,860,54,248,302,331,932,48,1,5,5,230,6,12,1372,3.9,,,smithda01
13,Dit Clapper*,1928,1947,20,835,229,248,477,,452,107,13,2,45,158,19,3,,,,,clappdi01
14,P.J. Axelsson,1998,2009,11,797,103,184,287,-26,276,83,10,10,14,154,21,9,1359,7.6,11652,16:18,axelspj01
15,Milt Schmidt*,1937,1955,16,776,229,346,575,,466,194,31,4,35,276,67,3,,,,,schmimi01
16,Woody Dumart*,1936,1954,16,774,211,219,430,,99,191,18,2,34,195,23,1,,,,,dumarwo01
17,Mike Milbury,1976,1987,12,754,49,189,238,175,1552,45,2,2,7,169,12,8,792,6.2,,,milbumi01
18,Ed Westfall,1962,1972,11,733,126,213,339,64,410,103,5,18,18,171,13,29,1287,9.8,,,westfed01
19,Leo Boivin*,1955,1966,12,717,47,164,211,-139,768,40,3,4,4,136,23,5,785,3.8,,,boivile01
20,Doug Mohns,1954,1964,11,711,118,229,347,-154,677,84,33,1,19,134,93,2,691,9.3,,,mohnsdo01
21,Fern Flaman*,1945,1961,14,683,30,147,177,-16,1004,23,6,1,6,133,11,3,97,4.1,,,flamafe01
22,Jerry Toppazzini,1953,1964,11,661,151,218,369,-70,329,110,21,20,16,152,52,14,753,9.3,1,,toppaje01
23,Ken Hodge,1968,1976,9,652,289,385,674,264,620,207,80,2,47,293,88,4,1776,16.3,,,hodgeke01
24,Bobby Orr*,1967,1976,10,631,264,624,888,574,924,174,74,16,26,357,236,31,2985,8.8,,,orrbo01
25,Hal Gill,1998,2006,8,626,20,77,97,41,588,20,0,0,2,72,1,4,780,2.6,11022,19:45,gillha01
26,Phil Esposito*,1968,1976,9,625,459,553,1012,306,512,289,150,20,77,333,210,10,3223,14.2,,,esposph01
27,Ted Green,1961,1972,11,621,48,206,254,-47,1029,31,17,0,2,162,39,5,902,5.3,,,greente01
28,Gary Doak,1966,1981,14,610,20,81,101,110,656,18,2,0,5,77,3,1,527,3.8,,,doakga01
29,Keith Crowder,1981,1989,9,607,219,258,477,129,1261,155,64,0,26,193,65,0,1179,18.6,,,crowdke01
30,Peter McNab,1977,1984,8,595,263,324,587,148,111,201,61,1,40,235,88,1,1440,18.3,,,mcnabpe01
31,Don McKenney,1955,1963,9,592,195,267,462,-74,183,150,42,3,22,194,72,1,608,13.5,,,mckendo01
32,David Pastrňák,2015,2023,9,592,301,316,617,120,253,200,101,0,55,215,101,0,2118,14.2,10578,17:52,pastrda01
33,Leo Labine,1952,1961,10,571,123,180,303,-21,670,98,25,0,18,146,34,0,305,7.5,,,labinle01
34,Glen Murray,1992,2008,10,570,209,180,389,12,408,152,56,1,37,131,45,4,1583,13.2,8544,20:15,murragl01
35,Milan Lucic,2008,2015,8,566,139,203,342,94,772,119,20,0,26,164,39,0,952,14.6,8909,15:44,lucicmi01
36,Steve Kasper,1981,1989,9,564,135,220,355,-44,450,97,22,16,14,183,23,14,1032,13.1,,,kaspest01
37,Jack Crawford,1938,1950,13,547,38,140,178,,202,34,3,1,5,123,14,3,,,,,crawfja01
38,Johnny Peirson,1947,1958,11,544,153,173,326,,309,120,31,2,31,129,43,1,,,,,peirsjo01
39,Don Awrey,1964,1973,10,543,21,87,108,105,830,19,2,0,1,82,3,2,617,3.4,,,awreydo01
40,Bob Armstrong,1951,1962,11,541,13,86,99,-38,671,11,2,0,1,66,15,5,216,3.2,,,armstbo01
41,Eddie Shore*,1927,1940,14,541,103,176,279,,1090,22,1,1,22,57,24,1,,,,,shoreed01
42,Glen Wesley,1988,1994,7,537,77,230,307,40,421,38,33,6,8,85,139,6,1363,5.6,,,weslegl01
43,Joe Thornton,1998,2006,8,532,169,285,454,25,617,110,56,3,27,202,82,1,1108,15.3,9752,20:27,thornjo01
44,Ted Donato,1992,2004,9,528,119,147,266,9,297,81,29,9,16,101,38,8,870,13.7,799,10:23,donatte01
45,Cam Neely*,1987,1996,10,525,344,246,590,137,921,214,129,1,56,174,71,1,1810,19.0,,,neelyca01
46,Torey Krug,2012,2020,9,523,67,270,337,23,220,42,24,1,14,134,136,0,1335,5.0,10626,20:19,krugto01
47,Steve Heinze,1992,2000,9,515,131,108,239,13,275,99,24,8,23,87,17,4,1104,11.9,2274,15:22,heinzst01
48,Fleming Mackell,1952,1960,9,514,127,185,312,-10,477,88,27,12,22,137,38,10,91,7.7,,,mackefl01
49,Sergei Samsonov,1998,2006,8,514,164,212,376,41,103,129,35,0,30,134,77,1,1133,14.5,7650,17:40,samsose01
50,Rick Smith,1969,1980,8,513,36,125,161,241,389,36,0,0,5,119,3,3,633,5.7,,,smithri01
51,Bill Cowley*,1936,1947,12,508,190,347,537,,133,166,24,0,33,320,27,0,,,,,cowlebi01
52,Brad Park*,1976,1983,8,501,100,317,417,233,553,50,48,2,14,174,140,3,1272,7.9,,,parkbr01
53,Shawn Thornton,2008,2014,7,480,34,42,76,-7,748,33,0,1,6,42,0,0,733,4.6,4359,9:05,thornsh01
54,Brandon Carlo,2017,2023,7,478,24,62,86,104,265,22,0,2,1,56,1,5,653,3.7,9522,19:55,carlobr01
55,Adam McQuaid,2010,2018,9,462,13,53,66,60,652,13,0,0,3,51,0,2,375,3.5,7533,16:18,mcquaad01
56,Bill Quackenbush*,1950,1956,7,461,22,133,155,,46,20,1,1,4,85,41,7,,,,,quackbi01
57,John McKenzie,1966,1972,7,454,169,227,396,46,710,116,50,3,29,142,83,2,1045,16.2,,,mckenjo01
58,Fred Stanfield,1968,1973,6,448,135,274,409,72,82,92,43,0,14,170,104,0,1318,10.2,,,stanffr01
59,Ed Sandford,1948,1955,8,442,94,136,230,,299,82,12,0,15,114,21,1,,,,,sandfed01
60,Murray Oliver,1961,1967,7,429,116,216,332,-147,175,89,27,0,14,170,46,0,1337,8.7,,,olivemu01
61,Mike O'Connell,1981,1986,6,424,70,199,269,64,312,36,31,3,8,113,80,6,1054,6.6,,,oconnmi01
62,Jozef Stümpel,1992,2003,8,424,75,206,281,-3,80,58,17,0,11,149,57,0,648,11.6,2778,18:31,stumpjo01
63,Jean Ratelle*,1976,1981,6,419,155,295,450,128,84,98,55,2,22,220,72,3,871,17.8,,,ratelje01
64,Kyle McLaren,1996,2002,7,417,34,90,124,8,370,25,9,0,4,69,15,6,630,5.4,5012,22:53,mclarky01
65,Gregg Sheppard,1973,1978,6,416,155,220,375,148,130,116,23,16,26,158,52,10,1199,12.9,,,sheppgr01
66,Murray Henderson,1945,1952,8,405,24,62,86,,305,23,1,0,1,56,5,1,,,,,hendemu01
67,Dennis Seidenberg,2010,2016,7,401,23,94,117,54,164,21,2,0,7,71,21,2,682,3.4,9053,22:35,seidede01
68,Stan Jonathan,1976,1983,8,392,91,107,198,76,738,89,2,0,10,100,6,1,468,19.4,,,jonatst01
69,Tommy Williams,1962,1969,8,391,96,136,232,-49,111,83,13,0,13,120,16,0,819,11.7,,,willito01
70,Ken Linseman,1985,1990,6,389,125,247,372,115,744,86,37,2,18,157,85,5,744,16.8,,,linseke01
71,Derek Sanderson,1966,1974,9,389,135,159,294,135,686,100,11,24,14,131,9,19,1082,12.5,,,sandede01
72,Dave Reid,1984,1996,10,387,89,92,181,50,115,65,10,14,12,73,11,8,668,13.3,,,reidda02
73,Jake DeBrusk,2018,2023,6,385,119,107,226,47,83,91,28,0,29,83,23,1,927,12.8,5990,15:34,debruja01
74,Matt Grzelcyk,2017,2023,7,382,23,101,124,124,200,20,3,0,6,76,24,1,588,3.9,6927,18:08,grzelma01
75,Bob Sweeney,1987,1992,6,382,81,112,193,-8,509,63,13,5,19,92,16,4,581,13.9,,,sweenbo01
76,Charlie McAvoy,2018,2023,6,380,41,189,230,140,297,29,11,1,13,138,48,3,620,6.6,8784,23:07,mcavoch01
77,Barry Pederson,1981,1992,7,379,166,251,417,87,248,104,52,10,30,144,105,2,934,17.8,,,pederba01
78,Lionel Hitchman,1925,1934,10,378,25,27,52,,511,1,0,0,4,0,0,0,,,,,hitchli01
79,Vic Stasiuk,1956,1961,6,378,125,166,291,-10,457,92,32,1,18,136,29,1,256,13.3,,,stasivi01
80,Daniel Paille,2010,2015,6,375,50,45,95,-3,81,42,0,8,4,42,1,2,459,10.9,4491,11:59,paillda01
81,Andrew Ference,2007,2013,7,373,16,78,94,24,278,15,1,0,1,61,13,4,483,3.3,7465,20:01,ferenan01
82,Adam Oates*,1992,1997,6,368,142,357,499,22,123,79,56,7,23,209,137,11,954,14.9,,,oatesad01
83,Cooney Weiland*,1929,1939,8,365,131,107,238,,125,30,5,3,31,40,2,2,,,,,weilaco01
84,Randy Burridge,1986,1991,6,359,108,115,223,53,275,83,20,5,17,80,30,5,692,15.6,,,burrira01
85,Brian Rolston,2000,2012,6,359,104,147,251,30,144,64,24,16,21,80,59,8,1260,8.3,7088,19:45,rolstbr01
86,Gregory Campbell,2011,2015,5,358,39,52,91,12,306,34,1,4,5,45,3,4,372,10.5,4557,12:44,campbgr01
87,Bobby Schmautz,1974,1980,7,354,134,161,295,90,444,103,27,4,22,110,47,4,1049,12.8,,,schmabo01
88,Flash Hollett,1936,1944,9,353,84,115,199,,198,76,6,2,15,89,23,3,,,,,hollefl01
89,Harry Oliver*,1927,1934,8,353,109,59,168,,129,5,0,0,27,9,0,0,,,,,oliveha01
90,Kevan Miller,2014,2021,7,352,13,58,71,79,281,13,0,0,3,54,1,3,314,4.1,6494,18:27,milleke03
91,Real Chevrefils,1952,1959,8,349,101,93,194,,161,85,15,1,16,73,20,0,,,,,chevrre01
92,Percy Galbraith,1927,1934,8,346,31,29,60,,238,2,0,0,5,0,0,0,,,,,galbrpe01
93,Allen Pedersen,1987,1991,5,333,4,31,35,-2,408,4,0,0,0,29,1,1,189,2.1,,,pederal01
94,Ken Smith,1945,1951,7,331,78,93,171,,49,66,9,3,12,75,18,0,,,,,smithke01
95,Bobby Bauer*,1937,1952,9,327,123,136,259,,38,108,15,0,21,124,10,2,,,,,bauerbo01
96,Hal Laycoe,1951,1956,6,326,20,52,72,,178,18,0,2,5,46,4,2,,,,,laycoha01
97,Johnny Boychuk,2009,2014,6,317,19,56,75,88,198,18,1,0,4,48,4,4,638,3.0,6405,20:12,boychjo01
98,Herb Cain,1940,1946,7,316,140,118,258,,81,128,8,4,20,108,8,2,,,,,cainhe01
99,Al Sims,1974,1979,6,311,22,48,70,132,172,22,0,0,4,38,8,2,459,4.8,,,simsal01
100,Art Jackson,1938,1945,7,308,94,134,228,,103,81,10,3,11,120,13,1,,,,,jacksar01
101,Mike Knuble,2000,2004,5,307,69,76,145,44,164,54,14,1,11,58,18,0,574,12.0,4512,14:42,knublmi01
102,Charlie Coyle,2019,2023,5,306,56,92,148,26,107,48,4,4,10,74,13,5,536,10.4,5162,16:52,coylech01
103,Marc Savard,2007,2011,5,304,74,231,305,4,275,44,29,1,13,125,102,4,770,9.6,5935,19:31,savarma01
104,Marco Sturm,2006,2010,5,302,106,87,193,24,156,69,33,4,14,54,32,1,833,12.7,5387,17:50,sturmma01
105,Jason Allison,1997,2001,5,301,105,189,294,32,242,76,25,4,18,95,91,3,595,17.6,4548,22:38,allisja02
106,Nick Boynton,2000,2006,6,299,22,62,84,30,397,17,2,3,4,51,10,1,570,3.9,6311,21:06,boyntni01
107,Gord Kluzak,1983,1991,7,299,25,98,123,39,541,16,8,1,3,56,41,1,467,5.4,,,kluzago01
108,Nevin Markwart,1984,1992,8,299,39,67,106,-4,769,38,1,0,6,61,2,4,235,16.6,,,markwne01
109,Dave Creighton,1949,1954,6,295,72,65,137,,76,57,15,0,7,55,10,0,,,,,creigda01
110,Pat Egan,1944,1949,6,294,47,85,132,,415,39,7,1,4,71,13,1,,,,,eganpa01
111,Steve Leach,1992,1996,5,293,76,83,159,-31,501,52,24,0,12,58,24,1,794,9.6,,,leachst01
112,Tom Fergus,1982,1985,4,289,98,138,236,65,138,82,16,0,13,112,26,0,596,16.4,,,ferguto01
113,Chris Kelly,2011,2016,6,288,43,58,101,35,143,36,2,5,8,57,0,1,375,11.5,4267,14:49,kellych01
114,Red Beattie,1931,1938,8,286,58,79,137,,124,35,5,0,10,49,7,0,,,,,beattre01
115,Dave Forbes,1974,1977,4,283,53,52,105,60,220,47,0,6,5,48,1,3,374,14.2,,,forbeda01
116,Mark Stuart,2006,2011,6,283,13,27,40,37,284,13,0,0,3,25,2,0,207,6.3,4440,15:41,stuarma01
117,Cal Gardner,1954,1957,4,280,57,83,140,,225,42,15,0,12,63,19,1,,,,,gardnca01
118,Marty Barry*,1930,1935,6,279,129,89,218,,167,42,4,0,17,31,2,0,,,,,barryma01
119,Rob DiMaio,1997,2000,4,272,35,62,97,-49,301,31,1,3,6,52,6,4,478,7.3,2024,16:44,dimairo01
120,Jean-Guy Gendron,1959,1964,5,270,66,62,128,-37,228,58,8,0,3,49,11,2,404,12.6,,,gendrje01
121,Sean Kuraly,2017,2021,5,270,24,44,68,-12,134,24,0,0,6,40,1,3,462,5.2,3549,13:09,kuralse01
122,Bob Miller,1978,1981,4,263,55,82,137,41,143,51,1,3,8,76,3,3,444,12.4,,,millebo01
123,Carol Vadnais,1972,1976,5,263,47,134,181,67,433,33,14,0,6,76,55,3,665,7.1,,,vadnaca01
124,Charlie Burns,1960,1963,4,262,48,70,118,-58,122,36,2,10,8,64,1,5,521,9.2,,,burnsch01
125,Craig Janney,1988,1992,5,262,85,198,283,45,44,58,26,1,14,112,86,0,452,18.8,,,jannecr01
126,Lyndon Byers,1984,1992,9,261,24,42,66,-2,959,24,0,0,2,42,0,0,220,10.9,,,byersly01
127,Warren Godfrey,1953,1963,4,261,9,48,57,-23,227,7,1,1,0,44,4,0,65,3.1,,,godfrwa01
128,Geoff Courtnall,1984,1988,5,259,78,81,159,14,368,66,12,0,10,63,18,0,648,12.0,,,courtge01
129,Garry Galley,1989,1992,4,257,24,82,106,-8,322,18,5,1,0,56,26,0,466,5.2,,,gallega01
130,Dennis Wideman,2007,2010,4,256,33,86,119,26,165,15,17,1,5,43,41,2,514,6.4,6121,23:55,widemde01
131,Ryan Spooner,2013,2018,6,253,41,101,142,-5,59,28,13,0,11,62,38,1,496,8.3,3629,14:21,spoonry01
132,Dwight Foster,1978,1987,6,252,51,82,133,24,165,40,6,5,7,72,8,2,287,17.8,,,fostedw01
133,John Wensink,1977,1980,4,248,57,55,112,56,429,56,1,0,9,53,2,0,357,16.0,,,wensijo01
134,Dick Redmond,1979,1982,4,235,36,79,115,35,124,18,16,2,6,41,37,1,476,7.6,,,redmodi01
135,Michael Ryder,2009,2011,3,235,63,64,127,30,87,38,25,0,14,48,16,0,541,11.6,3503,14:54,rydermi01
136,Ace Bailey,1969,1973,5,232,31,46,77,41,289,26,2,3,3,45,0,1,264,11.7,,,bailega01
137,Connor Clifton,2019,2023,5,232,10,33,43,37,157,9,0,1,0,32,0,1,263,3.8,3942,16:59,cliftco01
138,Ed Kryzanowski,1949,1952,4,232,15,22,37,,65,10,4,1,3,17,4,1,,,,,kryzaed01
139,Sean O'Donnell,2002,2004,3,232,5,47,52,45,275,4,1,0,3,35,7,5,245,2.0,5222,22:30,odonnse01
140,Brad McCrimmon,1980,1982,3,228,17,37,54,30,325,15,2,0,2,35,1,1,340,5.0,,,mccribr01
141,André Savard,1974,1976,3,228,52,62,114,36,144,52,0,0,6,60,2,0,419,12.4,,,savaran01
142,Bronco Horvath,1958,1961,4,227,103,112,215,-19,204,67,36,0,13,85,27,0,351,15.4,,,horvabr01
143,Loui Eriksson,2014,2016,3,224,62,85,147,28,32,42,18,2,11,61,21,3,468,13.2,4102,18:19,erikslo01
144,Paul Ronty,1948,1951,4,224,56,98,154,,39,41,15,0,6,85,12,1,,,,,rontypa01
145,Don Gallinger,1943,1948,5,222,65,88,153,,89,60,5,0,10,82,6,0,,,,,gallido01
146,Phil Kessel,2007,2009,3,222,66,60,126,5,56,52,14,0,9,47,13,0,615,10.7,3392,15:17,kesseph01
147,Forbes Kennedy,1963,1966,4,221,30,45,75,-41,237,24,1,5,3,41,2,2,262,11.5,,,kennefo01
148,Blake Wheeler,2009,2011,3,221,50,60,110,40,131,41,6,3,7,49,9,2,410,12.2,3286,14:52,wheelbl01
149,Danton Heinen,2017,2020,4,220,34,69,103,23,42,27,6,1,8,50,19,0,346,9.8,3161,14:22,heineda01
150,Darren Van Impe,1998,2001,4,220,15,56,71,-29,216,3,12,0,0,20,35,1,279,5.4,3241,19:04,vanimda01
151,David Backes,2017,2020,4,217,39,55,94,2,169,32,7,0,5,40,14,1,490,8.0,3194,14:43,backeda01
152,Bruce Crowder,1982,1984,3,217,43,44,87,23,133,41,2,0,1,40,4,0,297,14.5,,,crowdbr01
153,Craig MacTavish,1980,1984,5,217,44,66,110,40,74,37,7,0,7,62,4,0,357,12.3,,,mactacr01
154,Jay Miller,1986,1989,4,216,13,20,33,-25,858,13,0,0,1,20,0,0,105,12.4,,,milleja02
155,Darryl Edestrand,1974,1978,5,215,8,37,45,37,195,6,2,0,3,34,3,0,311,2.6,,,edestda01
156,Charlie Sands,1935,1939,5,212,63,41,104,,34,61,2,0,12,35,5,1,,,,,sandsch01
157,Anson Carter,1997,2000,4,211,70,73,143,15,69,52,17,1,12,52,21,0,497,14.1,2241,19:40,cartean01
158,Michael Thelvén,1986,1990,5,207,20,80,100,29,217,13,6,1,1,45,33,2,348,5.7,,,thelvmi01
159,Martin Lapointe,2002,2004,3,205,40,43,83,-12,255,26,14,0,5,34,9,0,387,10.3,3213,15:40,lapoima01
160,Lorne Ferguson,1950,1956,5,204,47,41,88,,87,37,8,2,6,36,4,1,,,,,fergulo01
161,Tyler Seguin,2011,2013,3,203,56,65,121,53,64,46,10,0,9,51,14,0,534,10.5,3092,15:14,seguity01
162,Jim Wiemer,1990,1994,5,201,11,47,58,22,259,11,0,0,2,38,9,0,283,3.9,,,wiemeji01
163,Trent Frederic,2019,2023,5,198,29,25,54,25,194,29,0,0,10,24,0,1,284,10.2,2267,11:27,fredetr01
164,Charlie Simmer,1985,1987,3,198,98,94,192,47,136,61,37,0,14,67,27,0,407,24.1,,,simmech01
165,Bep Guidolin,1943,1947,4,195,49,70,119,,246,47,1,1,4,63,7,0,,,,,guidobe01
166,Brent Hughes,1992,1995,4,191,25,22,47,13,511,24,1,0,2,22,0,0,239,10.5,,,hughebr02
167,Ed Harrison,1948,1951,4,189,26,24,50,,51,22,4,0,6,23,1,0,,,,,harried01
168,Jack Portland,1935,1940,6,188,7,20,27,,148,6,1,0,2,16,2,2,,,,,portlja01
169,Bobby Carpenter,1989,1992,4,187,63,71,134,0,175,48,14,1,13,48,21,2,491,12.8,,,carpebo01
170,Jack Shewchuk,1939,1945,6,187,9,19,28,,160,8,1,0,0,16,2,1,,,,,shewcja01
171,Chris Wagner,2019,2023,5,186,20,14,34,-15,122,18,0,2,1,14,0,0,272,7.4,2364,12:42,wagnech01
172,John Carter,1986,1991,6,185,33,41,74,8,120,23,7,3,3,35,5,1,321,10.3,,,cartejo01
173,Andrew Alberts,2006,2008,3,184,1,18,19,-8,231,0,0,1,0,16,1,1,96,1.0,3153,17:08,alberan01
174,Greg Johnston,1984,1990,6,183,26,28,54,-5,119,25,0,1,7,26,1,1,257,10.1,,,johnsgr01
175,George Owen,1929,1933,5,183,44,33,77,,151,,,,6,,,,,,,,owenge01
176,Noel Acciari,2016,2019,4,180,18,13,31,-10,80,17,0,1,2,13,0,0,207,8.7,2199,12:13,acciano01
177,Mark Recchi*,2009,2011,3,180,42,65,107,14,71,24,18,0,10,45,19,1,316,13.3,2981,16:34,recchma01
178,Dougie Hamilton,2013,2015,3,178,22,61,83,23,95,13,9,0,3,45,16,0,385,5.7,3477,19:32,hamildo01
179,Rob Zamuner,2002,2004,3,178,26,24,50,11,58,20,4,2,1,23,0,1,241,10.8,2093,11:46,zamunro01
180,Andy Brickley,1989,1992,4,177,37,76,113,17,38,24,13,0,5,57,18,1,223,16.6,,,brickan01
181,David Shaw,1993,1995,3,176,14,27,41,-10,229,11,2,1,1,20,5,2,287,4.9,,,shawda01
182,Dean Prentice,1963,1966,4,170,50,56,106,-40,63,35,13,2,7,46,10,0,447,11.2,,,prentde01
183,Craig Smith,2021,2023,3,170,33,45,78,27,60,29,4,0,5,38,7,0,370,8.9,2301,13:32,smithcr01
184,John Blum,1984,1990,5,169,5,22,27,7,443,5,0,0,1,22,0,0,85,5.9,,,blumjo01
185,Wayne Connelly,1962,1967,4,169,25,38,63,-47,58,23,2,0,1,33,5,0,313,8.0,,,connewa01
186,Nathan Horton,2011,2013,3,169,56,51,107,30,161,44,12,0,6,46,5,0,392,14.3,2761,16:20,hortona01
187,Mike Walton,1971,1979,4,168,60,57,117,42,92,54,6,0,7,48,9,0,423,14.2,,,waltomi01
188,Roy Conacher*,1939,1946,5,166,94,52,146,,40,86,8,0,21,48,3,1,,,,,conacro01
189,Vladimír Růžička,1991,1993,3,166,66,66,132,-15,105,37,29,0,8,38,28,0,425,15.5,,,ruzicvl01
190,Al Secord,1979,1981,3,166,39,26,65,29,337,38,1,0,2,24,2,0,246,15.9,,,secoral01
191,Dave Poulin,1990,1993,4,165,34,68,102,43,117,25,0,9,1,58,5,5,245,13.9,,,poulida02
192,Dutch Gainor,1928,1931,4,164,48,43,91,,118,,,,9,,,,,,,,gainodu01
193,Randy Hillier,1982,1984,3,164,3,30,33,12,253,3,0,0,0,29,1,0,125,2.4,,,hillira01
194,Matt Hunwick,2008,2011,4,164,13,32,45,2,76,11,1,1,2,23,9,0,150,8.7,2760,16:50,hunwima01
195,Larry Regan,1957,1959,3,164,30,53,83,,61,25,4,1,5,41,11,1,,,,,reganla01
196,Reilly Smith,2014,2015,2,163,33,58,91,35,34,26,7,0,3,40,18,0,289,11.4,2453,15:03,smithre01
197,Mats Thelin,1985,1987,3,163,8,19,27,3,176,6,2,0,2,14,4,1,161,5.0,,,thelima01
198,Mike Krushelnyski,1982,1984,3,162,51,65,116,45,100,39,7,5,2,59,4,2,324,15.7,,,krushmi01
199,Joé Juneau,1992,1994,3,161,51,142,193,40,72,36,15,0,5,82,60,0,409,12.5,,,juneajo01
200,Dmitri Khristich,1998,1999,2,161,58,79,137,36,90,29,26,3,7,62,17,0,288,20.1,1562,19:46,khrisdm01
201,Carl Söderberg,2013,2015,3,161,29,65,94,12,68,19,10,0,6,51,14,0,298,9.7,2508,15:35,soderca01
202,Art Chapman,1931,1934,4,159,24,29,53,,61,3,0,0,4,2,0,0,,,,,chapmar01
203,Taylor Hall,2021,2023,3,158,44,67,111,37,68,32,12,0,9,54,13,0,415,10.6,2557,16:11,hallta02
204,Chuck Kobasew,2007,2010,4,158,44,40,84,3,112,28,13,3,6,32,8,0,313,14.1,2578,16:19,kobasch01
205,Stéphane Quintal,1989,1992,4,158,8,19,27,-22,217,7,1,0,0,14,4,1,172,4.7,,,quintst01
206,Riley Nash,2017,2018,2,157,22,36,58,15,32,19,2,1,3,33,1,2,238,9.2,2289,14:35,nashri02
207,Bob Woytowich,1965,1967,3,154,6,34,40,-72,134,6,0,0,1,28,4,2,165,3.6,,,woytobo01
208,Nels Stewart*,1933,1937,4,153,64,55,119,,181,37,9,0,13,31,6,0,,,,,stewane01
209,Ken Baumgartner,1998,1999,2,151,1,4,5,-20,318,1,0,0,0,4,0,0,43,2.3,354,5:08,baumgke01
210,Jonathan Girard,1999,2003,5,150,10,34,44,6,46,6,4,0,3,19,14,1,213,4.7,2575,17:10,girarjo01
211,Joe Klukay,1953,1955,3,150,33,33,66,,51,27,4,2,9,30,3,0,,,,,klukajo01
212,Jon Rohloff,1995,1997,3,150,7,25,32,-21,129,5,2,0,1,13,10,2,226,3.1,,,rohlojo01
213,Aaron Ward,2007,2009,3,150,9,17,26,17,116,8,0,1,3,13,4,0,138,6.5,3017,20:07,wardaa01
214,Peter Douris,1990,1993,4,148,24,25,49,10,38,21,2,1,2,25,0,0,249,9.6,,,douripe01
215,Terry Reardon,1939,1947,4,148,24,30,54,,57,23,1,0,2,29,0,1,,,,,reardte01
216,Travis Green,2004,2006,2,146,21,17,38,-8,146,17,2,2,3,15,0,2,222,9.5,2213,15:10,greentr01
217,Glen Sather*,1967,1969,3,146,12,23,35,12,101,9,0,3,2,19,1,3,113,10.6,,,sathegl01
218,Mattias Timander,1997,2000,4,146,2,23,25,-25,52,2,0,0,0,17,6,0,140,1.4,1033,12:36,timanma01
219,Brad Boyes,2006,2007,2,144,39,64,103,-6,55,29,9,1,4,42,21,1,342,11.4,2289,15:54,boyesbr01
220,Matt Beleskey,2016,2018,3,143,18,27,45,-12,129,15,3,0,1,21,6,0,264,6.8,2071,14:29,belesma01
221,Bill Guerin,2001,2002,2,142,69,60,129,-5,213,50,17,2,11,37,23,0,580,11.9,3072,21:38,gueribi01
222,Orland Kurtenbach,1962,1965,3,142,18,45,63,-27,188,15,2,1,2,35,9,1,324,5.6,,,kurteor01
223,Reed Larson,1986,1988,3,141,25,52,77,20,196,9,15,1,2,31,20,1,401,6.2,,,larsore01
224,Tomáš Nosek,2022,2023,2,141,10,25,35,0,80,8,0,2,2,23,0,2,153,6.5,1829,12:58,nosekto01
225,Tim Schaller,2017,2018,2,141,19,17,36,-11,65,16,0,3,2,17,0,0,222,8.6,1813,12:51,schalti01
226,Jim O'Neil,1934,1937,4,140,6,26,32,,105,4,1,1,1,22,4,0,,,,,oneilji01
227,Anders Bjork,2018,2021,4,138,16,23,39,-2,28,13,3,0,0,22,1,0,136,11.8,1726,12:30,bjorkan01
228,André Pronovost,1961,1963,3,138,26,21,47,-47,110,23,3,0,2,20,1,0,262,9.9,,,pronoan01
229,Dave Ellett,1998,1999,2,136,3,26,29,14,92,1,2,0,1,14,11,1,174,1.7,799,14:48,elletda01
230,Bryan Smolinski,1993,1995,3,136,50,36,86,4,113,37,10,3,10,28,7,1,310,16.1,,,smolibr01
231,Shawn Bates,1998,2001,4,135,14,14,28,-29,44,14,0,0,1,12,2,0,166,8.4,1181,9:41,batessh01
232,Bobby Leiter,1963,1969,5,135,20,28,48,-34,85,19,1,0,1,25,3,0,210,9.5,,,leitebo01
233,Dick Meissner,1960,1962,3,135,8,10,18,-59,37,8,0,0,1,10,0,0,172,4.7,,,meissdi01
234,Jordan Caron,2011,2015,5,134,12,16,28,-5,76,12,0,0,1,16,0,0,160,7.5,1474,11:00,caronjo01
235,Greg Hawgood,1988,1990,3,134,27,51,78,15,160,20,7,0,1,34,16,1,260,10.4,,,hawgogr01
236,Vladimír Sobotka,2008,2010,3,134,6,16,22,-16,64,6,0,0,1,16,0,0,126,4.8,1365,10:11,sobotvl01
237,Jimmy Hayes,2016,2017,2,133,15,19,34,-15,89,12,3,0,1,17,2,0,201,7.5,1572,11:49,hayesji01
238,Bobby Lalonde,1980,1981,2,133,14,37,51,18,59,10,1,3,0,30,4,3,133,10.5,,,lalonbo01
239,Ron Murphy,1966,1970,5,133,29,61,90,15,44,24,5,0,3,51,10,0,262,11.1,,,murphro01
240,Sandy Moger,1995,1997,3,132,27,23,50,-22,116,18,9,0,6,20,3,0,189,14.3,,,mogersa01
241,Matt Bartkowski,2011,2015,5,131,0,24,24,13,77,0,0,0,0,24,0,0,169,0.0,2268,17:19,bartkma01
242,Mel Hill,1938,1941,4,131,26,24,50,,41,26,0,0,5,24,0,0,,,,,hillme01
243,Derek Forbort,2022,2023,2,130,9,17,26,14,71,7,0,2,3,16,0,1,102,8.8,2334,17:57,forbode01
244,P.J. Stock,2002,2004,3,130,1,12,13,-7,282,0,1,0,0,11,1,0,51,2.0,747,5:45,stockpj01
245,Landon Wilson,1997,2000,4,130,12,21,33,-9,91,12,0,0,0,18,3,0,201,6.0,628,10:07,wilsola02
246,Allan Stanley*,1957,1958,2,129,12,50,62,,82,8,3,1,2,31,15,4,,,,,stanlal01
247,Dave Christian,1990,1991,2,128,44,38,82,12,49,33,11,0,5,28,10,0,272,16.2,,,chrisda01
248,Ray Getliffe,1936,1939,4,128,37,40,77,,57,33,3,1,8,40,0,0,,,,,getlira01
249,Ron Schock,1964,1967,4,128,17,31,48,-25,26,13,4,0,1,27,4,0,195,8.7,,,schocro01
250,Tim Taylor,1998,1999,2,128,24,18,42,-26,112,20,1,3,1,14,4,0,203,11.8,781,15:56,tayloti01
251,Larry Hillman,1958,1960,3,127,6,30,36,-2,73,4,2,0,1,21,8,1,2,0.0,,,hillmla01
252,Rich Peverley,2011,2013,3,127,21,46,67,10,40,17,3,1,2,28,14,4,247,8.5,2043,16:05,peverri01
253,Aut Erickson,1960,1961,2,126,3,12,15,-21,92,2,1,0,0,12,0,0,96,3.1,,,erickau01
254,Larry Leach,1959,1962,3,126,13,29,42,-12,91,10,3,0,1,26,3,0,130,6.9,,,leachla01
255,Ron Stewart,1966,1967,2,126,34,26,60,-34,50,25,9,0,3,19,6,1,318,10.7,,,stewaro01
256,Dunc Fisher,1951,1953,3,125,24,33,57,,22,22,2,0,3,28,4,1,,,,,fishedu01
257,Mike Gillis,1981,1984,4,125,17,24,41,2,104,17,0,0,1,22,2,0,153,11.1,,,gillimi01
258,Babe Siebert*,1934,1936,3,125,23,33,56,,179,18,5,0,5,25,8,0,,,,,siebeba01
259,Nick Foligno,2022,2023,2,124,12,27,39,5,106,10,2,0,1,23,4,0,170,7.1,1540,12:25,foligni01
260,Gordie Roberts,1993,1994,2,124,6,18,24,10,145,6,0,0,1,15,3,0,59,10.2,,,robergo02
261,Jack McIntyre,1950,1953,3,123,19,35,54,,49,17,2,0,6,32,3,0,,,,,mcintja01
262,Ken Belanger,1999,2001,3,122,5,8,13,-12,317,5,0,0,1,8,0,0,71,7.0,688,5:38,belanke01
263,Tom Johnson*,1964,1965,2,121,4,30,34,-30,63,4,0,0,1,22,5,3,151,2.6,,,johnsto01
264,Eddie Shack,1968,1969,2,120,34,30,64,3,181,29,5,0,9,28,2,0,320,10.6,,,shacked01
265,Pete Babando,1948,1949,2,118,42,25,67,,86,35,7,0,4,21,3,1,,,,,babanpe01
266,Mikko Eloranta,2000,2002,3,118,18,23,41,-9,76,15,2,1,2,20,3,0,163,11.0,1359,11:31,elorami01
267,Gilles Marotte,1966,1967,2,118,10,25,35,-66,166,6,3,1,0,17,8,0,340,2.9,,,marotgi01
268,Joakim Nordström,2019,2020,2,118,11,8,19,-6,30,11,0,0,3,8,0,0,152,7.2,1524,12:55,nordsjo02
269,Brian Curran,1984,1986,3,115,3,7,10,-2,407,3,0,0,0,7,0,0,46,6.5,,,currabr01
270,Bob Joyce,1988,1990,3,115,26,38,64,4,78,17,9,0,3,29,9,0,204,12.7,,,joycebo01
271,Fred O'Donnell,1973,1974,2,115,15,11,26,6,98,15,0,0,3,11,0,0,95,15.8,,,odonnfr01
272,Frank Simonetti,1985,1988,4,115,5,8,13,-9,76,5,0,0,1,7,1,0,75,6.7,,,simonfr01
273,Luc Dufour,1983,1984,2,114,20,15,35,23,154,20,0,0,2,14,1,0,160,12.5,,,dufoulu01
274,Bob Dillabough,1966,1967,2,113,13,25,38,-37,32,12,0,1,2,24,1,0,145,9.0,,,dillabo01
275,Steven Kampfer,2011,2021,5,113,10,15,25,14,44,8,2,0,1,9,6,0,146,6.8,1761,15:35,kampfst01
276,Des Smith,1940,1942,3,113,15,18,33,,164,14,0,1,2,17,1,0,,,,,smithde01
277,Jimmy Herbert,1925,1928,4,112,63,25,88,,179,,,,13,,,,,,,,herbeji01
278,Ken Hodge,1991,1992,2,112,36,40,76,3,30,18,15,3,7,29,10,1,199,18.1,,,hodgeke02
279,Busher Jackson*,1942,1944,3,112,35,43,78,,81,33,2,0,4,41,2,0,,,,,jacksbu01
280,Dmitri Kvartalnov,1993,1994,2,112,42,49,91,0,26,27,15,0,4,27,22,0,294,14.3,,,kvartdm01
281,Wayne Carleton,1970,1971,2,111,28,43,71,43,67,28,0,0,6,38,5,0,244,11.5,,,carlewa01
282,Shane Hnidy,2008,2011,3,111,4,13,17,0,88,2,1,1,1,13,0,0,80,5.0,1693,15:15,hnidysh01
283,Pit Martin,1966,1967,2,111,36,33,69,-30,50,30,6,0,2,24,9,0,282,12.8,,,martipi01
284,Hank Nowak,1975,1977,3,111,18,15,33,11,81,18,0,0,3,15,0,0,134,13.4,,,nowakha01
285,Eddie Wiseman,1940,1942,3,111,30,52,82,,18,26,3,1,7,47,5,0,,,,,wisemed01
286,Shawn McEachern,1996,2006,2,110,26,35,61,-17,56,20,4,2,3,31,3,1,278,9.4,402,14:20,mceacsh01
287,Andrei Nazarov,2001,2002,2,110,1,6,7,-16,364,1,0,0,0,6,0,0,68,1.5,665,6:03,nazaran01
288,Sprague Cleghorn*,1926,1928,3,109,15,11,26,,151,,,,3,,,,,,,,cleghsp01
289,Bob McCord,1964,1965,2,108,1,15,16,-27,70,0,1,0,0,14,1,0,145,0.7,,,mccorbo01
290,Frank Vatrano,2016,2018,3,108,20,11,31,-9,50,16,4,0,2,10,1,0,257,7.8,1293,11:58,vatrafr01
291,Gord Murphy,1992,2002,3,106,8,20,28,-9,126,5,3,0,2,15,5,0,160,5.0,218,14:32,murphgo01
292,Gord Pettinger,1938,1940,3,106,20,28,48,,20,17,1,2,2,26,2,0,,,,,pettigo01
293,Colin Miller,2016,2017,2,103,9,20,29,0,94,8,1,0,0,14,6,0,144,6.3,1628,15:48,milleco02
294,Brad Stuart,2006,2007,2,103,17,31,48,-28,64,10,7,0,4,17,11,3,196,8.7,2512,24:24,stuarbr02
295,Jarno Kultanen,2001,2003,3,102,2,11,13,-3,59,2,0,0,1,7,4,0,110,1.8,1721,16:52,kultaja01
296,Bill O'Dwyer,1988,1990,3,102,8,13,21,-9,93,7,1,0,1,11,0,2,123,6.5,,,odwyebi01
297,Red Sullivan,1950,1953,3,102,15,21,36,,32,9,4,2,2,14,7,0,,,,,sullire01
298,Reggie Fleming,1965,1966,2,101,22,29,51,-20,182,19,1,2,5,23,4,2,243,9.1,,,flemire01
299,Wayne Primeau,2006,2007,2,101,13,16,29,-25,115,10,2,1,1,14,2,0,138,9.4,1633,16:10,primewa01
300,Billy Stuart,1925,1927,3,101,14,4,18,,95,,,,3,,,,,,,,stuarbi01
301,Mariusz Czerkawski,1994,2006,4,100,23,22,45,-13,45,20,3,0,2,14,8,0,231,10.0,192,12:01,czerkma01
302,Pete Horeck,1950,1951,2,100,15,18,33,,79,10,4,1,0,14,2,2,,,,,horecpe01
303,Glen Featherstone,1992,1994,3,99,7,13,20,-1,274,6,1,0,1,12,1,0,96,7.3,,,feathgl01
304,Jack McGill,1942,1947,4,98,23,36,59,,42,22,1,0,3,31,5,0,,,,,mcgilja02
305,Cliff Pennington,1962,1963,2,98,16,42,58,-44,6,13,3,0,1,23,19,0,193,8.3,,,pennicl01
306,John Moore,2019,2022,4,97,6,13,19,-3,43,4,2,0,1,10,2,1,145,4.1,1770,18:15,moorejo01
307,Jimmy Peters,1948,1949,2,97,28,29,57,,44,26,1,1,3,26,3,0,,,,,peterji01
308,Michal Grošek,2003,2004,2,96,5,20,25,3,104,5,0,0,1,19,1,0,98,5.1,881,9:11,grosemi01
309,Marty McInnis,2002,2003,2,96,11,13,24,-12,46,11,0,0,2,9,4,0,147,7.5,1432,14:55,mcinnma01
310,Murray Costello*,1955,1956,2,95,10,17,27,,44,7,2,1,0,15,1,1,,,,,costemu01
311,Mike Reilly,2021,2023,3,95,4,22,26,6,38,3,0,1,0,19,3,0,178,2.2,1810,19:03,reillmi01
312,Dean Chynoweth,1996,1998,3,94,2,8,10,-17,259,2,0,0,0,8,0,0,63,3.2,,,chynode01
313,Leroy Goldsworthy,1937,1938,2,93,17,16,33,,22,14,2,1,7,16,0,0,,,,,goldsle01
314,Milan Jurčina,2006,2007,2,91,8,6,14,-2,74,6,2,0,1,6,0,0,93,8.6,1268,13:56,jurcimi01
315,Tim Sweeney,1993,1997,3,91,19,26,45,5,34,16,3,0,4,20,5,1,127,15.0,,,sweenti01
316,Todd Elik,1996,1997,2,90,17,45,62,-10,56,10,7,0,2,34,11,0,180,9.4,,,elikto01
317,Matti Hagman,1977,1978,2,90,15,18,33,5,2,11,4,0,1,15,3,0,84,17.9,,,hagmama01
318,Joe Lamb,1933,1934,2,90,21,23,44,,115,9,1,0,4,15,0,0,,,,,lambjo01
319,Hampus Lindholm,2022,2023,2,90,10,48,58,59,60,9,1,0,2,31,17,0,181,5.5,2078,23:05,lindhha01
320,Dan McGillis,2003,2004,2,90,5,24,29,1,75,4,1,0,2,16,8,0,135,3.7,1789,19:53,mcgilda01
321,Petteri Nokelainen,2008,2009,2,90,7,6,13,-1,29,7,0,0,1,6,0,0,70,10.0,791,8:47,nokelpe01
322,Jeremy Reich,2007,2008,2,90,2,3,5,-15,141,2,0,0,1,2,0,1,66,3.0,742,8:15,reichje01
323,Pat Stapleton,1962,1963,2,90,2,8,10,-69,50,2,0,0,0,8,0,0,114,1.8,,,staplpa01
324,Cameron Mann,1998,2001,4,89,14,10,24,-5,40,12,2,0,1,9,1,0,113,12.4,890,11:08,mannca01
325,Brent Ashton,1992,1993,2,87,19,24,43,-4,58,12,6,1,1,20,4,0,150,12.7,,,ashtobr01
326,Skip Krake,1964,1968,4,87,11,9,20,4,17,6,2,3,0,6,2,1,81,13.6,,,krakesk01
327,Curtis Lazar,2021,2022,2,87,10,10,20,-4,22,10,0,0,0,9,0,1,115,8.7,1057,12:09,lazarcu01
328,Kraig Nienhuis,1986,1988,3,87,20,16,36,-16,39,15,5,0,2,12,4,0,148,13.5,,,nienhkr01
329,Jim Morrison,1952,1959,2,84,8,19,27,,44,6,2,0,1,14,5,0,,,,,morriji01
330,Phil Maloney,1950,1951,2,83,17,31,48,,8,14,3,0,0,28,3,0,,,,,malonph01
331,Dennis O'Brien,1978,1980,3,83,4,11,15,16,138,4,0,0,0,11,0,0,90,4.4,,,obriede01
332,Louis Sleigher,1985,1986,2,83,16,21,37,-7,65,16,0,0,3,19,2,0,120,13.3,,,sleiglo01
333,Cam Stewart,1994,1997,4,83,3,7,10,-10,72,3,0,0,1,6,0,1,80,3.8,,,stewaca01
334,Nick Beverley,1967,1974,5,82,1,10,11,6,28,1,0,0,0,10,0,0,59,1.7,,,beverni01
335,Buzz Boll,1943,1944,2,82,44,52,96,,22,39,5,0,2,42,10,0,,,,,bollbu01
336,Frank Martin,1953,1954,2,82,3,19,22,,44,3,0,0,1,11,8,0,,,,,martifr01
337,Glen Metropolit,2008,2008,1,82,11,22,33,-3,36,10,1,0,5,19,2,1,141,7.8,1347,16:26,metrogl01
338,Dominic Moore,2017,2017,1,82,11,14,25,2,44,8,0,3,1,13,0,1,96,11.5,1061,12:57,mooredo01
339,Pavel Zacha,2023,2023,1,82,21,36,57,26,16,18,3,0,3,30,5,1,131,16.0,1317,16:03,zachapa01
340,Gus Bodnar,1954,1955,2,81,7,7,14,,16,2,2,3,0,6,1,0,,,,,bodnagu01
341,Sean Brown,2002,2003,2,81,1,6,7,-7,164,1,0,0,0,6,0,0,45,2.2,640,7:54,brownse01
342,Bill Ezinicki,1951,1952,2,81,21,24,45,,164,18,3,0,1,21,3,0,,,,,ezinibi01
343,Bryan Berard,2003,2003,1,80,10,28,38,-4,64,6,4,0,1,16,12,0,205,4.9,1709,21:21,berarbr01
344,Jack Bionda,1957,1959,3,80,3,8,11,,93,3,0,0,1,8,0,0,,,,,biondja01
345,Byron Bitz,2009,2010,2,80,8,8,16,-9,49,8,0,0,2,7,1,0,82,9.8,855,10:41,bitzby01
346,Frank Fredrickson*,1927,1929,3,80,27,12,39,,141,,,,6,,,,,,,,fredrfr01
347,Chris Nilan,1991,1992,2,80,11,14,25,-1,463,11,0,0,2,14,0,0,74,14.9,,,nilanch01
348,Jeff Odgers,1997,1997,1,80,7,8,15,-15,197,6,1,0,1,7,1,0,84,8.3,,,odgerje01
349,Wayne Rivers,1964,1967,4,80,11,26,37,-11,86,11,0,0,1,22,4,0,129,8.5,,,riverwa01
350,Reggie Leach,1971,1972,2,79,9,17,26,15,12,9,0,0,2,17,0,0,96,9.4,,,leachre01
351,Jim Lorentz,1969,1970,2,79,8,19,27,12,38,6,2,0,1,18,1,0,108,7.4,,,lorenji01
352,Bill Shill,1943,1947,3,79,21,13,34,,18,20,1,0,3,12,1,0,,,,,shillbi01
353,Erik Haula,2022,2022,1,78,18,26,44,19,47,16,2,0,3,24,2,0,141,12.8,1177,15:06,haulaer01
354,Marty Howe,1983,1983,1,78,1,11,12,21,24,1,0,0,0,11,0,0,67,1.5,,,howema01
355,Jarome Iginla*,2014,2014,1,78,30,31,61,34,47,26,4,0,8,21,10,0,209,14.4,1421,18:13,iginlja01
356,Clare Martin,1942,1948,3,78,8,14,22,,38,7,1,0,2,12,2,0,,,,,marticl01
357,Mark Mowers,2007,2007,1,78,5,12,17,-10,26,4,0,1,0,11,1,0,60,8.3,936,12:00,mowerma01
358,Bob Beers,1990,1997,4,77,3,11,14,-19,53,2,1,0,0,9,2,0,83,3.6,,,beersbo01
359,Steve Bégin,2010,2010,1,77,5,9,14,-7,53,4,0,1,2,8,0,1,110,4.5,988,12:50,beginst01
360,Bobby Gould,1990,1990,1,77,8,17,25,-3,92,8,0,0,2,16,1,0,92,8.7,,,gouldbo01
361,Pentti Lund,1952,1953,2,77,8,14,22,,2,8,0,0,1,12,2,0,,,,,lundpe01
362,Mike Sullivan,1998,1998,1,77,5,13,18,-1,34,5,0,0,2,12,1,0,83,6.0,,,sullimi01
363,Stéphane Yelle,2009,2009,1,77,7,11,18,6,32,6,1,0,2,9,0,2,72,9.7,1022,13:16,yellest01
364,Brett Connolly,2015,2016,2,76,9,18,27,-2,30,7,2,0,2,14,4,0,104,8.7,992,13:03,connobr01
365,Shean Donovan,2007,2007,1,76,6,11,17,-13,56,6,0,0,0,9,0,2,108,5.6,1076,14:09,donovsh01
366,Andrei Kovalenko,2001,2001,1,76,16,21,37,-14,27,8,7,1,3,18,3,0,119,13.4,1174,15:27,kovalan01
367,Jeremy Lauzon,2019,2021,3,76,3,8,11,12,71,3,0,0,1,7,0,1,79,3.8,1309,17:13,lauzoje01
368,Jeff Lazaro,1991,1992,2,76,8,19,27,11,98,6,1,1,1,19,0,0,119,6.7,,,lazarje01
369,Jim Nill,1984,1985,2,76,4,11,15,-16,143,4,0,0,0,10,0,1,44,9.1,,,nillji01
370,Grant Warwick,1948,1949,2,76,28,20,48,,24,26,2,0,5,13,7,0,,,,,warwigr01
371,Jakub Zbořil,2019,2023,4,76,1,15,16,0,28,1,0,0,1,13,2,0,62,1.6,1188,15:38,zborija01
372,Joe Corvo,2012,2012,1,75,4,21,25,10,13,3,1,0,1,13,8,0,168,2.4,1411,18:49,corvojo01
373,Max Kaminsky,1935,1936,2,75,13,17,30,,24,11,2,0,3,15,1,1,,,,,kaminma01
374,Karson Kuhlman,2019,2022,4,75,7,8,15,2,15,6,1,0,1,8,0,0,113,6.2,854,11:23,kuhlmka01
375,Normand Leveille,1982,1983,2,75,17,25,42,15,49,14,3,0,6,24,1,0,180,9.4,,,leveino01
376,Tom McCarthy,1987,1988,2,75,32,34,66,12,37,24,8,0,6,15,19,0,131,24.4,,,mccarto02
377,Larry Melnyk,1981,1983,3,75,0,12,12,-8,123,0,0,0,0,12,0,0,72,0.0,,,melnyla01
378,Benoît Pouliot,2012,2012,1,74,16,16,32,18,38,15,1,0,5,15,1,0,107,15.0,904,12:13,poulibe01
379,Joe Watson,1965,1967,2,74,2,14,16,-6,38,1,1,0,0,14,0,0,68,2.9,,,watsojo01
380,Joe Carveth,1947,1948,2,73,29,24,53,,20,27,2,0,4,23,1,0,,,,,carvejo01
381,Dean Malkoc,1997,1998,2,73,1,0,1,-26,156,1,0,0,0,0,0,0,22,4.5,,,malkode01
382,Brad Palmer,1983,1983,1,73,6,11,17,-7,18,6,0,0,0,11,0,0,123,4.9,,,palmebr01
383,Wes Walz,1990,1992,3,73,9,12,21,-18,44,7,2,0,1,11,1,0,75,12.0,,,walzwe01
384,Tom Fitzgerald,2006,2006,1,71,4,6,10,-10,40,4,0,0,0,5,0,1,50,8.0,671,9:27,fitzgto01
385,Dave Pasin,1986,1986,1,71,18,19,37,-1,50,14,4,0,3,14,5,0,116,15.5,,,pasinda01
386,Paul Stanton,1994,1994,1,71,3,7,10,-7,54,2,1,0,1,4,3,0,136,2.2,,,stantpa01
387,Anton Blidh,2017,2022,6,70,4,8,12,-11,37,4,0,0,0,8,0,0,73,5.5,722,10:19,blidhan01
388,Andy Hebenton,1964,1964,1,70,12,11,23,-2,8,11,1,0,2,10,0,1,122,9.8,,,hebenan01
389,Jamie Huscroft,1994,1995,2,70,0,7,7,-5,247,0,0,0,0,7,0,0,43,0.0,,,huscrja01
390,Gus Kyle,1952,1952,1,69,1,12,13,,127,1,0,0,0,12,0,0,,,,,kylegu01
391,Grant Ledyard,1998,1999,2,69,6,15,21,-10,39,4,2,0,2,4,11,0,80,7.5,823,17:31,ledyagr01
392,Irv Spencer,1963,1963,1,69,5,17,22,-27,34,3,2,0,0,8,8,1,118,4.2,,,spencir01
393,Bob Beckett,1957,1964,4,68,7,6,13,-20,18,7,0,0,1,6,0,0,51,13.7,,,beckebo01
394,Alain Côté,1986,1989,4,68,2,9,11,-5,65,2,0,0,0,9,0,0,62,3.2,,,coteal02
395,Vic Lynn,1951,1952,2,68,16,8,24,,73,14,2,0,3,8,0,0,,,,,lynnvi01
396,Troy Mallette,1997,1997,1,68,6,8,14,-8,155,6,0,0,2,8,0,0,61,9.8,,,malletr01
397,Jiří Šlégr,2004,2006,2,68,9,26,35,3,83,5,4,0,1,13,13,0,142,6.3,1245,18:19,slegrji01
398,Joe Zanussi,1976,1977,2,68,1,8,9,3,38,1,0,0,0,7,1,0,89,1.1,,,zanusjo01
399,Marcel Bonin,1956,1956,1,67,9,9,18,,49,6,3,0,0,6,3,0,,,,,boninma01
400,Rick Tocchet,1996,1997,2,67,32,22,54,4,131,23,9,0,4,16,6,0,205,15.6,,,tocchri01
401,Zach Trotman,2014,2016,3,67,3,9,12,1,22,3,0,0,1,9,0,0,110,2.7,1178,17:35,trotmza01
402,Rick Zombo,1996,1996,1,67,4,10,14,-7,53,4,0,0,1,9,0,1,68,5.9,,,zombori01
403,Carson Cooper,1925,1927,3,66,40,14,54,,30,,,,8,,,,,,,,coopeca01
404,Steve Staios,1996,1997,2,66,3,8,11,-31,75,3,0,0,0,6,1,1,60,5.0,,,staiost01
405,Doug Halward,1976,1978,3,65,3,9,12,6,14,2,1,0,0,5,4,0,68,4.4,,,halwado01
406,Wayne Hicks,1963,1963,1,65,7,9,16,-20,12,5,2,0,0,6,2,1,98,7.1,,,hickswa01
407,Frank Jerwa,1932,1935,4,65,7,9,16,,37,0,0,0,0,0,0,0,,,,,jerwafr01
408,Albert Langlois,1966,1966,1,65,4,10,14,-5,54,4,0,0,0,9,1,0,65,6.2,,,langlal01
409,Mickey MacKay*,1929,1930,2,65,12,7,19,,31,,,,2,,,,,,,,mackami01
410,Joseph Morrow,2015,2017,3,65,2,7,9,-8,16,2,0,0,0,5,2,0,83,2.4,1039,15:59,morrojo02
411,Willi Plett,1988,1988,1,65,2,3,5,-10,170,1,1,0,0,2,1,0,29,6.9,,,plettwi01
412,Earl Anderson,1975,1977,3,64,12,16,28,7,10,11,1,0,4,14,2,0,94,12.8,,,anderea01
413,Bill Carson,1929,1930,2,64,11,9,20,,36,,,,2,,,,,,,,carsobi01
414,Thomas Gradin,1987,1987,1,64,12,31,43,5,18,7,2,3,3,25,4,2,87,13.8,,,gradith01
415,Jamie Rivers,2002,2002,1,64,4,2,6,6,45,3,1,0,1,1,1,0,48,8.3,541,8:27,riverja01
416,Dave Silk,1984,1985,2,64,20,22,42,14,86,15,5,0,1,16,6,0,102,19.6,,,silkda01
417,Petr Tenkrát,2007,2007,1,64,9,5,14,-16,34,7,2,0,1,4,1,0,82,11.0,801,12:31,tenkrpe01
418,Dave Andreychuk*,2000,2000,1,63,19,14,33,-11,28,12,7,0,2,6,8,0,192,9.9,1249,19:50,andreda01
419,Jim Bartlett,1961,1961,1,63,15,9,24,-19,95,14,1,0,0,9,0,0,133,11.3,,,bartlji01
420,Norm Calladine,1943,1945,3,63,19,29,48,,8,18,1,0,2,29,0,0,,,,,callano01
421,Alexei Kasatonov,1995,1996,2,63,3,14,17,-1,45,2,0,1,0,7,7,0,65,4.6,,,kasatal01
422,Dutch Reibel,1959,1959,1,63,6,8,14,,14,4,1,1,0,4,4,0,,,,,reibedu01
423,Nick Ritchie,2020,2021,2,63,16,12,28,-9,56,11,5,0,2,8,4,0,129,12.4,950,15:05,ritchni01
424,Peter Schaefer,2008,2008,1,63,9,17,26,4,18,9,0,0,0,11,6,0,91,9.9,943,14:58,schaepe01
425,Dixon Ward,2001,2001,1,63,5,13,18,-1,65,5,0,0,0,13,0,0,88,5.7,796,12:38,warddi01
426,Dave Donnelly,1984,1986,3,62,9,12,21,15,65,8,0,1,1,12,0,0,63,14.3,,,donneda01
427,Gary Dornhoefer,1964,1966,3,62,12,12,24,2,35,9,3,0,1,11,1,0,61,19.7,,,dornhga01
428,A.J. Greer,2023,2023,1,61,5,7,12,9,114,5,0,0,1,7,0,0,66,7.6,556,9:07,greeraj01
429,Brian Leetch*,2006,2006,1,61,5,27,32,-10,36,1,4,0,0,14,13,0,130,3.8,1435,23:31,leetcbr01
430,Wayne Maxner,1965,1966,2,61,8,9,17,-16,48,7,1,0,0,9,0,0,128,6.3,,,maxnewa01
431,Alex Smith,1933,1934,2,61,9,10,19,,60,4,0,0,2,5,1,0,,,,,smithal02
432,Clayton Beddoes,1996,1997,2,60,2,8,10,-6,57,2,0,0,0,8,0,0,29,6.9,,,beddocl01
433,Stanislav Chistov,2007,2007,1,60,5,8,13,-8,36,4,1,0,1,8,0,0,49,10.2,515,8:35,chistst01
434,Ab McDonald,1965,1965,1,60,9,9,18,-28,6,7,2,0,3,9,0,0,104,8.7,,,mcdonab01
435,Peter Popovic,2001,2001,1,60,1,6,7,-5,48,1,0,0,0,6,0,0,34,2.9,1121,18:41,popovpe01
436,Austin Czarnik,2017,2018,2,59,5,12,17,-11,12,5,0,0,1,8,4,0,73,6.8,747,12:40,czarnau01
437,John Gruden,1994,1996,3,59,0,7,7,-3,28,0,0,0,0,7,0,0,50,0.0,,,grudejo01
438,Red Hamill,1938,1942,5,59,16,14,30,,20,16,0,0,2,13,1,0,,,,,hamilre02
439,Paul Mara,2007,2007,1,59,3,15,18,-22,95,3,0,0,0,4,11,0,60,5.0,1291,21:53,marapa01
440,Trent McCleary,1997,1997,1,59,3,5,8,-16,33,3,0,0,1,4,0,1,41,7.3,,,mccletr01
441,Landon Ferraro,2016,2016,1,58,5,5,10,-8,20,5,0,0,1,5,0,0,65,7.7,626,10:48,ferrala01
442,Brad Isbister,2006,2006,1,58,6,17,23,-2,46,5,1,0,0,15,2,0,112,5.4,807,13:55,isbisbr01
443,Derek Morris,2010,2010,1,58,3,22,25,-2,26,1,2,0,0,12,10,0,95,3.2,1276,22:00,morride01
444,Sheldon Kennedy,1997,1997,1,56,8,10,18,-17,30,4,0,4,0,9,0,1,65,12.3,,,kennesh01
445,Maxime Talbot,2015,2016,2,56,2,8,10,-14,17,2,0,0,1,7,1,0,53,3.8,646,11:32,talboma01
446,Harry Connor,1928,1930,2,55,9,1,10,,40,,,,1,,,,,,,,connoha01
447,Darin Kimble,1993,1993,1,55,7,3,10,4,177,7,0,0,0,3,0,0,20,35.0,,,kimblda01
448,Dan LaCouture,2006,2006,1,55,2,2,4,-6,53,1,0,1,0,2,0,0,37,5.4,344,6:15,lacouda01
449,Herb Mitchell,1925,1926,2,55,6,2,8,,60,,,,0,,,,,,,,mitchhe01
450,Ian Moran,2003,2006,3,55,2,6,8,2,40,2,0,0,0,6,0,0,72,2.8,960,17:27,morania01
451,Chris Oddleifson,1973,1974,2,55,10,11,21,15,25,10,0,0,1,11,0,0,64,15.6,,,oddlech01
452,Doug Roberts,1972,1974,3,55,5,8,13,16,9,5,0,0,2,8,0,0,81,6.2,,,roberdo01
453,Orval Tessier,1956,1961,2,55,5,7,12,-3,6,2,3,0,2,4,3,0,41,7.3,,,tessior01
454,Irwin Boyd,1932,1944,3,54,8,7,15,,15,6,0,0,0,6,0,0,,,,,boydir01
455,Jack Caffery,1957,1958,2,54,3,2,5,,22,3,0,0,1,2,0,0,,,,,caffeja01
456,Rob Cimetta,1989,1990,2,54,10,9,19,0,33,10,0,0,1,8,1,0,32,31.3,,,cimetro01
457,Norm Johnson,1958,1959,2,54,4,20,24,,33,4,0,0,0,20,0,0,,,,,johnsno01
458,Jean-Yves Roy,1997,1998,2,54,10,15,25,-8,22,8,2,0,1,14,1,0,101,9.9,,,royje01
459,David Tanabe,2006,2006,1,54,4,12,16,0,48,4,0,0,1,7,5,0,82,4.9,1087,20:08,tanabda01
460,Bill Knibbs,1965,1965,1,53,7,10,17,-16,4,7,0,0,0,8,1,1,66,10.6,,,knibbbi01
461,John-Michael Liles,2016,2017,2,53,0,11,11,-6,6,0,0,0,0,8,3,0,55,0.0,912,17:12,lilesjo01
462,Frank Mario,1942,1945,2,53,9,19,28,,24,9,0,0,0,16,3,0,,,,,mariofr01
463,Walt McKechnie,1975,1975,1,53,3,3,6,-6,8,2,0,1,0,3,0,0,36,8.3,,,mckecwa01
464,Wally Wilson,1948,1948,1,53,11,8,19,,18,10,1,0,0,7,1,0,,,,,wilsowa01
465,Paul Boutilier,1987,1987,1,52,5,9,14,-4,84,3,1,1,0,7,2,0,68,7.4,,,boutipa01
466,Doug Gibson,1974,1976,2,52,7,18,25,7,0,6,1,0,1,15,3,0,41,17.1,,,gibsodo01
467,Stan Jackson,1925,1926,2,52,8,7,15,,72,,,,1,,,,,,,,jacksst01
468,Zac Rinaldo,2016,2016,1,52,1,2,3,-5,83,1,0,0,0,2,0,0,38,2.6,431,8:18,rinalza01
469,Brandon Bochenski,2007,2008,2,51,11,17,28,5,20,8,3,0,2,15,2,0,102,10.8,720,14:07,bochebr01
470,Peter Ferraro,1999,2000,2,51,6,9,15,9,44,5,1,0,1,8,1,0,64,9.4,510,10:00,ferrape01
471,Bobby Allen,2007,2008,2,50,0,3,3,-3,12,0,0,0,0,2,0,1,24,0.0,592,11:51,allenbo01
472,Jeff Jillson,2004,2004,1,50,4,10,14,-1,35,3,1,0,1,7,3,0,80,5.0,894,17:53,jillsje01
473,Grigorijs Panteļejevs,1993,1995,3,50,8,6,14,-8,12,6,2,0,1,5,1,0,53,15.1,,,pantegr01
474,Barry Richter,1997,1997,1,50,5,13,18,-7,32,4,1,0,0,7,6,0,79,6.3,,,richtba01
475,Andre Savage,1999,2001,3,50,8,13,21,-6,10,6,2,0,1,10,3,0,79,10.1,692,13:51,savagan01
476,Bill Cupolo,1945,1945,1,49,11,14,25,,10,9,2,0,3,14,0,0,,,,,cupolbi01
477,Ted Graham,1936,1937,2,49,4,1,5,,37,4,0,0,3,1,0,0,,,,,grahate01
478,Ivan Huml,2002,2004,3,49,6,12,18,2,36,6,0,0,2,8,4,0,88,6.8,604,12:19,humliv01
479,Patrick Leahy,2004,2006,2,49,4,4,8,-1,19,4,0,0,0,4,0,0,48,8.3,424,8:39,leahypa01
480,Jason York,2007,2007,1,49,1,7,8,-14,32,1,0,0,0,6,0,1,27,3.7,641,13:04,yorkja01
481,Hago Harrington,1926,1928,2,48,8,4,12,,19,,,,1,,,,,,,,harriha01
482,Obs Heximer,1933,1933,1,48,7,5,12,,12,,,,1,,,,,,,,heximob01
483,Paul Runge,1931,1936,3,48,8,3,11,,22,5,2,1,1,2,0,0,,,,,rungepa01
484,Jeff Hoggan,2007,2008,2,47,0,2,2,-8,33,0,0,0,0,2,0,0,53,0.0,333,7:05,hoggaje01
485,Myles Lane,1929,1934,3,47,3,1,4,,21,2,0,0,0,1,0,0,,,,,lanemy01
486,Max Quackenbush,1951,1951,1,47,4,6,10,,26,3,1,0,1,6,0,0,,,,,quackma01
487,Ryan Donato,2018,2019,2,46,11,7,18,-9,4,6,5,0,0,5,2,0,99,11.1,602,13:05,donatry01
488,Matt Lashoff,2007,2009,3,46,1,7,8,-7,22,0,1,0,0,4,3,0,25,4.0,633,13:46,lashoma01
489,Ross Lowe,1950,1951,2,46,5,3,8,,40,4,1,0,1,2,1,0,,,,,lowero01
490,Murph Chamberlain,1943,1943,1,45,9,24,33,,67,8,1,0,2,23,1,0,,,,,chambmu01
491,Armand Gaudreault,1945,1945,1,45,15,9,24,,27,14,0,1,1,9,0,0,,,,,gaudrar01
492,Brett Harkins,1995,1997,2,45,4,15,19,-3,8,1,3,0,2,12,3,0,53,7.5,,,harkibr01
493,Guy Lapointe*,1984,1984,1,45,2,16,18,-2,34,1,1,0,1,4,11,1,57,3.5,,,lapoigu01
494,Eric Nickulas,1999,2006,4,45,7,10,17,-1,24,6,1,0,0,9,1,0,48,14.6,411,9:08,nickuer01
495,Willie O'Ree*,1958,1961,2,45,4,10,14,-18,26,4,0,0,2,10,0,0,62,6.5,,,oreewi01
496,Jackie Schmidt,1943,1943,1,45,6,7,13,,6,6,0,0,1,7,0,0,,,,,schmija01
497,Jack Shill,1935,1935,1,45,4,4,8,,22,4,0,0,0,3,1,0,,,,,shillja01
498,Zellio Toppazzini,1949,1951,3,45,6,7,13,,18,5,1,0,1,6,1,0,,,,,toppaze01
499,Sam Bettio,1950,1950,1,44,9,12,21,,34,8,1,0,1,12,0,0,,,,,bettisa01
500,Bun Cook*,1937,1937,1,44,4,5,9,,8,4,0,0,0,4,1,0,,,,,cookbu01
501,Dutch Hiller,1942,1943,2,44,7,10,17,,19,6,1,0,2,10,0,0,,,,,hilledu01
502,Joonas Kemppainen,2016,2016,1,44,2,3,5,-6,4,1,0,1,0,3,0,0,35,5.7,552,12:32,kemppjo01
503,Hooley Smith*,1937,1937,1,44,8,10,18,,36,7,1,0,1,10,0,0,,,,,smithho01
504,Jack Church,1946,1946,1,43,2,6,8,,28,2,0,0,1,6,0,0,,,,,churcja01
505,Fred Gordon,1928,1928,1,43,3,2,5,,42,,,,2,,,,,,,,gordofr01
506,Tom Songin,1979,1981,3,43,5,5,10,-2,22,4,1,0,1,5,0,0,42,11.9,,,songito01
507,Billy Coutu,1927,1927,1,42,1,1,2,,39,,,,0,,,,,,,,coutubi01
508,Terry Gray,1962,1962,1,42,8,7,15,-27,15,7,1,0,0,7,0,0,70,11.4,,,grayte01
509,Bert McInenly,1934,1936,3,42,2,1,3,,26,2,0,0,0,1,0,0,,,,,mcinebe01
510,Bob Davie,1934,1936,3,41,0,1,1,,25,0,0,0,0,1,0,0,,,,,daviebo01
511,Pär Lindholm,2020,2021,2,41,3,3,6,6,4,3,0,0,1,3,0,0,35,8.6,463,11:17,lindhpa01
512,Shaone Morrisonn,2003,2004,2,41,1,7,8,10,18,1,0,0,0,7,0,0,17,5.9,644,15:42,morrish01
513,Kevin Stevens,1996,1996,1,41,10,13,23,1,49,7,3,0,1,11,2,0,101,9.9,,,steveke01
514,Peter Cehlárik,2017,2020,4,40,5,6,11,4,10,4,1,0,1,5,1,0,41,12.2,522,13:03,cehlape01
515,Jean-Paul Gladu,1945,1945,1,40,6,14,20,,2,6,0,0,0,14,0,0,,,,,gladuje01
516,Roger Jenkins,1936,1936,1,40,2,6,8,,51,0,2,0,1,5,1,0,,,,,jenkiro01
517,Bill Derlago,1986,1986,1,39,5,16,21,6,15,3,1,1,1,13,3,0,40,12.5,,,derlabi01
518,Butch Goring,1985,1985,1,39,13,21,34,-8,6,9,2,2,2,12,8,1,85,15.3,,,gorinbu01
519,Jim Harrison,1969,1970,2,39,4,3,7,0,37,4,0,0,0,3,0,0,31,12.9,,,harriji01
520,Bill Jennings,1945,1945,1,39,20,14,34,,25,18,2,0,2,10,4,0,,,,,jennibi01
521,Joe Jerwa,1932,1937,3,39,3,5,8,,42,3,0,0,0,5,0,0,,,,,jerwajo01
522,Jim Schoenfeld,1984,1984,1,39,0,2,2,17,20,0,0,0,0,2,0,0,35,0.0,,,schoeji01
523,Gerry Shannon,1935,1936,2,39,1,2,3,,10,1,0,0,0,2,0,0,,,,,shannge01
524,Billy Taylor,1948,1948,1,39,4,16,20,,25,4,0,0,0,15,1,0,,,,,taylobi01
525,Matt Fraser,2014,2015,2,38,5,0,5,-5,17,5,0,0,1,0,0,0,42,11.9,388,10:12,frasema02
526,Andy Hilbert,2002,2004,3,38,3,3,6,-2,18,3,0,0,0,3,0,0,60,5.0,391,10:18,hilbean01
527,Antti Laaksonen,1999,2000,2,38,7,5,12,2,4,7,0,0,1,4,1,0,31,22.6,314,8:16,laaksan01
528,Bud Poile*,1950,1950,1,38,16,14,30,,6,14,2,0,1,14,0,0,,,,,poilebu01
529,Miroslav Šatan,2010,2010,1,38,9,5,14,8,12,9,0,0,1,5,0,0,59,15.3,599,15:46,satanmi01
530,Yan Stastny,2006,2007,2,38,1,5,6,-5,29,1,0,0,0,5,0,0,20,5.0,332,8:44,stastya01
531,Jack Studnicka,2020,2023,4,38,1,6,7,-7,10,1,0,0,0,6,0,0,52,1.9,476,12:32,studnja01
532,Sandy McCarthy,2004,2004,1,37,3,1,4,0,28,3,0,0,1,1,0,0,27,11.1,236,6:22,mccarsa01
533,Joe Mullen*,1996,1996,1,37,8,7,15,-2,0,4,4,0,1,6,1,0,60,13.3,,,mullejo01
534,Jack Pratt,1931,1932,2,37,2,0,2,,42,,,,0,,,,,,,,prattja01
535,Vic Ripley,1933,1934,2,37,4,6,10,,25,2,0,0,1,1,0,0,,,,,riplevi01
536,Petri Skriko,1991,1992,2,37,6,14,20,1,15,4,2,0,3,10,4,0,93,6.5,,,skrikpe01
537,Chris Taylor,1999,1999,1,37,3,5,8,-3,12,2,0,1,0,5,0,0,60,5.0,533,14:24,tayloch01
538,Patrick Traverse,2001,2001,1,37,2,6,8,4,14,1,1,0,1,3,3,0,39,5.1,616,16:38,travepa01
539,Morris Lukowich,1985,1986,2,36,6,12,18,9,31,6,0,0,1,11,1,0,54,11.1,,,lukowmo01
540,Andrew McKim,1993,1994,2,36,1,4,5,-8,4,1,0,0,0,3,1,0,34,2.9,,,mckiman01
541,Doug Doull,2004,2004,1,35,0,1,1,2,132,0,0,0,0,1,0,0,4,0.0,99,2:50,doulldo01
542,Ray Gariepy,1954,1954,1,35,1,6,7,,39,1,0,0,0,6,0,0,,,,,gariera01
543,Lee Goren,2001,2003,2,35,4,1,5,-5,14,1,3,0,0,1,0,0,24,16.7,208,5:56,gorenle01
544,Lionel Heinrich,1956,1956,1,35,1,1,2,,33,1,0,0,0,1,0,0,,,,,heinrli01
545,Tommy Lehman,1988,1989,2,35,5,5,10,-7,16,3,1,1,1,4,1,0,31,16.1,,,lehmato01
546,Gerry Ouellette,1961,1961,1,35,5,4,9,-7,0,5,0,0,0,4,0,0,41,12.2,,,ouellge01
547,Scott Pellerin,2002,2002,1,35,1,5,6,-6,6,1,0,0,0,4,1,0,41,2.4,407,11:38,pellesc01
548,Bruce Shoebottom,1988,1991,4,35,1,4,5,1,53,1,0,0,0,4,0,0,24,4.2,,,shoebbr01
549,Buddy Boone,1958,1958,1,34,5,3,8,,28,4,1,0,0,3,0,0,,,,,boonebu01
550,Craig Cunningham,2014,2015,2,34,2,1,3,-4,2,1,0,1,0,1,0,0,35,5.7,342,10:04,cunnicr01
551,Seth Griffith,2015,2016,2,34,6,5,11,-6,10,5,1,0,1,2,3,0,35,17.1,443,13:02,griffse01
552,Mats Näslund,1995,1995,1,34,8,14,22,-4,4,6,2,0,1,5,9,0,48,16.7,,,nasluma01
553,Adam Brown,1952,1952,1,33,8,9,17,,6,7,1,0,2,7,2,0,,,,,brownad01
554,Gerry Geran,1926,1926,1,33,5,1,6,,6,,,,0,,,,,,,,gerange01
555,Bill Goldsworthy,1965,1967,3,33,6,6,12,-6,30,6,0,0,0,5,1,0,58,10.3,,,goldsbi01
556,Don Grosso,1947,1947,1,33,0,2,2,,2,0,0,0,0,2,0,0,,,,,grossdo01
557,Jay Henderson,1999,2001,3,33,1,3,4,-1,37,1,0,0,0,3,0,0,34,2.9,199,6:02,hendeja01
558,Rich LeDuc,1973,1974,2,33,4,4,8,2,14,4,0,0,0,4,0,0,35,11.4,,,leducri01
559,Ross Lonsberry,1967,1969,3,33,2,3,5,1,16,2,0,0,0,3,0,0,52,3.8,,,lonsbro01
560,Krzysztof Oliwa,2003,2003,1,33,0,0,0,-4,110,0,0,0,0,0,0,0,11,0.0,131,3:58,oliwakr01
561,Marc Potvin,1995,1996,2,33,0,1,1,-1,16,0,0,0,0,1,0,0,18,0.0,,,potvima01
562,Matt Ravlich,1963,1973,3,33,1,2,3,-1,2,1,0,0,0,2,0,0,16,6.3,,,ravlima01
563,George Redding,1925,1926,2,33,3,2,5,,10,,,,0,,,,,,11,,reddige01
564,Charles Cahill,1926,1927,2,32,0,1,1,,9,,,,0,,,,,,,,cahilch01
565,Mike Forbes,1978,1978,1,32,0,4,4,-5,15,0,0,0,0,2,2,0,22,0.0,,,forbemi01
566,Yip Foster,1932,1932,1,32,1,2,3,,12,,,,0,,,,,,,,fosteyi01
567,Henry Harris,1931,1931,1,32,2,4,6,,20,,,,0,,,,,,,,harrihe01
568,Lorne Duguid,1936,1937,2,31,2,4,6,,4,2,0,0,1,3,1,0,,,,,duguilo01
569,Joe Hulbig,2000,2001,2,31,2,2,4,-11,12,2,0,0,0,2,0,0,15,13.3,238,7:40,hulbijo01
570,Babe Pratt*,1947,1947,1,31,4,4,8,,25,4,0,0,0,4,0,0,,,,,prattba01
571,Gino Rozzini,1945,1945,1,31,5,10,15,,20,5,0,0,0,9,0,1,,,,,rozzigi01
572,Norm Shay,1925,1926,2,31,2,4,6,,16,,,,1,,,,,,,,shayno01
573,Urho Vaakanainen,2019,2022,4,31,0,6,6,-2,6,0,0,0,0,6,0,0,34,0.0,562,18:08,vaakaur01
574,Don Ward,1960,1960,1,31,0,1,1,-1,18,0,0,0,0,1,0,0,11,0.0,,,warddo01
575,Paul Haynes,1935,1935,1,30,4,3,7,,8,4,0,0,1,3,0,0,,,,,haynepa01
576,Brandon Smith,1999,2001,3,30,3,4,7,-3,10,2,1,0,0,3,1,0,28,10.7,497,16:34,smithbr04
577,Scott Arniel,1992,1992,1,29,5,3,8,5,20,5,0,0,1,3,0,0,34,14.7,,,arniesc01
578,Jakob Forsbacka Karlsson,2017,2019,2,29,3,6,9,1,2,3,0,0,0,5,1,0,21,14.3,339,11:41,forsbja01
579,Bill Hutton,1930,1931,2,29,2,0,2,,4,,,,0,,,,,,,,huttobi01
580,Parker MacDonald,1966,1966,1,29,6,4,10,-22,6,4,1,1,0,2,2,0,69,8.7,,,macdopa01
581,Ed Panagabko,1956,1957,2,29,0,3,3,,38,0,0,0,0,2,0,1,,,,,panaged01
582,Chris Winnes,1992,1993,2,29,1,4,5,-5,6,1,0,0,0,3,1,0,22,4.5,,,winnech01
583,Wade Campbell,1986,1988,3,28,0,4,4,1,60,0,0,0,0,4,0,0,23,0.0,,,campbwa01
584,Bud Cook,1932,1932,1,28,4,4,8,,14,,,,0,,,,,,,,cookbu02
585,Bill Speer,1970,1971,2,28,1,3,4,7,8,1,0,0,0,2,1,0,5,20.0,,,speerbi01
586,Gordie Bruce,1941,1946,3,27,4,9,13,,13,4,0,0,0,9,0,0,,,,,brucego01
587,Jarmo Kekäläinen,1990,1991,2,27,4,3,7,2,14,4,0,0,1,2,1,0,19,21.1,,,kekalja01
588,Fred Knipscheer,1994,1995,2,27,6,3,9,4,16,6,0,0,2,2,0,1,35,17.1,,,knipsfr01
589,Mark Marquess,1947,1947,1,27,5,4,9,,6,5,0,0,1,4,0,0,,,,,marquma01
590,Marty McSorley,2000,2000,1,27,2,3,5,2,62,2,0,0,0,2,1,0,24,8.3,379,14:01,mcsorma01
591,Tyler Randell,2016,2016,1,27,6,0,6,-2,47,6,0,0,1,0,0,0,18,33.3,189,6:59,randety01
592,Brett Ritchie,2020,2020,1,27,2,4,6,-3,21,2,0,0,1,3,1,0,34,5.9,281,10:24,ritchbr01
593,Floyd Smith,1955,1957,2,27,0,1,1,,4,0,0,0,0,1,0,0,,,,,smithfl01
594,Phil Von Stefenelli,1996,1996,1,27,0,4,4,2,16,0,0,0,0,4,0,0,20,0.0,,,vonstph01
595,Lou Crawford,1990,1992,2,26,2,1,3,-5,29,2,0,0,0,1,0,0,20,10.0,,,crawflo01
596,Harry Meeking,1927,1927,1,26,1,0,1,,4,,,,0,,,,,,,,meekiha01
597,Alex Motter,1935,1936,2,26,1,4,5,,4,1,0,0,0,2,2,0,,,,,motteal01
598,Joe Murphy,2000,2000,1,26,7,7,14,-7,41,4,3,0,0,4,3,0,68,10.3,396,15:13,murphjo01
599,Werner Schnarr,1925,1926,2,26,0,0,0,,0,,,,0,,,,,,,,schnawe01
600,Oskar Steen,2021,2023,3,26,3,4,7,-2,8,3,0,0,0,4,0,0,36,8.3,289,11:07,steenos01
601,Bill Touhey,1932,1932,1,26,5,2,7,,14,,,,0,,,,,,,,touhebi01
602,Billy Burch*,1933,1933,1,25,3,1,4,,4,,,,3,,,,,,,,burchbi01
603,Lorne Davis,1956,1960,2,25,1,2,3,2,10,1,0,0,0,2,0,0,10,10.0,,,davislo01
604,Garnet Hathaway,2023,2023,1,25,4,2,6,-1,17,4,0,0,2,1,0,1,18,22.2,277,11:04,hathaga01
605,Ray Maluta,1976,1977,2,25,2,3,5,1,6,2,0,0,0,2,1,0,26,7.7,,,malutra01
606,Sergei Zholtok,1993,1994,2,25,2,2,4,-6,2,1,1,0,0,2,0,0,27,7.4,,,zholtse01
607,Gary Aldcorn,1961,1961,1,24,2,3,5,-4,12,2,0,0,1,3,0,0,26,7.7,,,aldcoga01
608,Harold Darragh,1931,1931,1,24,2,4,6,,6,,,,2,,,,,,,,darraha01
609,Barry Gibbs,1968,1969,2,24,0,0,0,-4,4,0,0,0,0,0,0,0,6,0.0,,,gibbsba01
610,Tomáš Kaberle,2011,2011,1,24,1,8,9,6,2,1,0,0,0,5,3,0,31,3.2,510,21:15,kaberto01
611,Russ Kopak,1944,1944,1,24,7,9,16,,0,7,0,0,1,9,0,0,,,,,kopakru01
612,Tom McCarthy,1961,1961,1,24,4,5,9,-16,0,4,0,0,0,5,0,0,38,10.5,,,mccarto01
613,Aldo Palazzari,1944,1944,1,24,6,3,9,,4,6,0,0,0,3,0,0,,,,,palazal01
614,Alexei Zhamnov,2006,2006,1,24,1,9,10,-4,30,1,0,0,1,5,4,0,37,2.7,389,16:12,zhamnal01
615,Dennis Bonvie,2002,2002,1,23,1,2,3,3,84,1,0,0,0,2,0,0,5,20.0,117,5:05,bonvide01
616,Colby Cave,2018,2019,2,23,1,4,5,-1,10,1,0,0,0,4,0,0,20,5.0,298,12:58,caveco01
617,Cy Denneny*,1929,1929,1,23,1,2,3,,2,,,,1,,,,,,,,dennecy01
618,Simon Gagné,2015,2015,1,23,3,1,4,0,4,3,0,0,1,1,0,0,27,11.1,260,11:18,gagnesi01
619,Johnny Gagnon,1935,1935,1,23,1,2,3,,9,1,0,0,1,2,0,0,,,,,gagnojo01
620,Bob Gracie,1934,1934,1,23,2,6,8,,14,2,0,0,1,5,1,0,,,,,gracibo01
621,Pavel Kolařík,2001,2002,2,23,0,0,0,-2,10,0,0,0,0,0,0,0,7,0.0,176,7:39,kolarpa01
622,Daniel Lacroix,1995,1995,1,23,1,0,1,-2,38,1,0,0,0,0,0,0,14,7.1,,,lacroda01
623,Jakub Lauko,2023,2023,1,23,4,3,7,2,11,4,0,0,1,3,0,0,17,23.5,204,8:52,laukoja01
624,Doug Morrison,1980,1985,4,23,7,3,10,3,15,5,2,0,0,3,0,0,33,21.2,,,morrido02
625,Dmitry Orlov,2023,2023,1,23,4,13,17,10,12,3,1,0,0,9,3,1,47,8.5,511,22:13,orlovdm01
626,John Emmons,2002,2002,1,22,0,2,2,-4,16,0,0,0,0,2,0,0,20,0.0,178,8:04,emmonjo01
627,Red Green,1929,1929,1,22,0,0,0,,14,,,,0,,,,,,,,greenre01
628,Dave Hynes,1974,1975,2,22,4,0,4,3,2,4,0,0,0,0,0,0,16,25.0,,,hynesda01
629,Daniel Marois,1994,1994,1,22,7,3,10,-4,18,4,3,0,0,2,1,0,32,21.9,,,maroida01
630,Pat McReavy,1939,1942,4,22,0,2,2,,4,0,0,0,0,2,0,0,,,,,mcreapa01
631,Davis Payne,1996,1997,2,22,0,1,1,-4,14,0,0,0,0,0,1,0,10,0.0,,,payneda01
632,Graeme Townshend,1990,1991,2,22,2,5,7,0,19,2,0,0,0,5,0,0,13,15.4,,,townsgr01
633,Eric Weinrich,2001,2001,1,22,1,5,6,-8,10,0,1,0,1,3,2,0,28,3.6,569,25:52,weinrer01
634,Tyler Bertuzzi,2023,2023,1,21,4,12,16,4,6,1,3,0,0,10,2,0,45,8.9,347,16:30,bertuty01
635,John Byce,1991,1992,2,21,2,3,5,0,6,1,1,0,0,3,0,0,15,13.3,,,bycejo01
636,Kevin Dallman,2006,2006,1,21,0,1,1,1,8,0,0,0,0,0,1,0,42,0.0,407,19:24,dallmke01
637,Stephen Kraftcheck,1951,1951,1,21,0,0,0,,8,0,0,0,0,0,0,0,,,,,kraftst01
638,Colton Orr,2004,2006,2,21,0,0,0,-1,27,0,0,0,0,0,0,0,1,0.0,39,1:50,orrco01
639,J.P. Parise,1966,1967,2,21,2,2,4,-5,10,2,0,0,0,2,0,0,27,7.4,,,parisjp01
640,Stéphane Richer,1993,1993,1,21,1,4,5,-6,18,1,0,0,1,4,0,0,22,4.5,,,richest01
641,Lee Stempniak,2016,2019,2,21,3,7,10,0,4,3,0,0,1,7,0,0,26,11.5,307,14:37,stemple01
642,Darren Banks,1993,1994,2,20,2,2,4,5,73,2,0,0,0,2,0,0,18,11.1,,,banksda01
643,Brian Gionta,2018,2018,1,20,2,5,7,-1,2,1,1,0,1,3,2,0,42,4.8,261,13:04,giontbr01
644,Zach Hamill,2010,2012,3,20,0,4,4,5,4,0,0,0,0,4,0,0,15,0.0,219,10:58,hamilza01
645,Ed Barry,1947,1947,1,19,1,3,4,,2,1,0,0,0,3,0,0,,,,,barryed01
646,Al Nicholson,1956,1957,2,19,0,1,1,,2,0,0,0,0,1,0,0,,,,,nichoal01
647,Marty Reasoner,2006,2006,1,19,2,6,8,-2,8,1,1,0,0,5,1,0,39,5.1,288,15:09,reasoma01
648,Alan Rittinger,1944,1944,1,19,3,7,10,,0,3,0,0,0,7,0,0,,,,,rittial01
649,Al Shields,1937,1937,1,19,0,4,4,,12,0,0,0,0,3,1,0,,,,,shielal01
650,Barry Smith,1976,1976,1,19,1,0,1,-5,2,1,0,0,0,0,0,0,8,12.5,,,smithba01
651,Shayne Stevenson,1991,1992,2,19,0,1,1,-3,28,0,0,0,0,1,0,0,11,0.0,,,stevesh01
652,Ray Barry,1952,1952,1,18,1,2,3,,6,1,0,0,0,2,0,0,,,,,barryra01
653,Chris Bourque,2013,2013,1,18,1,3,4,-6,6,1,0,0,1,0,3,0,24,4.2,217,12:05,bourqch01
654,Paul Coffey*,2001,2001,1,18,0,4,4,-6,30,0,0,0,0,3,1,0,28,0.0,341,18:57,coffepa01
655,Nick Holden,2018,2018,1,18,1,4,5,-2,0,1,0,0,0,1,3,0,26,3.8,343,19:05,holdeni01
656,Josh Langfeld,2006,2006,1,18,0,1,1,-6,10,0,0,0,0,1,0,0,32,0.0,169,9:24,langfjo01
657,Craig MacDonald,2004,2004,1,18,0,3,3,0,8,0,0,0,0,3,0,0,17,0.0,157,8:42,macdocr01
658,Nick Mickoski,1960,1960,1,18,1,0,1,-1,2,1,0,0,0,0,0,0,11,9.1,,,mickoni01
659,Jay Pandolfo,2013,2013,1,18,0,0,0,-2,2,0,0,0,0,0,0,0,11,0.0,163,9:04,pandoja01
660,Eric Pettinger,1929,1929,1,18,0,0,0,,17,,,,0,,,,,,,,pettier01
661,Gord Redahl,1959,1959,1,18,0,1,1,,0,0,0,0,0,1,0,0,,,,,redahgo01
662,Drew Stafford,2017,2017,1,18,4,4,8,8,12,3,1,0,2,4,0,0,41,9.8,257,14:16,staffdr01
663,Ron Sutter,1996,1996,1,18,5,7,12,10,24,4,0,1,0,6,0,1,34,14.7,,,suttero01
664,Tommy Wingels,2018,2018,1,18,2,3,5,-1,2,2,0,0,0,3,0,0,19,10.5,215,11:55,wingeto01
665,Archie Briden,1927,1927,1,17,1,1,2,,4,,,,0,,,,,,,,bridear01
666,Nathan Dempsey,2007,2007,1,17,0,1,1,-2,6,0,0,0,0,1,0,0,4,0.0,169,9:57,dempsna01
667,Benoît Hogue,2002,2002,1,17,4,4,8,-3,9,4,0,0,1,3,1,0,17,23.5,232,13:38,hoguebe01
668,Ron Hoover,1990,1991,2,17,4,0,4,-2,31,4,0,0,1,0,0,0,19,21.1,,,hoovero01
669,Duke Keats*,1927,1927,1,17,4,4,8,,20,,,,2,,,,,,,,keatsdu01
670,Samuel Påhlsson,2001,2001,1,17,1,1,2,-5,6,1,0,0,0,1,0,0,13,7.7,243,14:19,pahlssa01
671,Ed Reigle,1951,1951,1,17,0,2,2,,25,0,0,0,0,2,0,0,,,,,reigled01
672,Phil Stevens,1926,1926,1,17,0,0,0,,0,,,,0,,,,,,,,steveph01
673,Bill Thoms,1945,1945,1,17,4,2,6,,0,4,0,0,0,2,0,0,,,,,thomsbi01
674,Kris Vernarsky,2003,2004,2,17,1,0,1,-3,2,1,0,0,0,0,0,0,18,5.6,163,9:36,vernakr01
675,Trent Whitfield,2010,2012,2,17,0,1,1,-2,7,0,0,0,0,1,0,0,16,0.0,191,11:13,whitftr01
676,Greg Zanon,2012,2012,1,17,1,1,2,4,4,1,0,0,1,1,0,0,14,7.1,270,15:54,zanongr01
677,Billy Boucher,1927,1927,1,16,2,0,2,,14,,,,1,,,,,,,,bouchbi01
678,Eddie Burke,1932,1932,1,16,3,0,3,,12,,,,0,,,,,,,,burkeed01
679,Matt Hervey,1992,1992,1,16,0,1,1,-5,55,0,0,0,0,1,0,0,8,0.0,,,hervema01
680,Zdeněk Kutlák,2001,2004,3,16,1,2,3,-4,4,1,0,0,0,2,0,0,8,12.5,205,12:49,kutlazd01
681,Marquis Mathieu,1999,2001,3,16,0,2,2,-3,14,0,0,0,0,2,0,0,7,0.0,109,6:50,mathima01
682,Dave Scatchard,2006,2006,1,16,4,6,10,-2,28,3,1,0,0,0,6,0,40,10.0,271,16:56,scatcda01
683,Cliff Thompson,1942,1949,2,16,0,1,1,,2,0,0,0,0,1,0,0,,,,,thompcl01
684,Murray Balfour,1965,1965,1,15,0,2,2,-7,26,0,0,0,0,1,1,0,41,0.0,,,balfomu01
685,Sergei Gonchar,2004,2004,1,15,4,5,9,6,12,2,2,0,0,4,1,0,34,11.8,383,25:32,gonchse01
686,Gord Hynes,1992,1992,1,15,0,5,5,8,6,0,0,0,0,5,0,0,16,0.0,,,hynesgo01
687,Doug Kostynski,1984,1985,2,15,3,1,4,3,4,3,0,0,0,1,0,0,12,25.0,,,kostydo01
688,Guy Labrie,1944,1944,1,15,2,7,9,,2,2,0,0,0,5,1,1,,,,,labrigu01
689,Mike Millar,1990,1990,1,15,1,4,5,-2,0,1,0,0,0,4,0,0,18,5.6,,,millami01
690,Ray Neufeld,1989,1990,2,15,1,3,4,-2,28,1,0,0,0,3,0,0,17,5.9,,,neufera01
691,Michael Nylander,2004,2004,1,15,1,11,12,3,14,1,0,0,1,7,4,0,29,3.4,236,15:43,nylanmi01
692,Joel Prpic,1998,2000,2,15,0,3,3,-6,2,0,0,0,0,3,0,0,13,0.0,95,6:47,prpicjo01
693,C.J. Young,1993,1993,1,15,4,5,9,1,12,4,0,0,1,5,0,0,22,18.2,,,youngcj01
694,Barry Ashbee,1966,1966,1,14,0,3,3,-8,14,0,0,0,0,3,0,0,16,0.0,,,ashbeba01
695,Rod Graham,1975,1975,1,14,2,1,3,0,7,1,1,0,0,1,0,0,7,28.6,,,graharo01
696,Moe Lemay,1988,1989,2,14,0,0,0,-7,23,0,0,0,0,0,0,0,8,0.0,,,lemaymo01
697,Andrej Meszároš,2014,2014,1,14,2,3,5,4,6,1,1,0,0,3,0,0,22,9.1,265,18:54,meszaan01
698,Paul Postma,2018,2018,1,14,0,1,1,-2,2,0,0,0,0,1,0,0,14,0.0,143,10:14,postmpa01
699,Brian Propp,1990,1990,1,14,3,9,12,2,10,2,0,1,0,6,3,0,45,6.7,,,proppbr01
700,Martin Samuelsson,2003,2004,2,14,0,1,1,-2,2,0,0,0,0,1,0,0,10,0.0,127,9:06,samuema01
701,Zachary Senyshyn,2019,2021,3,14,1,2,3,0,2,1,0,0,0,2,0,0,15,6.7,138,9:51,senysza01
702,Martin St. Pierre,2009,2009,1,14,2,2,4,-1,4,1,0,1,1,2,0,0,15,13.3,160,11:24,stpiema01
703,Jarred Tinordi,2021,2021,1,14,0,1,1,-5,7,0,0,0,0,1,0,0,22,0.0,243,17:22,tinorja01
704,Ivan Boldirev,1971,1972,2,13,0,2,2,1,6,0,0,0,0,2,0,0,3,0.0,,,boldiiv01
705,Fern Headley,1925,1925,1,13,1,3,4,,4,,,,0,,,,,,,,headlfe01
706,Lloyd Klein,1929,1932,2,13,2,0,2,,5,,,,0,,,,,,,,kleinll01
707,Arnie Kullman,1948,1950,2,13,0,1,1,,11,0,0,0,0,1,0,0,,,,,kullmar01
708,Norm McAtee,1947,1947,1,13,0,1,1,,0,0,0,0,0,1,0,0,,,,,mcateno01
709,Marc McLaughlin,2022,2023,2,13,3,0,3,-2,10,3,0,0,0,0,0,0,15,20.0,135,10:25,mclauma01
710,Steve Montador,2009,2009,1,13,0,1,1,3,18,0,0,0,0,1,0,0,17,0.0,207,15:55,montast01
711,André Roy,1996,1997,2,13,0,2,2,-5,12,0,0,0,0,2,0,0,12,0.0,,,royan01
712,Archie Wilcox,1934,1934,1,13,0,1,1,,2,0,0,0,0,1,0,0,,,,,wilcoar01
713,Ossie Aubuchon,1943,1944,2,12,4,0,4,,0,4,0,0,1,0,0,0,,,,,aubucos01
714,Dave Barr,1982,1983,2,12,1,1,2,1,7,1,0,0,0,1,0,0,12,8.3,,,barrda01
715,Bob Blake,1936,1936,1,12,0,0,0,,0,0,0,0,0,0,0,0,,,,,blakebo01
716,Tom Brennan,1944,1945,2,12,2,2,4,,2,2,0,0,0,2,0,0,,,,,brennto01
717,Carl Corazzini,2004,2004,1,12,2,0,2,2,0,1,0,1,0,0,0,0,16,12.5,128,10:41,corazca01
718,Al Iafrate,1994,1994,1,12,5,8,13,6,20,3,2,0,1,6,2,0,47,10.6,,,iafraal01
719,Ron Lyons,1931,1931,1,12,0,0,0,,12,,,,0,,,,,,,,lyonsro01
720,Don Smillie,1934,1934,1,12,2,2,4,,4,2,0,0,0,2,0,0,,,,,smilldo01
721,Jordan Szwarz,2018,2018,1,12,0,3,3,-4,2,0,0,0,0,2,1,0,19,0.0,138,11:31,szwarjo01
722,Dave Thomlinson,1992,1992,1,12,0,1,1,-2,17,0,0,0,0,1,0,0,12,0.0,,,thomlda01
723,Jean Gauthier,1969,1969,1,11,0,2,2,-1,8,0,0,0,0,1,1,0,10,0.0,,,gauthje01
724,Jaromír Jágr,2013,2013,1,11,2,7,9,3,2,2,0,0,2,5,2,0,28,7.1,203,18:27,jagrja01
725,Mikko Mäkelä,1995,1995,1,11,1,2,3,0,0,0,1,0,0,0,2,0,10,10.0,,,makelmi01
726,Eric Manlow,2001,2002,2,11,0,1,1,0,2,0,0,0,0,1,0,0,5,0.0,78,7:04,manloer01
727,Rick Nash,2018,2018,1,11,3,3,6,-4,4,1,2,0,0,2,1,0,41,7.3,185,16:51,nashri01
728,Rob O'Gara,2017,2018,2,11,0,0,0,-4,0,0,0,0,0,0,0,0,4,0.0,136,12:21,ogararo01
729,Clayton Pachal,1977,1978,2,11,0,0,0,-1,26,0,0,0,0,0,0,0,4,0.0,,,pachacl01
730,Sean Pronger,2000,2000,1,11,0,1,1,-4,13,0,0,0,0,1,0,0,7,0.0,119,10:47,prongse01
731,Eddie Rodden,1929,1929,1,11,0,0,0,,10,,,,0,,,,,,,,roddeed01
732,Tom Webster,1969,1970,2,11,0,3,3,-2,11,0,0,0,0,3,0,0,13,0.0,,,webstto01
733,Paul Beraldo,1988,1989,2,10,0,0,0,-5,4,0,0,0,0,0,0,0,2,0.0,,,beralpa01
734,George Carroll,1925,1925,1,10,0,0,0,,7,,,,0,,,,,,,,carroge01
735,Clark Donatelli,1992,1992,1,10,0,1,1,-8,22,0,0,0,0,1,0,0,7,0.0,,,donatcl01
736,Hap Emms,1935,1935,1,10,1,1,2,,8,1,0,0,0,1,0,0,,,,,emmsha01
737,Art Giroux,1935,1935,1,10,1,0,1,,0,1,0,0,0,0,0,0,,,,,girouar01
738,Lloyd Gronsdahl,1942,1942,1,10,1,2,3,,0,1,0,0,0,2,0,0,,,,,gronsll01
739,Marcus Johansson,2019,2019,1,10,1,2,3,-1,0,1,0,0,0,2,0,0,12,8.3,134,13:25,johanma03
740,Aaron Johnson,2013,2013,1,10,0,0,0,0,10,0,0,0,0,0,0,0,8,0.0,149,14:52,johnsaa01
741,John Quilty,1948,1948,1,10,3,1,4,,2,2,1,0,1,1,0,0,,,,,quiltjo01
742,Al Simmons,1974,1976,2,10,0,1,1,-1,21,0,0,0,0,1,0,0,7,0.0,,,simmoal01
743,Alf Skinner,1925,1925,1,10,0,1,1,,17,,,,0,,,,,,,,skinnal01
744,Ben Walter,2006,2007,2,10,0,0,0,2,4,0,0,0,0,0,0,0,6,0.0,96,9:34,waltebe01
745,David Warsofsky,2014,2015,2,10,1,2,3,2,0,1,0,0,0,2,0,0,17,5.9,168,16:48,warsoda01
746,Sergei Zinovjev,2004,2004,1,10,0,1,1,1,2,0,0,0,0,1,0,0,8,0.0,98,9:48,zinovse01
747,Jack Ahcan,2021,2022,2,9,1,0,1,-6,0,0,1,0,0,0,0,0,10,10.0,158,17:34,ahcanja01
748,Art Gagne,1930,1930,1,9,0,2,2,,8,,,,0,,,,,,,,gagnear01
749,Jeannot Gilbert,1963,1965,2,9,0,1,1,-5,4,0,0,0,0,1,0,0,4,0.0,,,gilbeje01
750,Nick Johnson,2014,2014,1,9,0,0,0,-4,0,0,0,0,0,0,0,0,10,0.0,87,9:42,johnsni01
751,Petr Kalus,2007,2007,1,9,4,1,5,0,6,3,1,0,0,1,0,0,8,50.0,101,11:16,kaluspe01
752,Ondřej Kaše,2020,2021,2,9,0,1,1,0,4,0,0,0,0,1,0,0,13,0.0,113,12:31,kaseon01
753,Alexander Khokhlachev,2014,2016,3,9,0,0,0,-4,2,0,0,0,0,0,0,0,7,0.0,91,10:07,khokhal01
754,Anders Myrvold,1997,1997,1,9,0,2,2,-1,4,0,0,0,0,1,1,0,8,0.0,,,myrvoan01
755,Randy Robitaille,1997,1999,3,9,0,2,2,-3,0,0,0,0,0,0,2,0,10,0.0,41,10:11,robitra01
756,Chuck Scherza,1944,1944,1,9,1,1,2,,6,1,0,0,0,1,0,0,,,,,scherch01
757,John Wilkinson,1944,1944,1,9,0,0,0,,6,0,0,0,0,0,0,0,,,,,wilkijo01
758,Bobby Benson,1925,1925,1,8,0,2,2,,4,,,,0,,,,,,,,bensobo01
759,Phil Besler,1936,1936,1,8,0,0,0,,0,0,0,0,0,0,0,0,,,,,besleph01
760,Billy Carter,1961,1961,1,8,0,0,0,-3,0,0,0,0,0,0,0,0,3,0.0,,,cartebi01
761,Gordie Clark,1975,1976,2,8,0,1,1,-5,0,0,0,0,0,1,0,0,4,0.0,,,clarkgo01
762,Ron Jones,1972,1973,2,8,0,0,0,2,2,0,0,0,0,0,0,0,3,0.0,,,jonesro01
763,Brian Lawton,1990,1990,1,8,0,0,0,-4,14,0,0,0,0,0,0,0,10,0.0,,,lawtobr01
764,Bill Lesuk,1969,1970,2,8,0,1,1,3,0,0,0,0,0,1,0,0,4,0.0,,,lesukbi01
765,Lane MacDermid,2012,2013,2,8,0,0,0,-2,15,0,0,0,0,0,0,0,7,0.0,55,6:54,macdela01
766,Ray Podloski,1989,1989,1,8,0,1,1,-1,17,0,0,0,0,1,0,0,3,0.0,,,podlora01
767,Jean Pusie,1935,1935,1,8,1,0,1,,0,1,0,0,1,0,0,0,,,,,pusieje01
768,Jack Riley,1936,1936,1,8,0,0,0,,0,0,0,0,0,0,0,0,,,,,rileyja01
769,Tony Savage,1935,1935,1,8,0,0,0,,2,0,0,0,0,0,0,0,,,,,savagto01
770,Emory Sparrow,1925,1925,1,8,0,0,0,,4,,,,0,,,,,,,,sparrem01
771,Bob Stewart,1972,1972,1,8,0,0,0,3,15,0,0,0,0,0,0,0,0,,,,stewabo01
772,Anton Strålman,2023,2023,1,8,0,0,0,-3,2,0,0,0,0,0,0,0,3,0.0,123,15:22,stralan01
773,Barry Wilkins,1967,1970,3,8,1,0,1,-1,2,1,0,0,0,0,0,0,4,25.0,,,wilkiba01
774,Stan Baluik,1960,1960,1,7,0,0,0,-2,2,0,0,0,0,0,0,0,7,0.0,,,baluist01
775,Bill Bennett,1979,1979,1,7,1,4,5,4,2,1,0,0,0,4,0,0,4,25.0,,,bennebi01
776,John Brackenborough,1926,1926,1,7,0,0,0,,0,,,,0,,,,,,,,brackjo01
777,Rich Brennan,2003,2003,1,7,0,1,1,3,6,0,0,0,0,1,0,0,12,0.0,95,13:37,brennri01
778,Wade Brookbank,2007,2007,1,7,1,0,1,-1,15,1,0,0,0,0,0,0,1,100.0,31,4:25,brookwa01
779,Brian Dobbin,1992,1992,1,7,1,0,1,0,22,1,0,0,0,0,0,0,4,25.0,,,dobbibr01
780,Brian Ferlin,2015,2015,1,7,0,1,1,0,0,0,0,0,0,1,0,0,6,0.0,62,8:48,ferlibr01
781,Jesper Frödén,2022,2022,1,7,1,0,1,4,2,1,0,0,0,0,0,0,10,10.0,90,12:52,frodeje01
782,Taylor Hall,1988,1988,1,7,0,0,0,-3,4,0,0,0,0,0,0,0,5,0.0,,,hallta01
783,Steve Langdon,1975,1978,3,7,0,1,1,-1,2,0,0,0,0,1,0,0,3,0.0,,,langdst01
784,Carl Mokosak,1989,1989,1,7,0,0,0,-2,31,0,0,0,0,0,0,0,3,0.0,,,mokosca01
785,Craig Sarner,1975,1975,1,7,0,0,0,-3,0,0,0,0,0,0,0,0,5,0.0,,,sarnecr01
786,Clarence Schmidt,1944,1944,1,7,1,0,1,,2,1,0,0,0,0,0,0,,,,,schmicl01
787,Mike Stevens,1988,1988,1,7,0,1,1,0,9,0,0,0,0,1,0,0,5,0.0,,,stevemi01
788,Burr Williams,1935,1935,1,7,0,0,0,,6,0,0,0,0,0,0,0,,,,,willibu01
789,John Arbour,1966,1968,2,6,0,1,1,2,11,0,0,0,0,1,0,0,4,0.0,,,arboujo01
790,Ralph Barahona,1991,1992,2,6,2,2,4,3,0,2,0,0,0,1,1,0,5,40.0,,,barahra01
791,Don Blackburn,1963,1963,1,6,0,5,5,-1,4,0,0,0,0,5,0,0,3,0.0,,,blackdo01
792,Josh Brown,2022,2022,1,6,0,0,0,2,5,0,0,0,0,0,0,0,2,0.0,96,15:58,brownjo01
793,Dick Cherry,1957,1957,1,6,0,0,0,,4,0,0,0,0,0,0,0,,,,,cherrdi01
794,Mark Cornforth,1996,1996,1,6,0,0,0,4,4,0,0,0,0,0,0,0,1,0.0,,,cornfma01
795,Kaspars Daugaviņš,2013,2013,1,6,0,1,1,-1,0,0,0,0,0,1,0,0,13,0.0,58,9:43,daugaka01
796,Lloyd Gross,1934,1934,1,6,1,0,1,,6,1,0,0,0,0,0,0,,,,,grossll01
797,Walter Harnott,1934,1934,1,6,0,0,0,,2,0,0,0,0,0,0,0,,,,,harnowa01
798,Smokey Harris,1925,1925,1,6,3,1,4,,8,,,,0,,,,,,,,harrism01
799,Floyd Hillman,1957,1957,1,6,0,0,0,,10,0,0,0,0,0,0,0,,,,,hillmfl01
800,Martins Karsums,2009,2009,1,6,0,1,1,-3,0,0,0,0,0,1,0,0,6,0.0,58,9:45,karsuma01
801,Bonner Larose,1926,1926,1,6,0,0,0,,0,,,,0,,,,,,,,larosbo01
802,Bernie Morris,1925,1925,1,6,1,1,2,,0,,,,1,,,,,,,,morribe01
803,Mike Mottau,2012,2012,1,6,0,0,0,-1,0,0,0,0,0,0,0,0,3,0.0,82,13:36,mottami01
804,Kirk Nielsen,1998,1998,1,6,0,0,0,-1,0,0,0,0,0,0,0,0,1,0.0,,,nielski01
805,George Patterson,1934,1934,1,6,0,1,1,,2,0,0,0,0,1,0,0,,,,,pattege01
806,Pascal Pelletier,2008,2008,1,6,0,0,0,-2,0,0,0,0,0,0,0,0,8,0.0,66,11:04,pellepa01
807,Wade Redden,2013,2013,1,6,1,1,2,0,0,1,0,0,0,0,1,0,5,20.0,92,15:24,reddewa01
808,Danny Schock,1971,1971,1,6,0,0,0,-1,0,0,0,0,0,0,0,0,1,0.0,,,schocda01
809,Sean Shanahan,1978,1978,1,6,0,0,0,-1,7,0,0,0,0,0,0,0,2,0.0,,,shanase01
810,Bob Taylor,1930,1930,1,6,0,0,0,,4,,,,0,,,,,,,,taylobo01
811,Ken Yackel,1959,1959,1,6,0,0,0,,2,0,0,0,0,0,0,0,,,,,yackeke01
812,Kenny Agostino,2018,2018,1,5,0,1,1,-1,4,0,0,0,0,0,1,0,11,0.0,60,12:03,agostke01
813,Zdeněk Blatný,2006,2006,1,5,0,0,0,-2,2,0,0,0,0,0,0,0,3,0.0,26,5:08,blatnzd01
814,Andrew Bodnarchuk,2010,2010,1,5,0,0,0,-2,2,0,0,0,0,0,0,0,0,,37,7:19,bodnaan01
815,David Emma,1997,1997,1,5,0,0,0,-1,0,0,0,0,0,0,0,0,3,0.0,,,emmada01
816,Tommy Filmore,1933,1934,2,5,0,0,0,,0,0,0,0,0,0,0,0,,,,,filmoto01
817,Paul Guay,1989,1989,1,5,0,2,2,0,0,0,0,0,0,2,0,0,1,0.0,,,guaypa01
818,Ed Jeremiah,1932,1932,1,5,0,0,0,,0,,,,0,,,,,,,,jeremed01
819,Joona Koppanen,2023,2023,1,5,0,1,1,0,4,0,0,0,0,1,0,0,2,0.0,54,10:50,koppajo01
820,Greg McKegg,2021,2021,1,5,1,0,1,-3,2,1,0,0,0,0,0,0,4,25.0,48,9:34,mckeggr01
821,Lloyd Cook,1925,1925,1,4,1,0,1,,0,,,,0,,,,,,,,cookll01
822,Norm Corcoran,1950,1955,3,4,0,0,0,,2,0,0,0,0,0,0,0,,,,,corcono01
823,Ab DeMarco,1943,1944,2,4,4,2,6,,0,4,0,0,0,2,0,0,,,,,demarab01
824,Ron Flockhart,1989,1989,1,4,0,0,0,-3,0,0,0,0,0,0,0,0,3,0.0,,,flockro02
825,Justin Florek,2014,2014,1,4,1,1,2,1,0,1,0,0,0,1,0,0,5,20.0,47,11:51,floreju01
826,Ted Hodgson,1967,1967,1,4,0,0,0,0,0,0,0,0,0,0,0,0,1,0.0,,,hodgste01
827,Drew Larman,2010,2010,1,4,0,0,0,-1,0,0,0,0,0,0,0,0,5,0.0,32,8:05,larmadr01
828,Matt Lindblad,2014,2015,2,4,0,0,0,0,0,0,0,0,0,0,0,0,3,0.0,39,9:46,lindbma01
829,Sylvio Mantha*,1937,1937,1,4,0,0,0,,2,0,0,0,0,0,0,0,,,,,manthsy01
830,Joe Matte,1926,1926,1,4,0,0,0,,0,,,,0,,,,,,,,mattejo01
831,Jon Morris,1994,1994,1,4,0,0,0,-2,0,0,0,0,0,0,0,0,3,0.0,,,morrijo02
832,Poul Popiel,1966,1966,1,4,0,1,1,-1,2,0,0,0,0,1,0,0,1,0.0,,,popiepo01
833,Bobby Rowe,1925,1925,1,4,1,0,1,,0,,,,0,,,,,,,,rowebo01
834,Kevin Sawyer,1996,1997,2,4,0,0,0,1,5,0,0,0,0,0,0,0,0,,,,sawyeke01
835,Allan Stewart,1992,1992,1,4,0,0,0,-1,17,0,0,0,0,0,0,0,1,0.0,,,stewaal01
836,Nate Thompson,2007,2007,1,4,0,0,0,0,0,0,0,0,0,0,0,0,5,0.0,19,4:46,thompna01
837,Jim Vesey,1992,1992,1,4,0,0,0,0,0,0,0,0,0,0,0,0,1,0.0,,,veseyji01
838,Terry Virtue,1999,1999,1,4,0,0,0,2,0,0,0,0,0,0,0,0,2,0.0,39,9:41,virtute01
839,Jeff Zehr,2000,2000,1,4,0,0,0,-1,2,0,0,0,0,0,0,0,3,0.0,30,7:25,zehrje01
840,Johnathan Aitken,2000,2000,1,3,0,0,0,-3,0,0,0,0,0,0,0,0,2,0.0,57,18:57,aitkejo01
841,Ron Buchanan,1967,1967,1,3,0,0,0,0,0,0,0,0,0,0,0,0,0,,,,bucharo01
842,Carter Camper,2012,2012,1,3,1,0,1,1,0,1,0,0,0,0,0,0,1,100.0,20,6:42,campeca01
843,Paul Carey,2019,2020,2,3,0,0,0,-1,0,0,0,0,0,0,0,0,3,0.0,35,11:44,careypa01
844,Art Chisholm,1961,1961,1,3,0,0,0,-2,0,0,0,0,0,0,0,0,5,0.0,,,chishar01
845,Terry Crisp,1966,1966,1,3,0,0,0,-3,0,0,0,0,0,0,0,0,9,0.0,,,crispte01
846,Tommy Cross,2016,2016,1,3,0,1,1,-1,0,0,0,0,0,0,0,1,0,,39,13:05,crossto01
847,Ab DeMarco,1979,1979,1,3,0,0,0,0,0,0,0,0,0,0,0,0,5,0.0,,,demarab02
848,P.C. Drouin,1997,1997,1,3,0,0,0,1,0,0,0,0,0,0,0,0,1,0.0,,,drouipc01
849,Ed Finnigan,1936,1936,1,3,0,0,0,,0,0,0,0,0,0,0,0,,,,,finnied01
850,Matt Glennon,1992,1992,1,3,0,0,0,0,2,0,0,0,0,0,0,0,2,0.0,,,glennma01
851,Josh Hennessy,2012,2012,1,3,0,0,0,1,2,0,0,0,0,0,0,0,2,0.0,20,6:46,hennejo01
852,Phil Hergesheimer,1942,1942,1,3,0,0,0,,12,0,0,0,0,0,0,0,,,,,hergeph01
853,Matt Herr,2003,2003,1,3,0,0,0,0,0,0,0,0,0,0,0,0,1,0.0,25,8:17,herrma01
854,Ryan Hughes,1996,1996,1,3,0,0,0,0,0,0,0,0,0,0,0,0,2,0.0,,,hughery01
855,Robert Lang,1998,1998,1,3,0,0,0,1,2,0,0,0,0,0,0,0,2,0.0,,,langro01
856,Martin Lauder,1928,1928,1,3,0,0,0,,2,,,,0,,,,,,,,laudema01
857,Alan May,1988,1988,1,3,0,0,0,-1,15,0,0,0,0,0,0,0,3,0.0,,,mayal01
858,Jeff Norton,2002,2002,1,3,0,1,1,0,2,0,0,0,0,0,1,0,2,0.0,47,15:46,nortoje01
859,Corey Potter,2014,2014,1,3,0,0,0,-1,0,0,0,0,0,0,0,0,1,0.0,41,13:45,potteco01
860,Petr Prajsler,1992,1992,1,3,0,0,0,-1,2,0,0,0,0,0,0,0,3,0.0,,,prajspe01
861,Bobby Robins,2015,2015,1,3,0,0,0,0,14,0,0,0,0,0,0,0,0,,23,7:35,robinbo01
862,Earl Roche,1933,1933,1,3,0,0,0,,0,,,,0,,,,,,,,rocheea01
863,Dale Rolfe,1960,1960,1,3,0,0,0,-6,0,0,0,0,0,0,0,0,1,0.0,,,rolfeda01
864,Yevgeny Shaldybin,1997,1997,1,3,1,0,1,-2,0,1,0,0,0,0,0,0,5,20.0,,,shaldye01
865,Johnny Sheppard,1934,1934,1,3,0,0,0,,0,0,0,0,0,0,0,0,,,,,sheppjo01
866,Gemel Smith,2019,2019,1,3,0,0,0,-3,0,0,0,0,0,0,0,0,3,0.0,30,10:00,smithge02
867,Dennis Vaske,1999,1999,1,3,0,0,0,-3,6,0,0,0,0,0,0,0,0,,25,8:19,vaskede01
868,Fred Bergdinon,1926,1926,1,2,0,0,0,,0,,,,0,,,,,,,,bergdfr01
869,Jack Capuano,1992,1992,1,2,0,0,0,-1,0,0,0,0,0,0,0,0,1,0.0,,,capuaja01
870,Denis Chervyakov,1993,1993,1,2,0,0,0,-1,2,0,0,0,0,0,0,0,2,0.0,,,chervde01
871,Nobby Clark,1928,1928,1,2,0,0,0,,0,,,,0,,,,,,,,clarkno01
872,Grant Erickson,1969,1969,1,2,1,0,1,2,0,1,0,0,0,0,0,0,2,50.0,,,erickgr01
873,Steven Fogarty,2022,2022,1,2,0,0,0,-2,2,0,0,0,0,0,0,0,2,0.0,21,10:18,fogarst01
874,Harry Frost,1939,1939,1,2,0,0,0,,0,0,0,0,0,0,0,0,,,,,frostha01
875,Pierre Gagne,1960,1960,1,2,0,0,0,-2,0,0,0,0,0,0,0,0,3,0.0,,,gagnepi01
876,Eric Healey,2006,2006,1,2,0,0,0,0,2,0,0,0,0,0,0,0,1,0.0,17,8:28,healeer01
877,Bill Huard,1993,1993,1,2,0,0,0,0,0,0,0,0,0,0,0,0,0,,,,huardbi01
878,Cameron Hughes,2020,2021,2,2,0,0,0,-2,0,0,0,0,0,0,0,0,3,0.0,26,12:59,hugheca01
879,Matt Irwin,2016,2016,1,2,0,0,0,-5,0,0,0,0,0,0,0,0,3,0.0,30,14:56,irwinma01
880,Ric Jackman,2002,2002,1,2,0,0,0,-1,2,0,0,0,0,0,0,0,4,0.0,27,13:26,jackmri01
881,Walter Jackson,1936,1936,1,2,0,0,0,,0,0,0,0,0,0,0,0,,,,,jackswa01
882,Dominic Lavoie,1993,1993,1,2,0,0,0,-1,2,0,0,0,0,0,0,0,7,0.0,,,lavoido01
883,Jay Leach,2006,2006,1,2,0,0,0,1,7,0,0,0,0,0,0,0,0,,13,6:20,leachja02
884,Mikko Lehtonen,2009,2010,2,2,0,0,0,-1,0,0,0,0,0,0,0,0,2,0.0,23,11:41,lehtomi02
885,Pete Leswick,1945,1945,1,2,0,0,0,,0,0,0,0,0,0,0,0,,,,,leswipe01
886,Tyler Lewington,2022,2022,1,2,0,0,0,-1,7,0,0,0,0,0,0,0,2,0.0,25,12:27,lewinty01
887,Scott McLellan,1983,1983,1,2,0,0,0,0,0,0,0,0,0,0,0,0,0,,,,mclelsc01
888,Mike McMahon,1946,1946,1,2,0,0,0,,2,0,0,0,0,0,0,0,,,,,mcmahmi01
889,Peter Nordström,1999,1999,1,2,0,0,0,-1,0,0,0,0,0,0,0,0,0,,16,8:04,nordspe01
890,Ellard O'Brien,1956,1956,1,2,0,0,0,,0,0,0,0,0,0,0,0,,,,,obrieel01
891,Jeff Penner,2010,2010,1,2,0,0,0,0,0,0,0,0,0,0,0,0,1,0.0,28,14:01,penneje01
892,Garry Peters,1972,1972,1,2,0,0,0,0,2,0,0,0,0,0,0,0,1,0.0,,,peterga01
893,Harry Pidhirny,1958,1958,1,2,0,0,0,,0,0,0,0,0,0,0,0,,,,,pidhiha01
894,George Ranieri,1957,1957,1,2,0,0,0,,0,0,0,0,0,0,0,0,,,,,raniege01
895,Nathan Robinson,2006,2006,1,2,0,0,0,0,0,0,0,0,0,0,0,0,1,0.0,7,3:32,robinna01
896,Kent Ruhnke,1976,1976,1,2,0,1,1,1,0,0,0,0,0,1,0,0,2,0.0,,,ruhnkke01
897,Otto Schmidt,1944,1944,1,2,0,0,0,,0,0,0,0,0,0,0,0,,,,,schmiot01
898,Max Sutherland,1932,1932,1,2,0,0,0,,0,,,,0,,,,,,,,suthema01
899,Jamie Tardif,2013,2013,1,2,0,0,0,0,0,0,0,0,0,0,0,0,1,0.0,10,4:56,tardija01
900,Mikhail Tatarinov,1994,1994,1,2,0,0,0,0,2,0,0,0,0,0,0,0,4,0.0,,,tatarmi01
901,Gord Turlik,1960,1960,1,2,0,0,0,-2,2,0,0,0,0,0,0,0,1,0.0,,,turligo01
902,Tony Tuzzolino,2002,2002,1,2,0,0,0,-1,0,0,0,0,0,0,0,0,1,0.0,11,5:32,tuzzoto01
903,Andy Wozniewski,2010,2010,1,2,0,0,0,0,0,0,0,0,0,0,0,0,1,0.0,19,9:17,woznian01
904,Rick Adduono,1976,1976,1,1,0,0,0,-1,0,0,0,0,0,0,0,0,0,,,,adduori01
905,Jamie Arniel,2011,2011,1,1,0,0,0,-1,0,0,0,0,0,0,0,0,3,0.0,12,12:26,arnieja01
906,Steve Atkinson,1969,1969,1,1,0,0,0,-1,0,0,0,0,0,0,0,0,0,,,,atkinst01
907,Bart Bradley,1950,1950,1,1,0,0,0,,0,0,0,0,0,0,0,0,,,,,bradlba01
908,Gord Byers,1950,1950,1,1,0,1,1,,0,0,0,0,0,0,1,0,,,,,byersgo01
909,Connor Carrick,2023,2023,1,1,0,1,1,3,0,0,0,0,0,1,0,0,2,0.0,17,16:54,carrico01
910,Murray Davison,1966,1966,1,1,0,0,0,-1,0,0,0,0,0,0,0,0,1,0.0,,,davismu01
911,Armand Delmonte,1946,1946,1,1,0,0,0,,0,0,0,0,0,0,0,0,,,,,delmoar01
912,Aaron Downey,2000,2000,1,1,0,0,0,0,0,0,0,0,0,0,0,0,0,,9,8:31,downeaa01
913,Dale Dunbar,1989,1989,1,1,0,0,0,0,0,0,0,0,0,0,0,0,2,0.0,,,dunbada01
914,Gerry Ehman,1958,1958,1,1,1,0,1,,0,1,0,0,0,0,0,0,,,,,ehmange01
915,Marcel Fillion,1945,1945,1,1,0,0,0,,0,0,0,0,0,0,0,0,,,,,fillima01
916,Brendan Gaunce,2020,2020,1,1,0,1,1,1,2,0,0,0,0,1,0,0,0,,9,9:10,gauncbr01
917,Bob Gryp,1974,1974,1,1,0,0,0,-2,0,0,0,0,0,0,0,0,0,,,,grypbo01
918,Ben Guite,2006,2006,1,1,0,0,0,0,0,0,0,0,0,0,0,0,2,0.0,9,8:53,guitebe01
919,Ken Hammond,1991,1991,1,1,1,0,1,2,2,1,0,0,0,0,0,0,3,33.3,,,hammoke01
920,Paul Hurley,1969,1969,1,1,0,1,1,1,0,0,0,0,0,1,0,0,5,0.0,,,hurlepa01
921,John Ingram,1925,1925,1,1,0,0,0,,0,,,,0,,,,,,,,ingrajo01
922,Ted Irvine,1964,1964,1,1,0,0,0,-2,0,0,0,0,0,0,0,0,0,,,,irvinte01
923,Walter Kalbfleisch,1937,1937,1,1,0,0,0,,0,0,0,0,0,0,0,0,,,,,kalbfwa01
924,Chris Kelleher,2002,2002,1,1,0,0,0,0,0,0,0,0,0,0,0,0,0,,6,6:07,kellech01
925,Guillaume Lefebvre,2010,2010,1,1,0,0,0,0,0,0,0,0,0,0,0,0,0,,11,11:01,lefebgu01
926,Vinni Lettieri,2023,2023,1,1,0,0,0,-1,0,0,0,0,0,0,0,0,1,0.0,10,9:50,lettivi01
927,Ray Manson,1948,1948,1,1,0,0,0,,0,0,0,0,0,0,0,0,,,,,mansora01
928,Sammy McManus,1937,1937,1,1,0,0,0,,0,0,0,0,0,0,0,0,,,,,mcmansa01
929,Brantt Myhres,2003,2003,1,1,0,0,0,0,31,0,0,0,0,0,0,0,0,,5,5:26,myhrebr01
930,Graeme Nicolson,1979,1979,1,1,0,0,0,0,0,0,0,0,0,0,0,0,0,,,,nicolgr01
931,Paul O'Neil,1976,1976,1,1,0,0,0,-1,0,0,0,0,0,0,0,0,1,0.0,,,oneilpa01
932,Dan Poliziani,1959,1959,1,1,0,0,0,,0,0,0,0,0,0,0,0,,,,,polizda01
933,Jake Rathwell,1975,1975,1,1,0,0,0,0,0,0,0,0,0,0,0,0,0,,,,rathwja01
934,Dan Renouf,2023,2023,1,1,0,0,0,-3,0,0,0,0,0,0,0,0,5,0.0,12,11:34,renouda01
935,Max Sauve,2012,2012,1,1,0,0,0,0,0,0,0,0,0,0,0,0,0,,4,3:43,sauvema01
936,Jeff Serowik,1995,1995,1,1,0,0,0,1,0,0,0,0,0,0,0,0,0,,,,serowje01
937,Jonathan Sigalet,2007,2007,1,1,0,0,0,-2,4,0,0,0,0,0,0,0,1,0.0,15,14:41,sigaljo02
938,Frank Spring,1970,1970,1,1,0,0,0,0,0,0,0,0,0,0,0,0,0,,,,sprinfr01
939,Skip Teal,1955,1955,1,1,0,0,0,,0,0,0,0,0,0,0,0,,,,,tealsk01


Provided by <a href="https://www.sports-reference.com/sharing.html?utm_source=direct&utm_medium=Share&utm_campaign=ShareTool">Hockey-Reference.com</a>: <a href="https://www.hockey-reference.com/teams/BOS/skaters.html?sr&utm_source=direct&utm_medium=Share&utm_campaign=ShareTool#stats">View Original Table</a><br>Generated 8/22/2023.