--- When using SR data, please cite us and provide a link and/or a mention.


 
,,,,,,Scoring,,,Scoring,,Goals,,,,Assists,,,,,Ice Time,,-additional
Rk,Player,From,To,Yrs,GP▼,G,A,PTS,+/-,PIM,EV,PP,SH,GW,EV,PP,SH,S,S%,TOI,ATOI,-9999
1,Henri Richard*,1956,1975,20,1258,358,688,1046,243,932,311,47,0,53,572,115,1,3199,8.5,,,richahe01
2,Larry Robinson*,1973,1989,17,1202,197,686,883,692,706,129,65,3,28,456,225,5,2136,9.2,,,robinla01
3,Bob Gainey*,1974,1989,16,1160,239,262,501,201,585,205,14,20,34,235,13,14,2094,11.4,,,gainebo01
4,Jean Béliveau*,1951,1971,20,1125,507,712,1219,117,1033,334,173,0,83,441,269,2,2627,11.4,,,belivje01
5,Claude Provost,1956,1970,15,1005,254,335,589,101,475,203,36,15,46,291,39,5,2176,8.7,,,provocl01
6,Andrei Markov,2001,2017,16,990,119,453,572,64,505,56,60,3,20,208,234,11,1627,7.3,22778,23:00,markoan01
7,Tomáš Plekanec,2004,2019,15,984,233,373,606,57,537,160,53,20,36,237,125,11,2341,10.0,17839,18:08,plekato01
8,Maurice Richard*,1943,1960,18,978,544,422,966,18,1287,397,143,4,84,309,111,2,166,11.4,,,richama01
9,Yvan Cournoyer*,1964,1979,16,968,428,435,863,254,233,275,152,1,68,273,162,0,2427,17.6,,,cournyv01
10,Guy Lafleur*,1972,1985,14,961,518,728,1246,470,381,376,139,3,94,487,239,2,3204,16.2,,,laflegu01
11,Serge Savard*,1967,1981,15,917,100,312,412,497,537,68,23,9,13,235,67,10,1298,7.7,,,savarse01
12,Guy Carbonneau*,1981,1994,13,912,221,326,547,158,623,182,11,28,33,293,18,15,1527,14.5,,,carbogu01
13,Patrice Brisebois,1991,2009,16,896,87,284,371,5,546,45,41,1,18,145,137,2,1395,6.2,10997,21:47,brisepa01
14,Doug Harvey*,1948,1961,14,890,76,371,447,53,1051,51,22,3,13,184,179,8,150,8.0,,,harvedo01
15,Steve Shutt*,1973,1985,13,871,408,368,776,413,400,318,90,0,49,292,76,0,2276,17.9,,,shuttst01
16,Tom Johnson*,1948,1963,14,857,47,183,230,86,897,35,9,3,9,140,37,6,297,3.0,,,johnsto01
17,Jacques Lemaire*,1968,1979,12,853,366,469,835,344,217,274,88,4,58,339,128,2,3052,12.0,,,lemaija01
18,Mario Tremblay,1975,1986,12,852,258,326,584,185,1043,210,46,2,35,282,42,2,1884,13.7,,,trembma02
19,Ralph Backstrom,1957,1971,15,844,215,287,502,111,351,194,21,0,29,260,27,0,2003,9.8,,,backsra01
20,Jean-Guy Talbot,1955,1967,13,801,36,209,245,122,892,30,2,4,7,170,34,5,607,4.4,,,talboje01
21,J.C. Tremblay,1960,1972,13,796,57,306,363,244,206,37,19,1,11,186,114,6,1360,4.2,,,trembjc01
22,Saku Koivu,1996,2009,13,792,191,450,641,-10,623,116,66,9,35,258,179,13,1553,12.3,11154,18:52,koivusa01
23,Butch Bouchard*,1942,1956,15,786,49,144,193,,865,39,9,1,10,122,18,4,,,,,bouchbu01
24,Guy Lapointe*,1969,1982,14,777,166,406,572,346,812,106,57,3,20,224,172,10,2300,7.2,,,lapoigu01
25,Bernie Geoffrion*,1951,1964,14,766,371,388,759,40,630,258,111,2,73,226,162,0,1165,12.6,,,geoffbe01
26,Jacques Laperrière*,1963,1974,12,692,40,242,282,256,679,26,10,4,5,149,84,9,1324,3.0,,,laperja01
27,Brendan Gallagher,2013,2023,11,675,202,193,395,56,442,158,43,1,24,161,32,0,2089,9.7,10670,15:48,gallabr01
28,Elmer Lach*,1941,1954,14,664,215,408,623,,478,153,60,2,45,302,104,2,,,,,lachel01
29,Shayne Corson,1986,2000,11,662,168,255,423,69,1341,112,54,2,26,180,69,6,1315,12.8,2640,19:51,corsosh01
30,Aurele Joliat*,1923,1938,16,655,269,194,463,,766,65,11,0,65,45,9,2,,,,,joliaau01
31,Dickie Moore*,1952,1963,12,654,254,339,593,76,569,170,82,2,51,243,96,0,676,14.8,,,mooredi01
32,Craig Rivet,1995,2007,12,653,39,112,151,-1,795,27,12,0,5,86,23,3,677,5.8,10501,19:42,rivetcr01
33,Bobby Rousseau,1961,1970,10,643,200,322,522,109,315,151,40,9,35,201,119,2,1987,10.1,,,roussbo01
34,Réjean Houle,1970,1983,11,634,161,247,408,179,395,132,27,2,22,192,51,4,1101,14.6,,,houlere01
35,Ken Mosdell,1945,1958,13,628,132,155,287,,449,109,14,9,18,131,20,4,,,,,mosdeke01
36,Max Pacioretty,2009,2018,10,626,226,222,448,36,339,164,55,7,45,162,57,3,2047,11.0,11038,17:38,pacioma01
37,Mats Näslund,1983,1990,8,617,243,369,612,123,107,175,66,2,34,234,134,1,1312,18.5,,,nasluma01
38,Jimmy Roberts,1964,1977,10,611,63,100,163,115,301,53,0,10,9,89,4,7,676,9.3,,,roberji01
39,Yvon Lambert,1973,1981,9,606,181,234,415,120,302,133,47,1,32,184,50,0,932,19.4,,,lambeyv01
40,Ryan Walter,1983,1991,9,604,141,208,349,11,419,84,54,3,16,163,43,2,958,14.7,,,waltery01
41,Floyd Curry,1948,1958,10,601,105,99,204,,147,84,9,12,20,88,4,7,,,,,curryfl01
42,Craig Ludwig,1983,1990,8,597,26,111,137,88,619,24,1,1,2,100,8,3,600,4.3,,,ludwicr01
43,Don Marshall,1952,1963,10,585,114,140,254,81,79,81,18,15,20,104,25,11,508,12.0,,,marshdo01
44,Francis Bouillon,2000,2014,11,581,24,93,117,-24,424,17,6,1,5,69,22,2,562,4.3,10421,17:56,bouilfr01
45,Mike McPhee,1984,1992,9,581,162,162,324,92,581,151,3,8,18,145,10,7,1102,14.7,,,mcphemi01
46,Pete Mahovlich,1970,1978,9,580,223,346,569,267,695,151,55,17,35,252,90,4,1448,15.4,,,mahovpe01
47,Toe Blake*,1936,1948,13,569,235,294,529,,282,195,38,2,31,237,57,0,,,,,blaketo01
48,Doug Jarvis,1976,1982,7,560,91,154,245,108,151,81,3,7,13,135,10,9,806,11.3,,,jarvido01
49,Terry Harper,1963,1972,10,554,14,112,126,184,807,14,0,0,2,109,1,2,428,3.3,,,harpete01
50,Pierre Mondou,1978,1985,8,548,194,262,456,213,179,145,44,5,25,203,54,5,1111,17.5,,,mondopi01
51,Sylvio Mantha*,1924,1936,13,538,63,77,140,,669,9,0,0,13,17,3,0,,,,,manthsy01
52,Petr Svoboda,1985,1992,8,534,39,190,229,162,761,26,13,0,10,120,70,0,734,5.3,,,svobope01
53,Claude Larose,1963,1975,11,530,117,123,240,41,546,105,9,3,17,113,7,3,1028,11.4,,,laroscl01
54,Pit Lepine,1926,1938,13,526,143,97,240,,394,36,3,1,31,47,12,0,,,,,lepinpi01
55,Chris Nilan,1980,1992,10,523,88,87,175,16,2248,81,7,0,8,82,5,0,663,13.3,,,nilanch01
56,Vincent Damphousse,1993,1999,7,519,184,314,498,26,559,123,49,12,35,187,119,8,1493,12.3,1329,20:27,damphvi01
57,Gilles Tremblay,1961,1969,9,509,168,162,330,129,164,127,36,5,14,129,32,1,1275,13.2,,,trembgi01
58,Bert Olmstead*,1951,1958,8,508,103,280,383,,612,66,36,1,17,179,100,1,,,,,olmstbe01
59,Jeff Petry,2015,2022,8,508,70,178,248,-56,186,50,19,1,15,115,57,6,1053,6.6,11536,22:42,petryje01
60,Stéphane Quintal,1996,2004,7,507,37,78,115,-14,637,32,3,2,6,61,13,4,734,5.0,5982,20:09,quintst01
61,Mike Keane,1989,1996,8,506,90,179,269,65,496,70,17,3,9,145,30,4,748,12.0,,,keanemi01
62,Bobby Smith,1984,1990,7,505,172,310,482,35,432,123,48,1,27,190,118,2,1219,14.1,,,smithbo01
63,John Ferguson,1964,1971,8,500,145,158,303,83,1216,119,26,0,31,128,30,0,1144,12.7,,,fergujo01
64,Benoît Brunet,1989,2002,13,494,92,149,241,44,221,65,17,10,14,121,23,5,789,11.7,2766,17:11,brunebe01
65,Doug Risebrough,1975,1982,8,493,117,185,302,159,959,107,8,2,19,161,23,1,852,13.7,,,risebdo01
66,Stéphane Richer,1985,1998,9,490,225,196,421,64,399,167,58,0,36,128,67,1,1338,16.8,,,richest02
67,Pierre Bouchard,1971,1978,8,489,16,66,82,135,379,15,0,1,2,66,0,0,429,3.7,,,bouchpi01
68,Georges Mantha,1929,1941,13,488,90,103,193,,146,55,13,1,14,62,18,2,,,,,manthge01
69,Billy Reay,1946,1953,8,475,103,162,265,,202,84,18,1,19,137,22,3,,,,,reaybi01
70,Brian Skrudland,1986,1993,8,475,78,139,217,86,592,64,6,8,13,128,8,3,549,14.2,,,skrudbr01
71,Josh Gorges,2007,2014,8,464,13,75,88,34,192,10,3,0,3,66,7,2,313,4.2,9500,20:29,gorgejo01
72,Brian Savage,1994,2002,9,461,155,130,285,-51,225,107,47,1,25,99,31,0,1108,14.0,3596,17:53,savagbr01
73,Howie Morenz*,1924,1937,12,460,257,164,421,,513,9,3,1,40,21,5,0,,,,,morenho01
74,Glen Harmon,1943,1951,9,453,50,96,146,,334,38,10,2,8,68,27,1,,,,,harmogl01
75,David Desharnais,2010,2017,8,435,79,171,250,36,136,62,17,0,16,119,52,0,527,15.0,7104,16:20,deshada01
76,Lars Eller,2011,2016,6,435,71,83,154,-35,297,60,7,4,17,72,7,4,728,9.8,6377,14:40,ellerla01
77,P.K. Subban,2010,2016,7,434,63,215,278,35,532,28,35,0,9,122,92,1,1082,5.8,10659,24:34,subbapk01
78,Martin Ručinský,1996,2002,7,432,134,163,297,-8,398,86,38,10,18,99,59,5,1110,12.1,4227,18:32,rucinma01
79,Lyle Odelein,1990,1996,7,420,20,75,95,59,1367,13,6,1,2,57,17,1,412,4.9,,,odelely01
80,Alex Galchenyuk,2013,2018,6,418,108,147,255,-34,151,78,30,0,17,99,48,0,870,12.4,6478,15:30,galchal01
81,Ted Harris,1964,1970,7,407,18,95,113,99,576,16,1,1,1,90,4,1,335,5.4,,,harrite01
82,Johnny Gagnon,1931,1940,10,406,116,138,254,,283,50,15,1,27,72,16,0,,,,,gagnojo01
83,Éric Desjardins,1989,1995,7,405,43,136,179,55,351,23,19,1,7,87,47,2,712,6.0,,,desjaer01
84,Wildor Larochelle,1926,1936,11,405,81,63,144,,199,20,3,2,15,26,5,0,,,,,larocwi01
85,Chris Chelios*,1984,1990,7,402,72,237,309,75,783,39,29,4,14,117,113,7,993,7.3,,,chelich01
86,Rick Green,1983,1989,7,399,10,79,89,40,183,7,3,0,0,63,14,2,314,3.2,,,greenri01
87,Artturi Lehkonen,2017,2022,6,396,74,75,149,-2,104,61,6,7,12,71,3,1,826,9.0,5941,15:00,lehkoar01
88,Armand Mondou,1929,1940,12,386,47,71,118,,101,25,4,0,5,36,7,0,,,,,mondoar01
89,Turner Stevenson,1993,2000,8,385,45,66,111,-22,611,43,2,0,7,61,5,0,452,10.0,1736,13:03,stevetu01
90,Paul Byron,2016,2022,7,383,81,79,160,26,98,70,2,9,15,68,7,4,461,17.6,5558,14:31,byronpa01
91,Mathieu Schneider,1988,2009,8,383,68,148,216,36,378,35,33,0,13,71,76,1,934,7.3,482,20:57,schnema01
92,Dollard St. Laurent,1951,1958,8,382,19,82,101,,310,15,3,1,3,77,4,1,,,,,stlaudo01
93,Alexei Emelin,2012,2017,6,380,14,58,72,-18,323,12,1,1,0,55,2,1,349,4.0,7486,19:42,emelial01
94,Andrei Kostitsyn,2006,2012,7,379,99,111,210,8,171,67,32,0,18,87,24,0,797,12.4,5795,15:17,kostian01
95,Phil Goyette,1957,1963,7,375,62,120,182,15,38,58,4,0,13,109,10,1,356,11.2,,,goyetph01
96,Mark Napier,1979,1984,6,367,145,159,304,129,62,122,23,0,19,122,37,0,749,19.4,,,napiema01
97,Oleg Petrov,1993,2003,8,365,70,113,183,-14,99,56,11,3,13,90,23,0,690,10.1,4349,17:11,petrool01
98,Mike Komisarek,2003,2009,6,361,12,46,58,13,496,10,0,2,2,41,0,5,341,3.5,6471,17:56,komismi01
99,Phillip Danault,2016,2021,6,360,54,140,194,47,172,52,1,1,7,125,11,4,587,9.2,6077,16:53,danauph01
100,Ken Reardon*,1941,1950,7,353,26,96,122,,604,22,4,0,6,69,24,3,,,,,reardke01
101,J.J. Daigneault,1990,1996,7,352,22,68,90,68,257,18,4,0,3,51,15,2,384,5.7,,,daignjj01
102,Mark Recchi*,1995,1999,5,346,120,202,322,23,222,77,38,5,18,124,76,2,865,13.9,1258,20:37,recchma01
103,Albert Leduc,1926,1935,9,341,56,33,89,,582,0,0,0,7,0,0,0,,,2,,leducal01
104,Michael Ryder,2004,2013,5,341,109,119,228,-26,164,55,52,2,18,58,61,0,872,12.5,5295,15:32,rydermi01
105,Bob Turner,1956,1961,6,339,8,46,54,2,235,6,0,2,1,41,2,3,55,3.6,,,turnebo01
106,Travis Moen,2010,2015,6,328,27,42,69,-11,279,22,1,4,0,41,0,1,348,7.8,4390,13:23,moentr01
107,Murray Wilson,1973,1978,6,328,83,80,163,81,148,75,7,1,15,75,5,0,477,17.4,,,wilsomu01
108,Bob Fillion,1944,1950,7,327,42,61,103,,84,36,5,1,5,52,8,1,,,,,fillibo01
109,Sheldon Souray,2000,2007,6,324,62,98,160,-44,556,26,33,3,11,37,56,5,810,7.7,7080,21:51,sourash01
110,Murph Chamberlain,1941,1949,8,323,66,103,169,,562,57,7,2,10,94,7,2,,,,,chambmu01
111,Richard Zedník,2001,2006,5,322,98,85,183,2,259,71,27,0,18,63,21,1,901,10.9,5617,17:27,zedniri01
112,Jonathan Drouin,2018,2023,6,321,48,138,186,-77,131,40,8,0,8,86,52,0,612,7.8,5304,16:31,drouijo01
113,Bill Hicke,1960,1965,6,318,69,100,169,49,170,59,10,0,11,79,21,0,524,13.2,,,hickebi01
114,Brian Engblom,1978,1982,5,316,14,87,101,192,298,12,2,0,0,71,14,2,403,3.5,,,engblbr01
115,Alex Kovalev,2004,2009,5,314,103,161,264,-11,310,57,45,1,20,67,90,4,871,11.8,5982,19:03,kovalal01
116,Stéphan Lebeau,1989,1994,6,313,104,139,243,60,79,66,38,0,19,97,42,0,577,18.0,,,lebeast01
117,Roman Hamrlík,2008,2011,4,312,22,97,119,15,237,15,7,0,4,62,31,4,501,4.4,7074,22:40,hamrlro01
118,Marty Burke,1928,1938,8,305,14,38,52,,393,0,0,0,4,7,2,0,,,,,burkema01
119,Dick Duff*,1965,1970,6,305,87,85,172,-23,168,68,19,0,17,58,27,0,590,14.7,,,duffdi01
120,Brian Gionta,2010,2014,5,303,97,76,173,3,96,69,26,2,15,57,18,1,906,10.7,5792,19:07,giontbr01
121,Peter Popovic,1994,1998,5,303,7,48,55,24,173,6,1,0,0,40,7,1,262,2.7,,,popovpe01
122,Maxim Lapierre,2006,2011,6,293,40,40,80,-15,284,36,1,3,5,39,0,1,494,8.1,3772,12:52,lapiema01
123,Jan Bulis,2001,2006,5,292,58,76,134,0,118,48,8,2,12,66,9,1,545,10.6,4600,15:45,bulisja01
124,Nick Suzuki,2020,2023,4,291,75,134,209,-62,95,44,26,5,8,93,38,3,596,12.6,5565,19:07,suzukni01
125,André Pronovost,1957,1961,5,290,48,61,109,-3,223,47,1,0,8,61,0,0,162,8.0,,,pronoan01
126,Karl Dykhuis,2000,2004,5,288,21,32,53,15,152,15,5,1,2,26,5,1,245,8.6,5065,17:35,dykhuka01
127,Vladimir Malakhov,1995,2000,6,283,42,99,141,17,287,19,23,0,6,45,50,4,645,6.5,1605,23:16,malakvl01
128,Chris Higgins,2004,2009,5,282,84,67,151,-13,96,47,29,8,12,39,27,1,699,12.0,4698,16:40,higgich01
129,Rick Chartraw,1975,1981,7,281,18,37,55,67,222,18,0,0,3,37,0,0,302,6.0,,,chartri01
130,Claude Lemieux,1984,1990,7,281,97,92,189,16,576,75,22,0,9,68,24,0,772,12.6,,,lemiecl01
131,Marcel Bonin,1958,1962,5,280,68,137,205,50,218,55,13,0,13,111,26,0,331,12.1,,,boninma01
132,Patrick Poulin,1998,2002,5,277,31,44,75,-3,65,28,0,3,8,38,4,2,288,10.8,3071,12:38,poulipa01
133,Mike Ribeiro,2000,2006,6,276,50,103,153,-11,92,29,21,0,7,63,40,0,359,13.9,4094,14:50,ribeimi01
134,Shea Weber,2017,2021,5,275,58,88,146,31,146,32,26,0,11,59,26,3,713,8.1,6626,24:06,webersh01
135,Buddy O'Connor*,1942,1947,6,271,78,155,233,,22,71,7,0,9,115,40,0,,,,,oconnbu01
136,Ray Getliffe,1940,1945,6,269,99,97,196,,223,87,10,2,10,85,10,2,,,,,getlira01
137,Rod Langway*,1979,1982,4,268,26,101,127,160,347,19,6,1,4,83,15,3,464,5.6,,,langwro01
138,Kirk Muller,1992,1995,4,267,104,143,247,1,292,62,39,3,15,90,52,1,671,15.5,,,mulleki01
139,Steve Bégin,2004,2009,5,266,35,31,66,4,275,31,1,3,4,26,1,4,421,8.3,3327,12:30,beginst01
140,Frank Mahovlich*,1971,1974,4,263,129,181,310,105,145,86,34,9,14,116,61,4,824,15.7,,,mahovfr01
141,Joel Armia,2019,2023,5,259,49,46,95,-10,88,35,7,7,4,36,8,2,534,9.2,3968,15:19,armiajo01
142,Bud MacPherson,1949,1957,7,259,5,33,38,,233,5,0,0,0,28,5,0,,,,,macphbu01
143,Mathieu Dandenault,2006,2009,4,252,20,34,54,-4,174,19,0,1,1,29,3,2,270,7.4,3785,15:01,dandema01
144,Russ Courtnall,1989,1992,4,250,82,113,195,36,77,65,15,2,11,91,20,2,772,10.6,,,courtru01
145,Gaston Gingras,1980,1988,7,247,34,102,136,25,111,11,23,0,8,50,52,0,595,5.7,,,gingrga01
146,Marc Tardif,1970,1973,4,245,78,79,157,58,291,61,17,0,10,57,22,0,524,14.9,,,tardima01
147,Brent Gilchrist,1989,1992,4,236,46,67,113,38,111,42,4,0,6,59,8,0,375,12.3,,,gilchbr01
148,Leo Lamoureux,1942,1947,6,236,19,79,98,,179,16,3,0,4,66,12,1,,,,,lamoule01
149,Pierre Larouche,1978,1982,5,236,110,126,236,80,59,83,27,0,10,82,44,0,565,19.5,,,laroupi01
150,Guillaume Latendresse,2007,2010,4,232,48,37,85,-22,137,40,8,0,8,27,10,0,381,12.6,2926,12:37,latengu01
151,Calum MacKay,1950,1955,5,231,50,55,105,,214,45,5,0,12,51,4,0,,,,,mackaca01
152,Keith Acton,1980,1984,5,228,78,110,188,40,229,62,16,0,10,89,21,0,488,16.0,,,actonke01
153,Walt Buswell,1936,1940,5,228,6,32,38,,108,4,2,0,4,23,9,0,,,,,buswewa01
154,Dave Balon,1964,1967,4,226,56,56,112,43,196,48,8,0,13,45,8,3,456,12.3,,,balonda01
155,Nathan Beaulieu,2013,2017,5,225,7,53,60,19,152,4,3,0,1,39,14,0,277,2.5,3881,17:15,beaulna01
156,Red Goupille,1936,1943,8,224,12,28,40,,256,9,2,1,2,24,4,0,,,,,goupire01
157,John LeClair,1991,1995,5,224,49,69,118,33,91,42,7,0,4,63,6,0,395,12.4,,,leclajo01
158,Yanic Perreault,2002,2004,3,224,67,66,133,-24,110,49,18,0,14,44,22,0,415,16.1,3501,15:38,perreya01
159,Scott Thornton,1997,2000,4,222,25,26,51,-28,443,21,3,1,4,24,2,0,253,9.9,1026,12:31,thornsc01
160,Mickey Redmond,1968,1971,4,221,56,63,119,49,112,48,8,0,3,49,14,0,565,9.9,,,redmomi01
161,Paul Haynes,1936,1941,6,220,33,99,132,,120,32,1,0,5,83,16,0,,,,,haynepa01
162,Valeri Bure,1995,1998,4,215,46,64,110,8,73,35,11,0,5,38,26,0,447,10.3,,,bureva01
163,Brett Kulak,2019,2022,4,215,11,34,45,4,96,10,0,1,3,33,0,1,323,3.4,3724,17:19,kulakbr01
164,Chad Kilger,2001,2004,4,214,28,40,68,-10,96,25,1,2,4,35,5,0,251,11.2,2783,13:00,kilgech01
165,Andreas Dackell,2002,2004,3,212,26,44,70,0,58,21,2,3,3,37,2,5,207,12.6,3369,15:54,dackean01
166,Joé Juneau,2002,2004,3,212,19,54,73,-17,50,15,3,1,4,45,6,3,260,7.3,3616,17:03,juneajo01
167,Paul Meger,1951,1955,5,212,39,52,91,,116,35,2,2,3,47,5,0,,,,,megerpa01
168,Gerry Carson,1929,1935,5,210,11,7,18,,166,4,1,0,2,4,1,0,,,,,carsoge01
169,Denis Savard*,1991,1993,3,210,72,107,179,6,215,45,23,4,7,60,44,3,460,15.7,,,savarde01
170,Mark Streit,2006,2018,4,207,25,84,109,-19,70,13,11,1,4,39,45,0,322,7.8,3213,15:31,streima01
171,Norm Dussault,1948,1951,4,206,31,62,93,,47,24,7,0,5,47,15,0,,,,,dussano01
172,Leo Gravelle,1947,1951,5,204,43,33,76,,32,42,1,0,2,28,5,0,,,,,gravele01
173,Eric Weinrich,1999,2001,3,203,16,56,72,-9,150,8,8,0,2,24,31,1,296,5.4,5052,24:53,weinrer01
174,Doug Wickenheiser,1981,1984,4,202,49,66,115,41,118,41,8,0,7,56,10,0,336,14.6,,,wickedo01
175,Brian Bellows,1993,1995,3,200,81,94,175,6,88,51,30,0,8,57,37,0,621,13.0,,,bellobr01
176,Sylvain Lefebvre,1990,1992,3,200,11,42,53,16,182,10,1,0,1,27,14,1,250,4.4,,,lefebsy01
177,Tomáš Tatar,2019,2021,3,198,57,92,149,26,78,43,14,0,6,76,16,0,439,13.0,3170,16:01,tatarto01
178,Mike Lalor,1986,1989,4,197,5,29,34,4,231,5,0,0,1,27,0,2,155,3.2,,,lalormi01
179,Gilbert Dionne,1991,1995,5,196,60,70,130,-2,106,43,16,1,9,46,24,0,401,15.0,,,dionngi01
180,Hal Gill,2010,2012,3,196,5,23,28,-26,140,5,0,0,1,20,0,3,136,3.7,3621,18:28,gillha01
181,Scott Gomez,2010,2012,3,196,21,87,108,-23,122,11,10,0,4,57,29,1,396,5.3,3577,18:15,gomezsc01
182,Mark Hunter,1982,1985,4,196,53,35,88,0,381,45,8,0,10,32,3,0,249,21.3,,,huntema01
183,Josh Anderson,2021,2023,3,190,57,31,88,-43,175,48,7,2,11,29,2,0,440,13.0,3213,16:54,anderjo05
184,Todd Ewen,1990,1993,4,190,13,19,32,14,609,13,0,0,3,19,0,0,117,11.1,,,ewento01
185,Jake Evans,2020,2023,4,186,20,44,64,-7,79,18,1,1,0,40,0,4,248,8.1,2596,13:58,evansja02
186,Joe Benoit,1941,1947,5,185,75,69,144,,94,62,13,0,8,46,23,0,,,,,benoijo01
187,Victor Mete,2018,2021,4,185,4,30,34,30,36,4,0,0,1,25,5,0,173,2.3,3039,16:26,metevi01
188,Dale Weise,2014,2020,5,184,28,36,64,24,93,25,3,0,3,33,3,0,240,11.7,2241,12:11,weiseda01
189,Marc Bureau,1996,1998,3,182,22,22,44,1,74,20,1,1,5,17,1,4,181,12.2,,,bureama01
190,Andrew Shaw,2017,2019,3,182,41,55,96,13,234,32,9,0,4,44,11,0,356,11.5,2843,15:37,shawan01
191,Billy Coutu,1918,1926,8,181,24,18,42,,346,,,,6,,,,,,,,coutubi01
192,Roger Leger,1947,1950,4,180,17,51,68,,69,8,7,2,5,35,16,0,,,,,legerro01
193,Dick Gamble,1951,1956,5,178,38,41,79,,60,30,7,1,9,32,7,2,,,,,gambldi01
194,Albert Langlois,1958,1961,4,177,2,29,31,56,126,2,0,0,0,29,0,0,121,1.7,,,langlal01
195,Chuck Lefley,1971,1975,5,174,45,60,105,42,60,40,2,3,9,53,5,2,286,15.7,,,leflech01
196,Rod Lorrain,1936,1942,6,174,28,38,66,,30,23,5,0,5,34,4,0,,,,,lorraro01
197,Gilles Lupien,1978,1980,3,174,3,19,22,63,341,3,0,0,1,19,0,0,120,2.5,,,lupiegi01
198,Torrey Mitchell,2015,2018,4,174,19,18,37,5,99,18,0,1,4,16,0,2,155,12.3,2127,12:13,mitchto01
199,Jack Portland,1934,1943,5,174,7,32,39,,151,6,1,0,2,30,2,0,,,,,portlja01
200,Brandon Prust,2013,2015,3,172,15,30,45,16,365,15,0,0,4,27,1,2,166,9.0,2248,13:04,prustbr01
201,Jordie Benn,2017,2019,3,171,11,28,39,12,77,11,0,0,2,28,0,0,208,5.3,3153,18:26,bennjo01
202,Jesperi Kotkaniemi,2019,2021,3,171,22,40,62,-11,61,20,2,0,3,31,9,0,276,8.0,2382,13:56,kotkaje01
203,Mike Cammalleri,2010,2012,3,170,54,65,119,3,59,42,12,0,8,35,30,0,522,10.3,3184,18:44,cammami01
204,Sergei Zholtok,1999,2001,3,170,34,37,71,-25,42,23,11,0,10,24,13,0,343,9.9,2458,14:28,zholtse01
205,Rip Riopelle,1948,1950,3,169,27,16,43,,71,21,6,0,4,14,2,0,,,,,rioperi01
206,Kjell Dahlin,1986,1988,3,166,57,59,116,11,10,37,19,1,5,38,21,0,276,20.7,,,dahlikj01
207,Craig Darby,1995,2002,4,166,19,28,47,-36,30,17,0,2,2,25,3,0,191,9.9,2294,14:42,darbycr01
208,Gilbert Delorme,1982,1984,3,165,17,36,53,42,152,14,3,0,2,29,7,0,283,6.0,,,delorgi01
209,Paul Masnick,1951,1955,5,165,15,31,46,,117,14,1,0,1,29,3,0,,,,,masnipa01
210,Bill Nyrop,1976,1978,3,165,8,43,51,119,66,5,1,2,2,43,0,0,143,5.6,,,nyropbi01
211,Ben Chiarot,2020,2022,3,164,17,29,46,-29,153,15,2,0,4,27,1,1,307,5.5,3762,22:56,chiarbe01
212,John McCormack,1952,1954,3,164,8,29,37,,25,6,0,2,2,28,0,1,,,,,mccorjo01
213,Polly Drouin,1935,1941,7,161,23,51,74,,80,18,5,0,4,46,5,0,,,,,drouipo01
214,Odie Cleghorn,1919,1925,7,160,92,34,126,,142,,,,9,,,,,,,,cleghod01
215,Jackie Leclair,1955,1957,3,160,20,40,60,,54,16,4,0,2,39,1,0,,,,,leclaja01
216,Charlie Sands,1940,1943,4,160,28,58,86,,20,24,2,2,3,49,8,1,,,25,,sandsch01
217,Sergei Kostitsyn,2008,2010,3,155,24,44,68,10,123,15,8,1,3,37,7,0,182,13.2,2204,14:13,kostise01
218,Billy Boucher,1922,1927,6,154,86,35,121,,345,,,,21,,,,,,,,bouchbi01
219,Paul DiPietro,1992,1995,4,154,25,44,69,11,80,23,2,0,1,35,9,0,226,11.1,,,dipiepa01
220,Niklas Sundström,2003,2006,3,154,19,30,49,0,56,19,0,0,5,27,1,2,156,12.2,2191,14:13,sundsni01
221,Max Domi,2019,2020,2,153,45,71,116,17,115,40,5,0,5,54,17,0,382,11.8,2639,17:15,domima01
222,Mathieu Darche,2010,2012,3,149,22,26,48,5,32,18,2,2,4,19,5,2,210,10.5,1719,11:32,darchma01
223,Kevin Haller,1992,1994,3,149,17,25,42,14,252,10,7,0,2,12,12,1,207,8.2,,,halleke01
224,Ed Ronan,1992,1995,4,147,12,19,31,2,74,12,0,0,2,19,0,0,118,10.2,,,ronaned01
225,Tom Kostopoulos,2008,2009,2,145,15,20,35,-4,219,11,0,4,1,19,0,1,219,6.8,1858,12:49,kostoto01
226,Jaroslav Špaček,2010,2012,3,145,4,36,40,20,97,3,1,0,0,25,9,2,169,2.4,2934,20:14,spaceja01
227,Rene Bourque,2012,2015,4,141,21,18,39,-27,97,15,5,1,3,15,3,0,266,7.9,2197,15:35,bourqre01
228,Robert Picard,1981,1984,4,141,11,61,72,49,172,7,4,0,1,42,19,0,268,4.1,,,picarro02
229,Ryan White,2010,2014,5,141,5,12,17,-15,232,5,0,0,1,11,0,1,114,4.4,1458,10:20,whitery01
230,Joel Edmundson,2021,2023,3,140,8,24,32,-2,118,8,0,0,0,23,0,1,178,4.5,2766,19:45,edmunjo01
231,Dainius Zubrus,1999,2001,3,139,29,45,74,-11,88,23,6,0,2,34,11,0,240,12.1,2480,17:50,zubruda01
232,Tom Kurvers,1985,1987,3,138,17,58,75,7,66,7,9,1,4,27,30,1,207,8.2,,,kurveto01
233,Ab McDonald,1959,1960,2,137,22,36,58,1,61,19,3,0,1,34,2,0,104,8.7,,,mcdonab01
234,Sergio Momesso,1984,1988,4,137,29,38,67,8,243,22,7,0,7,35,3,0,204,14.2,,,momesse01
235,Red Berenson,1962,1966,5,136,14,23,37,3,41,10,1,3,3,21,1,1,205,6.8,,,berenre01
236,Nick Wasnie,1930,1932,3,136,31,15,46,,108,,,,4,,,,,,,,wasnini01
237,Radek Bonk,2006,2007,2,135,19,25,44,-3,106,14,1,4,2,17,6,2,187,10.2,2099,15:33,bonkra01
238,Louis Berlinguette,1918,1923,6,134,41,30,71,,102,,,,6,,,,,,,,berlilo01
239,Mike Hoffman,2022,2023,2,134,29,40,69,-34,60,24,5,0,6,22,18,0,302,9.6,2192,16:21,hoffmmi02
240,Jack McGill,1935,1937,3,134,27,10,37,,71,21,6,0,6,8,2,0,,,,,mcgilja01
241,Alexander Romanov,2021,2022,2,133,4,15,19,-8,74,4,0,0,0,14,1,0,178,2.2,2543,19:07,romanal01
242,Art Gagne,1927,1929,3,132,41,17,58,,169,,,,8,,,,,,,,gagnear01
243,Doug Gilmour*,2002,2003,2,131,21,50,71,-13,84,13,8,0,2,37,13,0,163,12.9,2327,17:46,gilmodo01
244,Dutch Hiller,1943,1946,3,131,35,33,68,,28,29,6,0,8,29,4,0,,,,,hilledu01
245,Hal Laycoe,1948,1951,4,129,4,11,15,,81,4,0,0,0,10,0,1,,,,,laycoha01
246,Jimmy Peters,1946,1948,3,129,23,36,59,,45,22,1,0,4,35,1,0,,,,,peterji01
247,Don Awrey,1975,1976,2,128,1,23,24,52,87,1,0,0,0,21,0,2,100,1.0,,,awreydo01
248,Raphael Diaz,2012,2014,3,128,4,37,41,-7,48,4,0,0,1,20,14,3,136,2.9,2404,18:47,diazra01
249,Ryan O'Byrne,2008,2011,4,128,2,14,16,-3,181,2,0,0,1,13,0,1,54,3.7,1885,14:44,obyrnry01
250,Alexander Perezhogin,2006,2007,2,128,15,19,34,16,86,11,4,0,3,16,3,0,212,7.1,1402,10:57,perezal01
251,Didier Pitre*,1918,1923,6,127,64,35,99,,87,,,,12,,,,,,,,pitredi01
252,Charles Hudon,2016,2020,5,125,14,27,41,-27,56,11,3,0,2,20,6,1,257,5.4,1625,13:00,hudonch01
253,Babe Siebert*,1937,1939,3,125,25,37,62,,130,18,7,0,2,31,6,0,,,,,siebeba01
254,David Savard,2022,2023,2,124,6,31,37,-36,76,6,0,0,1,29,0,2,129,4.7,2677,21:35,savarda01
255,Cole Caufield,2021,2023,3,123,53,31,84,-35,14,41,12,0,8,20,11,0,376,14.1,2087,16:58,caufico01
256,Igor Ulanov,1998,2000,3,123,4,15,19,-16,197,4,0,0,0,14,1,0,92,4.3,2048,17:13,ulanoig01
257,Stéphane Robidas,2000,2002,3,122,7,16,23,-25,28,5,2,0,0,11,5,0,145,4.8,2426,19:53,robidst01
258,Arron Asham,1999,2002,4,121,11,9,20,-13,138,10,0,1,1,7,2,0,96,11.5,1066,8:49,ashamar01
259,Christian Dvorak,2022,2023,2,120,21,40,61,-31,30,19,1,1,2,33,7,0,175,12.0,2052,17:06,dvorach01
260,Jacob de La Rose,2015,2018,4,119,8,11,19,-16,51,6,0,2,0,11,0,0,115,7.0,1479,12:26,delarja01
261,Donald Dufresne,1989,1993,5,119,3,20,23,11,155,3,0,0,0,20,0,0,58,5.2,,,dufredo01
262,Joffre Desilets,1936,1938,3,118,20,25,45,,23,19,1,0,3,23,2,0,,,,,desiljo01
263,Benoît Pouliot,2010,2011,2,118,28,26,54,10,118,23,5,0,7,24,2,0,221,12.7,1564,13:15,poulibe01
264,Bill Root,1983,1984,2,118,6,16,22,30,69,4,1,1,0,13,0,3,114,5.3,,,rootbi01
265,Lou Fontinato,1962,1963,2,117,4,21,25,65,308,4,0,0,0,20,0,1,133,3.0,,,fontilo01
266,Tom Gilbert,2015,2016,2,117,5,9,14,13,42,5,0,0,0,8,0,1,106,4.7,2151,18:23,gilbeto01
267,Brian Flynn,2015,2017,3,116,10,10,20,-3,10,9,0,1,0,9,0,1,129,7.8,1354,11:40,flynnbr01
268,John Kordic,1986,1989,4,115,7,10,17,-7,335,7,0,0,0,10,0,0,51,13.7,,,kordijo01
269,John Quilty,1941,1948,4,115,33,33,66,,79,26,7,0,4,31,2,0,,,,,quiltjo01
270,Darcy Tucker,1996,1998,3,115,8,18,26,-12,167,7,1,0,3,17,1,0,82,9.8,,,tuckeda01
271,Yannick Weber,2009,2013,5,115,5,27,32,-14,52,1,4,0,0,16,11,0,162,3.1,1813,15:46,weberya01
272,Michael Pezzetta,2022,2023,2,114,12,14,26,-11,158,12,0,0,0,13,1,0,119,10.1,987,8:39,pezzemi01
273,Lucien DeBlois,1985,1986,2,112,26,28,54,12,68,19,6,1,3,25,3,0,189,13.8,,,deblolu01
274,Mario Roberge,1991,1995,5,112,7,7,14,-1,314,7,0,0,3,7,0,0,37,18.9,,,roberma01
275,Donald Brashear,1994,1997,4,111,3,7,10,-17,358,3,0,0,1,7,0,0,56,5.4,,,brashdo01
276,Chris Wideman,2022,2023,2,110,4,29,33,-31,148,4,0,0,1,15,14,0,107,3.7,1574,14:18,widemch01
277,Patrick Traverse,2001,2003,3,109,4,19,23,-24,48,2,2,0,0,12,7,0,103,3.9,2179,20:00,travepa01
278,Joe Carveth,1948,1950,3,107,17,33,50,,18,11,5,1,3,19,13,1,,,,,carvejo01
279,Trevor Linden,2000,2001,2,107,25,38,63,-5,86,15,10,0,6,25,13,0,183,13.7,2077,19:25,lindetr01
280,Chris Murray,1995,1997,3,107,7,6,13,-3,281,7,0,0,1,6,0,0,64,10.9,,,murrach01
281,Bert Corbeau,1918,1922,5,106,35,22,57,,273,,,,2,,,,,,,,corbebe01
282,Nicolas Deslauriers,2018,2019,2,106,12,7,19,-5,77,11,0,1,1,6,0,1,125,9.6,1154,10:53,deslani01
283,Jason Ward,2000,2004,4,105,10,10,20,8,43,7,3,0,1,8,1,1,94,10.6,1154,10:59,wardja01
284,Pierre Turgeon,1995,1997,3,104,50,77,127,35,50,30,19,1,8,50,26,1,386,13.0,,,turgepi01
285,Brett Clark,1998,1999,2,102,3,2,5,-6,36,3,0,0,0,2,0,0,62,4.8,804,13:11,clarkbr01
286,Jonas Höglund,1998,1999,2,102,14,15,29,-3,22,9,5,0,0,12,3,0,184,7.6,876,11:50,hoglujo01
287,Erik Cole,2012,2013,2,101,38,29,67,12,58,27,11,0,8,25,4,0,282,13.5,1817,17:59,coleer01
288,Dave Manson,1997,1999,3,101,5,33,38,18,193,3,2,0,0,23,10,0,181,2.8,190,17:19,mansoda01
289,Tom Pyatt,2010,2011,2,101,4,8,12,-6,19,4,0,0,0,6,0,2,113,3.5,1092,10:49,pyattto01
290,Sprague Cleghorn*,1922,1925,4,98,42,31,73,,248,,,,4,,,,,,2,,cleghsp01
291,Newsy Lalonde*,1918,1922,5,98,125,42,167,,183,,,,14,,,,,,,,lalonne01
292,Art Lesieur,1929,1936,4,97,4,2,6,,52,1,0,0,1,0,0,0,,,,,lesiear01
293,Leon Rochefort,1964,1971,5,97,16,18,34,24,10,13,0,3,5,17,0,1,113,14.2,,,rochele01
294,Herb Gardiner*,1927,1929,3,96,10,10,20,,48,,,,1,,,,,,,,gardihe01
295,Gizzy Hart,1927,1933,3,96,6,9,15,,12,,,,1,,,,,,,,hartgi01
296,Karl Alzner,2018,2020,3,95,1,12,13,-7,42,1,0,0,0,11,0,1,96,1.0,1858,19:33,alzneka01
297,Jack Riley,1934,1935,2,95,10,22,32,,8,9,1,0,1,20,1,1,,,,,rileyja01
298,Lou Trudel,1939,1941,3,95,22,23,45,,28,19,2,1,3,18,5,0,,,,,trudelo01
299,Daniel Carr,2016,2018,3,94,14,20,34,6,22,11,3,0,2,19,1,0,135,10.4,1077,11:28,carrda01
300,Matt D'Agostini,2008,2010,3,94,14,11,25,-29,44,11,3,0,1,9,2,0,164,8.5,1115,11:52,dagosma01
301,Larry Pleau,1970,1972,3,94,9,15,24,-6,22,8,0,1,3,13,0,2,110,8.2,,,pleaula01
302,Eddie Mazur,1954,1955,2,92,8,19,27,,116,7,1,0,1,16,3,0,,,,,mazured01
303,Rem Pitlick,2022,2023,2,92,15,26,41,-24,34,13,1,1,1,24,1,1,82,18.3,1389,15:06,pitlire01
304,David Wilkie,1995,1998,4,91,8,14,22,-20,77,4,4,0,1,10,4,0,106,7.5,,,wilkida01
305,Donald Audette,2002,2004,3,90,15,22,37,-10,43,11,4,0,5,7,15,0,192,7.8,1376,15:18,audetdo01
306,Jean Gauthier,1961,1970,7,90,1,20,21,3,68,0,1,0,0,14,6,0,91,1.1,,,gauthje01
307,Glen Metropolit,2009,2010,2,90,18,14,32,-5,37,8,10,0,1,11,3,0,134,13.4,1180,13:07,metrogl01
308,Mike Reilly,2018,2020,3,90,3,20,23,3,30,2,1,0,1,18,2,0,151,2.0,1644,18:16,reillmi01
309,Michael Bournival,2014,2015,2,89,10,9,19,-3,22,9,1,0,2,7,2,0,105,9.5,848,9:32,bournmi01
310,Tyler Toffoli,2021,2022,2,89,37,33,70,-8,28,23,11,3,5,25,7,1,258,14.3,1559,17:31,toffoty01
311,Jeff Halpern,2011,2013,2,88,12,16,28,3,31,11,0,1,4,16,0,0,75,16.0,1110,12:37,halpeje01
312,Gus Rivers,1930,1932,3,88,4,5,9,,10,,,,2,,,,,,,,rivergu01
313,Nate Thompson,2019,2020,2,88,5,16,21,-6,21,5,0,0,1,15,0,1,98,5.1,1136,12:55,thompna01
314,Sébastien Bordeleau,1996,1998,3,85,8,17,25,1,38,5,2,1,0,11,4,2,82,9.8,,,bordese01
315,Kent Carlson,1984,1986,3,85,4,8,12,-14,106,4,0,0,2,7,1,0,47,8.5,,,carlske01
316,Gerry Heffernan,1942,1944,3,85,33,35,68,,27,26,7,0,6,27,8,0,,,,,heffege01
317,Ryan Poehling,2019,2022,3,85,13,9,22,-22,10,11,2,0,1,9,0,0,120,10.8,986,11:36,poehlry01
318,Alfie Turcotte,1984,1986,3,85,15,23,38,-11,47,7,8,0,1,15,8,0,92,16.3,,,turcoal01
319,Sven Andrighetto,2015,2017,3,83,11,17,28,2,10,10,1,0,0,15,2,0,117,9.4,1044,12:35,andrisv01
320,Leroy Goldsworthy,1935,1936,2,83,35,20,55,,21,31,4,0,4,18,2,0,,,,,goldsle01
321,Pierre Dagenais,2004,2006,2,82,22,17,39,10,40,16,6,0,4,10,7,0,223,9.9,1011,12:20,dagenpi01
322,Tony Demers,1938,1943,5,82,20,23,43,,23,18,2,0,2,18,5,0,,,,,demerto01
323,Greg Pateryn,2013,2017,4,82,2,11,13,-7,59,2,0,0,0,11,0,0,70,2.9,1225,14:57,patergr01
324,Bob Murdoch,1971,1973,3,81,3,25,28,47,65,3,0,0,2,22,3,0,72,4.2,,,murdobo01
325,Mike Johnson,2007,2007,1,80,11,20,31,6,40,8,1,2,1,17,2,1,131,8.4,1231,15:23,johnsmi01
326,Garth Murray,2006,2008,3,80,7,2,9,-12,76,7,0,0,1,2,0,0,53,13.2,706,8:50,murraga01
327,George Brown,1937,1939,3,79,6,22,28,,34,3,3,0,1,17,5,0,,,,,brownge01
328,Jean Hamel,1984,1984,1,79,1,12,13,6,92,1,0,0,0,12,0,0,67,1.5,,,hamelje01
329,Ric Nattress,1983,1985,3,79,1,16,17,-3,36,1,0,0,0,9,7,0,78,1.3,,,nattrri01
330,John Van Boxmeer,1974,1977,4,79,7,18,25,14,49,6,1,0,1,14,4,0,116,6.0,,,vanbojo01
331,Johnathan Kovacevic,2023,2023,1,77,3,12,15,3,39,3,0,0,0,12,0,0,92,3.3,1341,17:25,kovacjo01
332,Cy Wentworth,1939,1940,2,77,1,6,7,,18,0,1,0,0,4,2,0,,,,,wentwcy01
333,Alexander Radulov,2017,2017,1,76,18,36,54,10,62,12,6,0,2,26,10,0,147,12.2,1390,18:17,radulal01
334,Paul Raymond,1933,1939,4,76,2,3,5,,2,2,0,0,1,1,0,0,,,,,raymopa01
335,Jordan Harris,2022,2023,2,75,5,13,18,0,34,5,0,0,0,12,1,0,79,6.3,1375,18:20,harrijo01
336,Jyrki Lumme,1989,1990,2,75,2,22,24,20,51,1,1,0,0,12,10,0,97,2.1,,,lummejy01
337,Randy McKay,2003,2003,1,75,6,13,19,-14,72,4,2,0,0,13,0,0,52,11.5,829,11:03,mckayra02
338,Pierre Sévigny,1994,1997,3,75,4,5,9,1,62,3,1,0,1,5,0,0,26,15.4,,,sevigpi01
339,Sylvain Turgeon,1991,1992,2,75,14,18,32,-6,59,7,7,0,2,9,9,0,140,10.0,,,turgesy01
340,Scott Lachance,1999,2000,2,74,1,7,8,-6,33,1,0,0,0,6,1,0,63,1.6,1395,18:51,lachasc01
341,Gerry Plamondon,1946,1951,5,74,7,13,20,,10,6,1,0,3,10,3,0,,,,,plamoge01
342,Phil Roberto,1970,1972,3,74,17,10,27,14,106,15,2,0,2,10,0,0,128,13.3,,,roberph01
343,Yves Racine,1995,1996,2,72,4,10,14,-8,68,2,2,0,1,7,3,0,79,5.1,,,racinyv01
344,Tom Chorske,1990,1991,2,71,12,12,24,-6,34,9,3,0,1,7,5,0,101,11.9,,,chorsto01
345,Daniel Brière,2014,2014,1,69,13,12,25,1,30,9,4,0,1,10,2,0,118,11.0,881,12:46,brierda01
346,Michael McCarron,2016,2018,3,69,2,6,8,-15,110,2,0,0,0,6,0,0,87,2.3,698,10:07,mccarmi01
347,Kyle Chipchura,2008,2010,3,68,4,10,14,-17,31,4,0,0,0,9,0,1,52,7.7,707,10:24,chipcky01
348,Leo Bourgeault,1933,1935,3,67,6,4,10,,19,4,1,0,2,3,0,0,,,,,bourgle01
349,Leo Gaudreault,1928,1933,3,67,8,4,12,,38,,,,2,,,,,,,,gaudrle01
350,John Chabot,1984,1985,2,66,19,31,50,2,15,14,4,1,2,23,7,1,77,24.7,,,chabojo01
351,Tony Graboski,1941,1943,3,66,6,10,16,,24,4,1,1,2,6,4,0,,,,,graboto01
352,Devante Smith-Pelly,2015,2016,2,66,7,8,15,-4,34,7,0,0,3,8,0,0,88,8.0,772,11:42,smithde06
353,Jordan Weal,2019,2020,2,65,12,13,25,-8,16,9,3,0,3,8,5,0,116,10.3,917,14:06,wealjo01
354,Darren Langdon,2004,2004,1,64,0,3,3,-2,135,0,0,0,0,3,0,0,22,0.0,401,6:16,langdda01
355,Bryan Smolinski,2008,2008,1,64,8,17,25,-6,20,7,1,0,2,11,6,0,89,9.0,840,13:08,smolibr01
356,Bill Miller,1936,1937,2,63,4,3,7,,14,3,1,0,3,3,0,0,,,,,millebi01
357,Sergei Samsonov,2007,2007,1,63,9,17,26,-4,10,9,0,0,0,13,4,0,114,7.9,881,13:59,samsose01
358,Glen Sather*,1975,1975,1,63,6,10,16,14,44,5,0,1,0,10,0,0,23,26.1,,,sathegl01
359,Paul Mara,2010,2011,2,62,0,12,12,-14,96,0,0,0,0,8,4,0,46,0.0,1090,17:34,marapa01
360,Christian Bordeleau,1969,1970,2,61,3,16,19,2,22,3,0,0,0,16,0,0,65,4.6,,,bordech01
361,Georges Laraque,2009,2010,2,61,1,4,5,-12,89,1,0,0,0,4,0,0,17,5.9,414,6:47,laraqge01
362,Al MacNeil,1962,1962,1,61,1,7,8,-3,74,1,0,0,0,7,0,0,22,4.5,,,macneal01
363,Murray Baron,1997,1997,1,60,1,5,6,-16,107,1,0,0,0,3,1,1,52,1.9,,,baronmu01
364,Marc-André Bergeron,2010,2010,1,60,13,21,34,-7,16,6,7,0,4,6,15,0,123,10.6,904,15:04,bergema02
365,Andrew Cassels,1990,1991,2,60,8,19,27,3,22,7,1,0,4,15,4,0,60,13.3,,,cassean01
366,Juha Lind,2000,2001,2,60,4,6,10,-6,8,4,0,0,2,6,0,0,42,9.5,492,8:12,lindju01
367,Marcel Hossa,2002,2004,3,59,10,9,19,2,24,8,2,0,1,9,0,0,90,11.1,809,13:43,hossama02
368,Jacques Locas,1948,1949,2,59,7,8,15,,66,6,1,0,1,6,2,0,,,,,locasja01
369,George Patterson,1928,1929,2,59,5,6,11,,36,,,,3,,,,,,,,pattege01
370,Nick Cousins,2020,2020,1,58,9,13,22,1,33,7,2,0,0,11,2,0,105,8.6,781,13:28,cousini01
371,Kirby Dach,2023,2023,1,58,14,24,38,-2,43,8,6,0,2,12,10,2,107,13.1,1073,18:30,dachki01
372,Manny Malhotra,2015,2015,1,58,1,3,4,-6,12,1,0,0,1,3,0,0,46,2.2,629,10:51,malhoma01
373,Joe Malone*,1918,1924,4,58,52,7,59,,35,,,,5,,,,,,,,malonjo01
374,Trent McCleary,1999,2000,2,58,1,0,1,1,33,1,0,0,0,0,0,0,22,4.5,343,5:55,mccletr01
375,Gilles Thibaudeau,1987,1989,3,58,12,15,27,16,6,9,3,0,1,13,2,0,77,15.6,,,thibagi01
376,Jim Campbell,2001,2001,1,57,9,11,20,-3,53,3,6,0,1,6,5,0,81,11.1,588,10:19,campbji01
377,Frank Eddolls,1945,1947,3,57,5,9,14,,26,4,1,0,0,8,1,0,,,,,eddolfr01
378,Tomáš Fleischmann,2016,2016,1,57,10,10,20,-1,28,9,0,1,3,9,1,0,100,10.0,887,15:33,fleisto01
379,Matt Higgins,1998,2001,4,57,1,2,3,-11,6,1,0,0,0,2,0,0,25,4.0,397,7:06,higgima01
380,Mark Barberio,2016,2017,2,56,2,12,14,1,16,2,0,0,0,11,1,0,60,3.3,843,15:03,barbema01
381,Roger Jenkins,1935,1937,2,56,4,6,10,,69,4,0,0,0,6,0,0,,,,,jenkiro01
382,Fern Majeau,1944,1945,2,56,22,24,46,,43,16,6,0,3,22,2,0,,,,,majeafe01
383,Mike McMahon,1943,1946,3,56,7,18,25,,88,6,1,0,3,16,2,0,,,,,mcmahmi01
384,P.A. Parenteau,2015,2015,1,56,8,14,22,0,30,5,3,0,1,13,1,0,97,8.2,839,14:59,parenpi01
385,Mark Pederson,1990,1991,2,56,8,17,25,3,20,4,4,0,2,11,6,0,72,11.1,,,pederma01
386,Bill Summerhill,1939,1940,2,56,9,12,21,,52,8,1,0,1,8,4,0,,,,,summebi01
387,Bryan Watson,1964,1968,3,56,0,4,4,-3,36,0,0,0,0,2,0,2,21,0.0,,,watsobr01
388,David Schlemko,2018,2019,2,55,1,6,7,2,10,1,0,0,1,2,4,0,67,1.5,1026,18:39,schleda01
389,Christian Laflamme,2000,2001,2,54,0,5,5,-16,50,0,0,0,0,4,1,0,22,0.0,689,12:45,laflach01
390,Shaun Van Allen,2002,2002,1,54,6,9,15,5,20,5,0,1,1,8,1,0,28,21.4,548,10:08,vanalsh01
391,Tomáš Kaberle,2012,2013,2,53,3,22,25,-2,10,2,1,0,0,11,11,0,60,5.0,853,16:06,kaberto01
392,Éric Landry,2001,2002,2,53,4,8,12,-7,43,2,2,0,0,7,1,0,54,7.4,490,9:15,landrer01
393,Douglas Murray,2014,2014,1,53,0,2,2,-12,42,0,0,0,0,2,0,0,26,0.0,761,14:21,murrado01
394,Jassen Cullimore,1997,1998,2,52,2,6,8,4,46,1,0,1,1,3,3,0,53,3.8,,,cullija01
395,Jesse Ylönen,2021,2023,3,52,8,13,21,-9,2,7,1,0,1,13,0,0,60,13.3,671,12:54,yloneje01
396,Mike Blunden,2012,2014,3,51,2,2,4,-4,36,2,0,0,0,2,0,0,41,4.9,450,8:49,blundmi01
397,Andrei Kovalenko,1996,1996,1,51,17,17,34,9,33,14,3,0,3,12,5,0,85,20.0,,,kovalan01
398,Gary Leeman,1993,1994,2,51,10,23,33,14,31,9,1,0,1,14,9,0,89,11.2,,,leemaga01
399,David Maley,1986,1987,2,51,6,12,18,-1,55,6,0,0,0,10,2,0,44,13.6,,,maleyda01
400,Petteri Nokelainen,2012,2012,1,51,3,3,6,-5,37,3,0,0,1,3,0,0,34,8.8,438,8:35,nokelpe01
401,Arber Xhekaj,2023,2023,1,51,5,8,13,-9,101,3,2,0,0,7,1,0,75,6.7,779,15:16,xhekaar01
402,Evgenii Dadonov,2023,2023,1,50,4,14,18,-10,16,4,0,0,0,10,4,0,72,5.6,727,14:32,dadonev01
403,Fern Gauthier,1945,1945,1,50,18,13,31,,23,17,1,0,3,13,0,0,,,,,gauthfe01
404,Vern Kaiser,1951,1951,1,50,7,5,12,,33,5,2,0,0,4,1,0,,,,,kaiseve01
405,Robert Lang,2009,2009,1,50,18,21,39,6,36,9,8,1,3,11,9,1,101,17.8,844,16:53,langro01
406,Louis Leblanc,2012,2014,2,50,5,5,10,4,32,5,0,0,0,5,0,0,65,7.7,549,10:59,leblalo01
407,Bert McCaffrey,1930,1931,2,50,3,4,7,,38,,,,1,,,,,,,,mccafbe01
408,Jiří Sekáč,2015,2015,1,50,7,9,16,-2,18,5,2,0,0,8,1,0,56,12.5,690,13:49,sekacji01
409,Alex Tanguay,2009,2009,1,50,16,25,41,13,34,11,5,0,3,14,11,0,76,21.1,805,16:05,tangual01
410,Doug Young,1940,1941,2,50,3,9,12,,26,2,1,0,1,6,3,0,,,,,youngdo01
411,George Allen,1947,1947,1,49,7,14,21,,12,5,1,1,0,12,2,0,,,,,allenge01
412,Gordie Drillon*,1943,1943,1,49,28,22,50,,14,26,2,0,3,20,2,0,,,,,drillgo01
413,Gino Odjick,2001,2002,2,49,5,4,9,3,148,5,0,0,0,4,0,0,51,9.8,366,7:28,odjicgi01
414,Corey Perry,2021,2021,1,49,9,12,21,-4,39,8,1,0,1,6,6,0,62,14.5,673,13:44,perryco01
415,Billy Bell,1918,1924,6,48,1,1,2,,8,,,,0,,,,,,,,bellbi01
416,Rory Fitzpatrick,1996,1997,2,48,0,3,3,-9,24,0,0,0,0,2,1,0,36,0.0,,,fitzpro02
417,Byron Froese,2018,2018,1,48,3,8,11,0,26,3,0,0,0,8,0,0,49,6.1,556,11:35,froesby01
418,Bill MacKenzie,1937,1938,2,48,4,3,7,,26,2,2,0,0,2,1,0,,,,,mackebi01
419,Mike Matheson,2023,2023,1,48,8,26,34,7,33,8,0,0,2,15,9,2,126,6.3,1174,24:27,mathemi01
420,Dunc Munro,1932,1932,1,48,1,1,2,,14,,,,0,,,,,,,,munrodu01
421,Mike Weaver,2014,2015,2,48,1,10,11,9,14,1,0,0,0,10,0,0,17,5.9,737,15:21,weavemi01
422,Ron Wilson,1994,1994,1,48,2,10,12,-2,12,2,0,0,0,8,0,2,39,5.1,,,wilsoro03
423,Amos Arbour,1919,1921,3,47,36,7,43,,56,,,,2,,,,,,,,arbouam01
424,Jim Cummins,2000,2000,1,47,3,5,8,-5,92,3,0,0,0,4,1,0,33,9.1,422,8:58,cummiji01
425,Aaron Downey,2006,2007,2,46,2,4,6,-4,98,2,0,0,1,4,0,0,20,10.0,273,5:56,downeaa01
426,Dale Hoganson,1972,1973,2,46,0,2,2,9,4,0,0,0,0,2,0,0,28,0.0,,,hoganda01
427,Terry Reardon,1942,1943,2,46,23,23,46,,26,15,8,0,2,18,5,0,,,,,reardte01
428,Jarred Tinordi,2013,2016,4,46,0,6,6,-5,66,0,0,0,0,6,0,0,20,0.0,610,13:15,tinorja01
429,Herb Cain,1939,1939,1,45,13,13,26,,26,11,2,0,1,10,3,0,,,,,cainhe01
430,Sergei Gonchar,2015,2015,1,45,1,12,13,7,16,1,0,0,0,8,4,0,45,2.2,810,18:00,gonchse01
431,Bobby Sheehan,1970,1971,2,45,8,6,14,4,4,7,1,0,1,4,2,0,53,15.1,,,sheehbo01
432,Justin Barron,2022,2023,2,44,5,12,17,-4,20,3,1,1,1,11,1,0,53,9.4,731,16:37,barroju01
433,Alex Belzile,2021,2023,3,44,6,9,15,-1,17,6,0,0,0,9,0,0,56,10.7,512,11:38,belzial01
434,Jean-Guy Gendron,1961,1961,1,44,9,12,21,5,51,6,3,0,2,10,2,0,75,12.0,,,gendrje01
435,Kaiden Guhle,2023,2023,1,44,4,14,18,-19,27,4,0,0,0,14,0,0,48,8.3,903,20:31,guhleka01
436,Pat Hughes,1978,1979,2,44,9,8,17,5,24,8,1,0,1,8,0,0,56,16.1,,,hughepa01
437,Noah Juulsen,2018,2019,2,44,2,6,8,6,10,2,0,0,0,6,0,0,55,3.6,806,18:19,juulsno01
438,Matthew Peca,2019,2020,2,44,3,7,10,-16,4,3,0,0,0,6,0,1,39,7.7,456,10:22,pecama01
439,Phil Watson,1944,1944,1,44,17,32,49,,71,17,0,0,3,29,3,0,,,,,watsoph01
440,Chris Campoli,2012,2012,1,43,2,9,11,-3,8,2,0,0,0,6,3,0,43,4.7,740,17:12,campoch01
441,Mariusz Czerkawski,2003,2003,1,43,5,9,14,-7,16,4,1,0,0,6,3,0,77,6.5,566,13:10,czerkma01
442,Stewart Evans,1939,1939,1,43,2,7,9,,58,2,0,0,0,3,4,0,,,,,evansst01
443,Alexandre Picard,2011,2011,1,43,3,5,8,0,17,1,2,0,1,5,0,0,49,6.1,706,16:26,picaral01
444,Steve Rooney,1985,1987,3,43,3,3,6,-5,143,1,2,0,0,3,0,0,29,10.3,,,roonest01
445,James Wisniewski,2011,2011,1,43,7,23,30,4,20,3,4,0,2,11,12,0,87,8.0,977,22:43,wisnija01
446,John Adams,1941,1941,1,42,6,12,18,,9,5,1,0,0,12,0,0,,,,,adamsjo01
447,Tod Campeau,1944,1949,3,42,5,9,14,,16,3,2,0,0,7,2,0,,,,,campeto01
448,Ron Flockhart,1985,1985,1,42,10,12,22,3,14,9,1,0,2,8,4,0,58,17.2,,,flockro02
449,Carol Vadnais,1967,1968,2,42,1,4,5,0,64,1,0,0,0,4,0,0,35,2.9,,,vadnaca01
450,Alain Côté,1991,1992,2,41,0,9,9,15,48,0,0,0,0,9,0,0,30,0.0,,,coteal02
451,Nels Crutchfield,1935,1935,1,41,5,5,10,,20,4,1,0,1,4,1,0,,,,,crutcne01
452,Cale Fleury,2020,2020,1,41,1,0,1,-4,6,1,0,0,0,0,0,0,45,2.2,588,14:21,fleurca01
453,Janne Niinimaa,2007,2007,1,41,0,3,3,-13,36,0,0,0,0,3,0,0,29,0.0,609,14:51,niinija01
454,Aaron Palushaj,2011,2012,2,41,1,4,5,2,10,1,0,0,0,4,0,0,40,2.5,313,7:38,palusaa01
455,Tony Savage,1935,1935,1,41,1,5,6,,14,0,1,0,0,4,1,0,,,,,savagto01
456,Bill Collins,1971,1971,1,40,6,2,8,0,39,6,0,0,1,1,0,1,57,10.5,,,collibi01
457,Lorne Davis,1952,1954,2,40,7,5,12,,4,7,0,0,2,5,0,0,,,,,davislo01
458,Art Giroux,1933,1933,1,40,5,2,7,,14,,,,1,,,,,,,,girouar01
459,Mark Lamb,1995,1996,2,40,1,0,1,-13,18,1,0,0,0,0,0,0,23,4.3,,,lambma01
460,Perry Turnbull,1984,1984,1,40,6,7,13,-11,59,4,2,0,1,7,0,0,69,8.7,,,turnbpe01
461,Jesse Bélanger,1992,2000,3,39,7,8,15,2,6,7,0,0,0,7,1,0,49,14.3,171,10:41,belanje01
462,Noel Price,1966,1967,2,39,0,9,9,7,16,0,0,0,0,9,0,0,38,0.0,,,priceno01
463,Juraj Slafkovsky,2023,2023,1,39,4,6,10,-13,33,3,1,0,0,5,1,0,42,9.5,476,12:13,slafkju01
464,Laurent Dauphin,2022,2022,1,38,4,8,12,-10,25,4,0,0,0,8,0,0,50,8.0,505,13:18,dauphla01
465,Rafaël Harvey-Pinard,2022,2023,2,38,15,6,21,5,10,10,4,1,1,6,0,0,64,23.4,638,16:48,harvera01
466,Steve Martinson,1989,1990,2,38,1,0,1,-3,151,1,0,0,1,0,0,0,10,10.0,,,martist01
467,Joseph Morrow,2018,2018,1,38,5,6,11,-11,26,4,1,0,0,2,4,0,58,8.6,676,17:47,morrojo02
468,Jean Pusie,1931,1936,3,38,0,2,2,,11,0,0,0,0,2,0,0,,,,,pusieje01
469,Colby Armstrong,2013,2013,1,37,2,3,5,1,12,2,0,0,0,3,0,0,33,6.1,414,11:12,armstco01
470,Jason Dawe,1999,1999,1,37,4,5,9,0,14,3,1,0,1,5,0,0,52,7.7,407,11:00,daweja01
471,Joe Hall*,1918,1919,2,37,15,9,24,,230,,,,1,,,,,,,,halljo01
472,Xavier Ouellet,2019,2021,3,37,0,5,5,-4,19,0,0,0,0,5,0,0,45,0.0,577,15:35,ouellxa01
473,Kenny Agostino,2019,2019,1,36,2,9,11,-1,26,2,0,0,0,6,3,0,38,5.3,403,11:11,agostke01
474,Chuck Arnason,1972,1973,2,36,4,1,5,-3,6,3,1,0,0,1,0,0,30,13.3,,,arnasch01
475,Dave Gardner,1973,1974,2,36,2,11,13,4,2,1,1,0,0,7,4,0,32,6.3,,,gardnda01
476,Sam Godin,1934,1934,1,36,2,2,4,,15,0,1,1,1,2,0,0,,,,,godinsa01
477,Miloslav Gureň,1999,2000,2,36,1,3,4,-6,16,0,1,0,0,2,1,0,31,3.2,510,14:10,gurenmi01
478,Craig Laughlin,1982,1982,1,36,12,11,23,10,33,10,2,0,1,10,1,0,52,23.1,,,laughcr01
479,Jack McDonald,1918,1922,4,36,17,6,23,,18,,,,3,,,,,,,,mcdonja01
480,Jimmy Ward,1939,1939,1,36,4,3,7,,0,3,1,0,0,3,0,0,,,,,wardji01
481,Ian Cushenan,1959,1959,1,35,1,2,3,,26,1,0,0,0,2,0,0,,,,,cusheia01
482,Norm Dupont,1980,1980,1,35,1,3,4,2,4,1,0,0,0,3,0,0,18,5.6,,,duponno01
483,Christian Folin,2019,2020,2,35,1,5,6,0,24,1,0,0,0,5,0,0,40,2.5,531,15:11,folinch01
484,Jocelyn Lemieux,1989,1990,2,35,4,3,7,-2,61,4,0,0,1,3,0,0,34,11.8,,,lemiejo01
485,Bryan Fogarty,1994,1995,2,34,6,4,10,-7,44,3,3,0,0,3,1,0,63,9.5,,,fogarbr01
486,Ed Litzenberger,1953,1955,3,34,8,4,12,,14,7,1,0,2,4,0,0,,,,,litzeed01
487,Bert Hirschfeld,1950,1951,2,33,1,4,5,,2,1,0,0,0,4,0,0,,,,,hirscbe01
488,Hec Lepine,1926,1926,1,33,5,2,7,,2,,,,1,,,,,,,,lepinhe01
489,Rollie Paulhus,1926,1926,1,33,0,0,0,,0,,,,0,,,,,,,,paulhro01
490,Michael Chaput,2019,2019,1,32,0,5,5,-4,14,0,0,0,0,5,0,0,31,0.0,359,11:13,chapumi01
491,Gerald Diduck,1991,1991,1,32,1,2,3,3,39,1,0,0,0,2,0,0,34,2.9,,,diducge01
492,Danny Geoffrion,1980,1980,1,32,0,6,6,1,12,0,0,0,0,4,2,0,19,0.0,,,geoffda01
493,Ron Hainsey,2003,2004,2,32,1,1,2,2,6,1,0,0,0,1,0,0,23,4.3,407,12:42,hainsro01
494,Charlie Langlois,1928,1928,1,32,0,0,0,,18,,,,0,,,,,,,,langlch01
495,Bill Lindsay,2002,2003,2,32,1,5,6,-1,46,1,0,0,0,5,0,0,21,4.8,234,7:18,lindsbi01
496,Pete Morin,1942,1942,1,32,10,12,22,,7,6,4,0,2,7,5,0,,,,,morinpe01
497,Alex Singbush,1941,1941,1,32,0,5,5,,15,0,0,0,0,5,0,0,,,,,singbal01
498,Bunny Dame,1942,1942,1,31,2,5,7,,4,2,0,0,0,4,1,0,,,,,damebu01
499,Sean Hill,1993,1993,1,31,2,6,8,-5,54,1,1,0,1,4,2,0,37,5.4,,,hillse01
500,Ross Lowe,1952,1952,1,31,1,5,6,,42,0,1,0,0,3,2,0,,,,,lowero01
501,George Robertson,1948,1949,2,31,2,5,7,,6,1,1,0,0,4,1,0,,,,,roberge01
502,Corey Schueneman,2022,2023,2,31,2,5,7,-4,8,2,0,0,0,4,1,0,38,5.3,501,16:10,schueco01
503,Marty Barry*,1940,1940,1,30,4,10,14,,2,3,1,0,1,9,1,0,,,,,barryma01
504,Andrei Bashkirov,1999,2001,3,30,0,3,3,-5,0,0,0,0,0,3,0,0,26,0.0,290,9:40,bashkan01
505,Éric Houde,1997,1999,3,30,2,3,5,-4,4,2,0,0,2,3,0,0,9,22.2,57,7:11,houdeer01
506,Johnny Matz,1925,1925,1,30,2,4,6,,0,,,,2,,,,,,,,matzjo01
507,Logan Shaw,2018,2018,1,30,2,4,6,-5,8,2,0,0,0,4,0,0,46,4.3,373,12:25,shawlo01
508,Larry Trader,1988,1988,1,30,2,4,6,2,19,1,1,0,0,3,1,0,18,11.1,,,tradela01
509,Sergei Berezin,2002,2002,1,29,4,6,10,3,4,1,3,0,1,4,2,0,80,5.0,407,14:01,berezse01
510,Serge Boisvert,1985,1988,4,29,5,5,10,-2,4,5,0,0,0,4,1,0,41,12.2,,,boisvse01
511,Nikita Scherbak,2017,2018,2,29,5,2,7,-4,8,2,2,1,0,0,2,0,42,11.9,382,13:10,scherni01
512,Zarley Zalapski,1998,1998,1,28,1,5,6,-1,22,0,0,1,0,4,1,0,27,3.7,,,zalapza01
513,Mikhail Grabovski,2007,2008,2,27,3,6,9,-6,8,3,0,0,1,5,1,0,28,10.7,309,11:27,grabomi01
514,Gus Mancuso,1938,1940,3,26,1,1,2,,10,1,0,0,0,1,0,0,,,,,mancugu01
515,Greg Paslawski,1984,1984,1,26,1,4,5,-5,4,1,0,0,0,4,0,0,27,3.7,,,paslagr01
516,Greg Stewart,2008,2010,3,26,0,1,1,-7,48,0,0,0,0,1,0,0,22,0.0,205,7:52,stewagr01
517,Grant Warwick,1950,1950,1,26,2,6,8,,19,2,0,0,0,5,1,0,,,,,warwigr01
518,Johan Witehall,2001,2001,1,26,1,1,2,0,6,1,0,0,0,1,0,0,18,5.6,267,10:17,witehjo01
519,José Charbonneau,1988,1989,2,25,1,5,6,0,12,1,0,0,0,4,1,0,37,2.7,,,charbjo01
520,Kale Clague,2022,2022,1,25,2,3,5,-8,18,2,0,0,0,3,0,0,20,10.0,406,16:15,claguka01
521,Larry Hillman,1969,1969,1,25,0,5,5,-3,17,0,0,0,0,5,0,0,14,0.0,,,hillmla01
522,Jakub Jeřábek,2018,2018,1,25,1,3,4,-1,6,1,0,0,0,3,0,0,22,4.5,434,17:21,jerabja01
523,Sean Monahan,2023,2023,1,25,6,11,17,-5,16,5,1,0,0,8,3,0,55,10.9,434,17:22,monahse01
524,Mathieu Perreault,2022,2022,1,25,4,5,9,2,4,4,0,0,0,4,1,0,27,14.8,281,11:15,perrema01
525,Barry Richter,2000,2001,2,25,0,2,2,-6,10,0,0,0,0,1,1,0,13,0.0,303,12:07,richtba01
526,Reid Simpson,2002,2002,1,25,1,1,2,0,63,1,0,0,1,1,0,0,9,11.1,109,4:22,simpsre01
527,Christian Thomas,2014,2016,3,25,1,2,3,-2,9,1,0,0,0,2,0,0,33,3.0,221,8:51,thomach01
528,Hago Harrington,1933,1933,1,24,1,1,2,,12,,,,0,,,,,,,,harriha01
529,Marko Kiprusoff,1996,1996,1,24,0,4,4,-3,8,0,0,0,0,3,1,0,36,0.0,,,kipruma01
530,Harry Mummery,1921,1921,1,24,14,6,20,,67,,,,2,,,,,,,,mummeha01
531,Cédric Paquette,2022,2022,1,24,0,2,2,-6,25,0,0,0,0,2,0,0,16,0.0,213,8:52,paquece01
532,Cam Connor,1979,1979,1,23,1,3,4,2,39,1,0,0,0,3,0,0,12,8.3,,,connoca01
533,Brandon Davidson,2017,2018,2,23,0,3,3,-6,13,0,0,0,0,3,0,0,26,0.0,360,15:40,davidbr01
534,Danny Grant,1966,1968,2,23,3,4,7,3,10,3,0,0,0,4,0,0,16,18.8,,,grantda01
535,Lucien Grenier,1970,1970,1,23,2,3,5,1,2,2,0,0,1,3,0,0,25,8.0,,,grenilu01
536,Denis Gurianov,2023,2023,1,23,5,3,8,-7,6,4,1,0,0,2,1,0,46,10.9,349,15:11,guriade01
537,Claude Robert,1951,1951,1,23,1,0,1,,9,1,0,0,0,0,0,0,,,,,robercl01
538,Chris Tierney,2023,2023,1,23,1,6,7,-7,4,1,0,0,0,5,0,1,13,7.7,281,12:13,tiernch01
539,Sylvain Blouin,1999,2003,2,22,0,0,0,-3,62,0,0,0,0,0,0,0,4,0.0,79,3:36,blouisy01
540,Bob Carse,1948,1948,1,22,3,3,6,,16,3,0,0,0,3,0,0,,,,,carsebo01
541,Ilya Kovalchuk,2020,2020,1,22,6,7,13,6,2,5,1,0,3,6,1,0,62,9.7,416,18:54,kovalil01
542,George Parros,2014,2014,1,22,0,1,1,-6,85,0,0,0,0,1,0,0,4,0.0,100,4:33,parroge01
543,Armand Raymond,1938,1940,2,22,0,3,3,,14,0,0,0,0,2,1,0,,,,,raymoar01
544,Yves Sarault,1995,1996,2,22,0,1,1,-8,4,0,0,0,0,1,0,0,23,0.0,,,sarauyv01
545,Mick Vukota,1998,1998,1,22,0,0,0,-4,76,0,0,0,0,0,0,0,8,0.0,,,vukotmi01
546,Don Willson,1938,1939,2,22,2,7,9,,0,1,1,0,0,6,1,0,,,,,willsdo01
547,Brett Lernout,2016,2018,3,21,0,1,1,-6,6,0,0,0,0,0,0,1,17,0.0,346,16:27,lernobr01
548,Larry Mickey,1970,1970,1,21,4,4,8,-10,4,1,3,0,2,3,1,0,38,10.5,,,mickela01
549,Dominic Moore,2010,2010,1,21,2,9,11,4,8,1,0,1,0,9,0,0,38,5.3,308,14:40,mooredo01
550,Eric Staal,2021,2021,1,21,2,1,3,-10,2,2,0,0,1,1,0,0,23,8.7,282,13:27,staaler01
551,Rick Wilson,1974,1974,1,21,0,2,2,8,6,0,0,0,0,2,0,0,9,0.0,,,wilsori01
552,Gene Achtymichuk,1952,1958,3,20,3,5,8,,2,3,0,0,0,5,0,0,,,,,achtyge01
553,Edmond Bouchard,1922,1923,2,20,1,5,6,,8,,,,1,,,,,,,,bouched01
554,Guy Charron,1970,1971,2,20,2,2,4,-4,2,2,0,0,0,2,0,0,15,13.3,,,charrgu01
555,Ben Maxwell,2009,2010,2,20,0,0,0,-3,8,0,0,0,0,0,0,0,8,0.0,184,9:11,maxwebe01
556,Bill Meronek,1940,1943,2,20,5,8,13,,0,3,2,0,0,7,1,0,,,,,meronbi01
557,Marco Scandella,2020,2020,1,20,1,2,3,1,8,1,0,0,0,2,0,0,21,4.8,353,17:38,scandma01
558,P.J. Stock,2001,2001,1,20,1,2,3,-1,32,1,0,0,0,2,0,0,9,11.1,110,5:31,stockpj01
559,Leo Lafrance,1927,1928,2,19,1,0,1,,2,,,,0,,,,,,,,lafrale01
560,Murdo MacKay,1946,1948,2,19,0,3,3,,0,0,0,0,0,3,0,0,,,,,mackamu01
561,John Newberry,1984,1985,2,19,0,4,4,2,6,0,0,0,0,4,0,0,15,0.0,,,newbejo01
562,Paul Runge,1935,1937,3,19,1,2,3,,8,1,0,0,1,2,0,0,,,,,rungepa01
563,Brad Staubitz,2012,2012,1,19,1,0,1,2,48,1,0,0,0,0,0,0,10,10.0,125,6:34,staubbr01
564,Billy Cameron,1924,1924,1,18,0,1,1,,4,,,,0,,,,,,,,camerbi01
565,Gabriel Dumont,2012,2015,4,18,1,2,3,-1,13,1,0,0,0,2,0,0,26,3.8,164,9:05,dumonga01
566,Irv Frew,1936,1936,1,18,0,2,2,,16,0,0,0,0,2,0,0,,,,,frewir01
567,Glenn Goldup,1974,1976,3,18,0,1,1,-3,4,0,0,0,0,1,0,0,11,0.0,,,goldugl01
568,Jack Laviolette*,1918,1918,1,18,2,1,3,,6,,,,0,,,,,,,,lavioja01
569,Thomas Vanek,2014,2014,1,18,6,9,15,8,8,4,2,0,2,9,0,0,61,9.8,327,18:11,vanekth01
570,Randy Bucyk,1986,1986,1,17,4,2,6,5,8,4,0,0,0,2,0,0,21,19.0,,,bucykra01
571,Joel Hanley,2016,2017,2,17,0,6,6,-3,4,0,0,0,0,6,0,0,15,0.0,231,13:36,hanlejo01
572,Fern Headley,1925,1925,1,17,0,1,1,,2,,,,0,,,,,,,,headlfe01
573,Dwight King,2017,2017,1,17,1,0,1,-2,2,1,0,0,0,0,0,0,21,4.8,208,12:14,kingdw01
574,Garry Peters,1965,1967,2,17,0,3,3,-2,8,0,0,0,0,2,1,0,24,0.0,,,peterga01
575,Charlie Phillips,1943,1943,1,17,0,0,0,,6,0,0,0,0,0,0,0,,,,,phillch01
576,Frédéric St. Denis,2012,2012,1,17,1,2,3,3,10,1,0,0,0,2,0,0,11,9.1,247,14:31,stdenfr01
577,Harry Cameron*,1920,1920,1,16,12,6,18,,29,,,,0,,,,,,,,camerha01
578,Eddie Dorohoy,1949,1949,1,16,0,0,0,,6,0,0,0,0,0,0,0,,,,,dorohed01
579,Dan Newman,1979,1979,1,16,0,2,2,-1,4,0,0,0,0,2,0,0,9,0.0,,,newmada01
580,Jim O'Neil,1941,1942,2,16,0,4,4,,4,0,0,0,0,4,0,0,,,,,oneilji01
581,Noel Picard,1965,1965,1,16,0,7,7,-3,33,0,0,0,0,0,7,0,24,0.0,,,picarno01
582,Zach Redmond,2017,2017,1,16,0,5,5,6,2,0,0,0,0,5,0,0,12,0.0,197,12:19,redmoza01
583,Des Smith,1939,1939,1,16,3,3,6,,8,3,0,0,0,3,0,0,,,,,smithde01
584,Bob Dawes,1951,1951,1,15,0,5,5,,4,0,0,0,0,5,0,0,,,,,dawesbo01
585,Andreas Engqvist,2011,2012,2,15,0,0,0,-1,4,0,0,0,0,0,0,0,4,0.0,105,7:02,engqvan01
586,Alexander Semin,2016,2016,1,15,1,3,4,1,12,1,0,0,0,3,0,0,18,5.6,185,12:20,seminal01
587,Harold Starr,1933,1933,1,15,0,0,0,,6,,,,0,,,,,,,,starrha01
588,Mike Brown,2016,2016,1,14,1,1,2,-2,27,1,0,0,0,1,0,0,14,7.1,135,9:39,brownmi02
589,Xavier Delisle,2001,2001,1,14,3,2,5,-5,6,2,1,0,0,0,2,0,15,20.0,143,10:14,delisxa01
590,Jim Dowd,2004,2004,1,14,3,2,5,6,6,2,0,1,0,2,0,0,13,23.1,189,13:30,dowdji01
591,Scott Fraser,1996,1996,1,14,2,0,2,-1,4,2,0,0,0,0,0,0,9,22.2,,,frasesc01
592,Bill McCreary,1963,1963,1,14,2,3,5,2,0,1,0,1,0,2,0,1,14,14.3,,,mccrebi01
593,Garry Monahan,1968,1969,2,14,0,0,0,-2,8,0,0,0,0,0,0,0,3,0.0,,,monahga01
594,Tyler Pitlick,2022,2022,1,14,1,2,3,-6,4,1,0,0,0,2,0,0,17,5.9,134,9:36,pitlity01
595,Rob Ramage,1993,1994,2,14,0,2,2,-4,10,0,0,0,0,2,0,0,21,0.0,,,ramagro01
596,Chris Terry,2017,2017,1,14,2,2,4,-1,4,2,0,0,0,2,0,0,15,13.3,138,9:53,terrych01
597,Brad Brown,1997,1999,2,13,0,0,0,-1,43,0,0,0,0,0,0,0,0,,30,6:02,brownbr01
598,Eric Chouinard,2001,2001,1,13,1,3,4,0,0,0,1,0,0,2,1,0,11,9.1,143,10:59,chouier01
599,Craig Conroy,1995,1996,2,13,1,0,1,-5,2,1,0,0,0,0,0,0,5,20.0,,,conrocr01
600,Darren Dietz,2016,2016,1,13,1,4,5,-1,13,1,0,0,0,4,0,0,13,7.7,189,14:32,dietzda01
601,Gordie Dwyer,2003,2004,2,13,0,0,0,-2,53,0,0,0,0,0,0,0,2,0.0,95,7:18,dwyergo01
602,Craig Ferguson,1994,1996,3,13,1,1,2,-4,2,1,0,0,0,1,0,0,12,8.3,,,fergucr01
603,Art Gauthier,1927,1927,1,13,0,0,0,,0,,,,0,,,,,,,,gauthar01
604,Blake Geoffrion,2012,2012,1,13,2,0,2,2,10,2,0,0,0,0,0,0,17,11.8,159,12:13,geoffbl01
605,Jonathon Merrill,2021,2021,1,13,0,0,0,-11,4,0,0,0,0,0,0,0,6,0.0,186,14:18,merrijo01
606,Nikita Nesterov,2017,2017,1,13,1,4,5,3,4,1,0,0,0,4,0,0,17,5.9,201,15:29,nesteni01
607,Sami Niku,2022,2022,1,13,0,6,6,3,2,0,0,0,0,5,1,0,14,0.0,199,15:17,nikusa01
608,Anthony Richard,2023,2023,1,13,3,2,5,2,6,3,0,0,1,2,0,0,13,23.1,129,9:58,richaan01
609,Dave Ritchie,1921,1926,3,13,0,0,0,,2,,,,0,,,,,,,,ritchda01
610,Lukas Vejdemo,2020,2022,2,13,2,0,2,-3,0,2,0,0,0,0,0,0,17,11.8,120,9:14,vejdelu01
611,Jude Drouin,1969,1970,2,12,0,1,1,0,2,0,0,0,0,1,0,0,11,0.0,,,drouiju01
612,Gilles Dube,1950,1950,1,12,1,2,3,,2,1,0,0,0,2,0,0,,,,,dubegi01
613,Benoît Gratton,2002,2004,2,12,1,1,2,-1,12,1,0,0,0,1,0,0,11,9.1,118,9:48,grattbe01
614,Red Heron,1942,1942,1,12,1,1,2,,12,1,0,0,0,0,1,0,,,,,heronre01
615,Bill Kitchen,1982,1984,3,12,0,0,0,-2,13,0,0,0,0,0,0,0,6,0.0,,,kitchbi01
616,Lucas Lessio,2016,2016,1,12,1,1,2,1,2,1,0,0,1,1,0,0,14,7.1,126,10:29,lessilu01
617,Hub Macey,1947,1947,1,12,0,1,1,,0,0,0,0,0,1,0,0,,,,,maceyhu01
618,Stefan Matteau,2016,2016,1,12,0,1,1,-4,4,0,0,0,0,1,0,0,5,0.0,128,10:38,mattest02
619,Amby Moran,1927,1927,1,12,0,0,0,,10,,,,0,,,,,,,,moranam01
620,Don Smith,1920,1920,1,12,1,0,1,,6,,,,0,,,,,,,,smithdo01
621,Brent Sopel,2011,2011,1,12,0,0,0,-1,0,0,0,0,0,0,0,0,4,0.0,191,15:54,sopelbr01
622,Art Alexandre,1932,1933,2,11,0,2,2,,0,,,,0,,,,,,,,alexaar01
623,Bill Baker,1981,1981,1,11,0,0,0,-1,32,0,0,0,0,0,0,0,8,0.0,,,bakerbi01
624,Bobby Boucher,1924,1924,1,11,1,0,1,,0,,,,0,,,,,,,,bouchbo01
625,Marcel Dheere,1943,1943,1,11,1,2,3,,2,1,0,0,0,2,0,0,,,,,dheerma01
626,Wilf Field,1945,1945,1,11,1,0,1,,10,1,0,0,0,0,0,0,,,,,fieldwi01
627,Gerry Fleming,1994,1995,2,11,0,0,0,-5,42,0,0,0,0,0,0,0,5,0.0,,,flemige01
628,Gord Fraser,1930,1930,1,11,0,0,0,,4,,,,0,,,,,,,,frasego01
629,Dave Morissette,1999,2000,2,11,0,0,0,1,57,0,0,0,0,0,0,0,2,0.0,26,2:22,morisda01
630,Steve Ott,2017,2017,1,11,0,1,1,-2,17,0,0,0,0,1,0,0,12,0.0,131,11:56,ottst01
631,Earl Robinson,1940,1940,1,11,1,4,5,,2,1,0,0,1,2,2,0,,,,,robinea01
632,Cully Wilson,1921,1921,1,11,6,1,7,,29,,,,0,,,,,,,,wilsocu01
633,Francis Bélanger,2001,2001,1,10,0,0,0,-3,29,0,0,0,0,0,0,0,2,0.0,45,4:30,belanfr01
634,Dustin Boyd,2011,2011,1,10,1,0,1,-6,2,1,0,0,0,0,0,0,8,12.5,98,9:50,boyddu01
635,Gerry Couture,1952,1952,1,10,0,1,1,,4,0,0,0,0,0,1,0,,,,,coutuge01
636,Rosie Couture,1936,1936,1,10,0,1,1,,0,0,0,0,0,1,0,0,,,,,couturo01
637,Ryan Johnston,2016,2017,2,10,0,0,0,-2,4,0,0,0,0,0,0,0,4,0.0,118,11:48,johnsry02
638,Frank King,1951,1951,1,10,1,0,1,,2,1,0,0,0,0,0,0,,,,,kingfr01
639,Howard McNamara,1920,1920,1,10,1,0,1,,4,,,,0,,,,,,,,mcnamho01
640,Gordie Poirier,1940,1940,1,10,0,1,1,,0,0,0,0,0,1,0,0,,,,,poirigo01
641,Marcel Tremblay,1939,1939,1,10,0,2,2,,0,0,0,0,0,2,0,0,,,,,trembma01
642,Riley Barber,2020,2020,1,9,0,0,0,-1,2,0,0,0,0,0,0,0,6,0.0,74,8:15,barberi01
643,Victor Bartley,2016,2016,1,9,0,0,0,3,6,0,0,0,0,0,0,0,8,0.0,120,13:20,bartlvi01
644,Jean Bourcier,1936,1936,1,9,0,1,1,,0,0,0,0,0,1,0,0,,,,,bourcje01
645,Ed Cristofoli,1990,1990,1,9,0,1,1,-1,4,0,0,0,0,1,0,0,6,0.0,,,cristed01
646,Davis Drewiske,2013,2013,1,9,1,2,3,0,0,1,0,0,0,2,0,0,8,12.5,151,16:50,drewida01
647,Bill Holmes,1926,1926,1,9,1,0,1,,4,,,,0,,,,,,,,holmebi01
648,John Mahaffy,1943,1943,1,9,2,5,7,,4,2,0,0,0,5,0,0,,,,,mahafjo01
649,Andreas Martinsen,2017,2017,1,9,0,0,0,-4,0,0,0,0,0,0,0,0,14,0.0,107,11:54,martian01
650,Keith McCreary,1965,1965,1,9,0,3,3,-1,4,0,0,0,0,3,0,0,12,0.0,,,mccreke01
651,Scott Sandelin,1987,1988,2,9,0,1,1,1,2,0,0,0,0,0,1,0,5,0.0,,,sandesc01
652,Stan Smrke,1957,1958,2,9,0,3,3,,0,0,0,0,0,3,0,0,,,,,smrkest01
653,Billy Carter,1958,1962,2,8,0,0,0,-1,0,0,0,0,0,0,0,0,3,0.0,,,cartebi01
654,Jean-Philippe Côté,2006,2006,1,8,0,0,0,2,4,0,0,0,0,0,0,0,2,0.0,88,11:02,coteje01
655,Gerard Desaulniers,1951,1954,3,8,0,2,2,,4,0,0,0,0,2,0,0,,,,,desauge01
656,Martin Desjardins,1990,1990,1,8,0,2,2,-4,2,0,0,0,0,2,0,0,7,0.0,,,desjama01
657,Michael Frolík,2021,2021,1,8,0,0,0,-3,0,0,0,0,0,0,0,0,14,0.0,92,11:27,frolimi01
658,Bob Gracie,1939,1939,1,8,0,1,1,,4,0,0,0,0,1,0,0,,,,,gracibo01
659,François Groleau,1996,1998,3,8,0,1,1,3,6,0,0,0,0,1,0,0,7,0.0,,,grolefr01
660,Alain Nasreddine,1999,1999,1,8,0,0,0,1,33,0,0,0,0,0,0,0,1,0.0,66,8:12,nasreal01
661,Pete Palangio,1927,1929,2,8,0,0,0,,0,,,,0,,,,,,,,palanpe01
662,Terry Ryan,1997,1999,3,8,0,0,0,0,36,0,0,0,0,0,0,0,0,,3,3:09,ryante01
663,Alex Smart,1943,1943,1,8,5,2,7,,0,5,0,0,1,2,0,0,,,,,smartal01
664,André Boudrias,1964,1967,3,7,1,5,6,-1,4,0,1,0,1,4,1,0,12,8.3,,,boudran01
665,Jonathan Ferland,2006,2006,1,7,1,0,1,-2,2,1,0,0,0,0,0,0,9,11.1,46,6:37,ferlajo01
666,Aleš Hemský,2018,2018,1,7,0,0,0,-1,10,0,0,0,0,0,0,0,5,0.0,69,9:55,hemskal01
667,Fran Huck,1970,1971,2,7,1,2,3,3,0,1,0,0,0,2,0,0,10,10.0,,,huckfr01
668,Patric Kjellberg,1993,1993,1,7,0,0,0,-3,2,0,0,0,0,0,0,0,7,0.0,,,kjellpa01
669,Joe Lamb,1935,1935,1,7,3,2,5,,4,3,0,0,0,2,0,0,,,,,lambjo01
670,Jay Leach,2010,2010,1,7,0,0,0,0,5,0,0,0,0,0,0,0,4,0.0,91,13:02,leachja02
671,Christian Proulx,1994,1994,1,7,1,2,3,0,20,1,0,0,0,1,1,0,11,9.1,,,proulch01
672,Darryl Shannon,2001,2001,1,7,0,1,1,-4,6,0,0,0,0,1,0,0,6,0.0,126,18:03,shannda01
673,Eric Tangradi,2015,2015,1,7,0,0,0,-3,17,0,0,0,0,0,0,0,5,0.0,54,7:44,tangrer01
674,Rhys Thomson,1940,1940,1,7,0,0,0,,16,0,0,0,0,0,0,0,,,,,thomsrh01
675,Ron Andruff,1975,1976,2,6,0,0,0,-1,2,0,0,0,0,0,0,0,1,0.0,,,andruro01
676,Conrad Bourcier,1936,1936,1,6,0,0,0,,0,0,0,0,0,0,0,0,,,,,bourcco01
677,Connie Broden,1956,1958,2,6,2,1,3,,2,1,1,0,0,1,0,0,,,,,brodeco01
678,Patrik Carnbäck,1993,1993,1,6,0,0,0,-4,2,0,0,0,0,0,0,0,4,0.0,,,carnbpa01
679,Carson Cooper,1927,1927,1,6,2,0,2,,2,,,,0,,,,,,,,coopeca01
680,John Doran,1940,1940,1,6,0,3,3,,6,0,0,0,0,3,0,0,,,,,doranjo01
681,Sean Farrell,2023,2023,1,6,1,0,1,-2,0,1,0,0,0,0,0,0,8,12.5,83,13:52,farrese01
682,John Hanna,1964,1964,1,6,0,0,0,2,2,0,0,0,0,0,0,0,1,0.0,,,hannajo01
683,Jean-François Jomphe,1999,1999,1,6,0,0,0,0,0,0,0,0,0,0,0,0,4,0.0,54,9:01,jomphje01
684,Otto Leskinen,2020,2021,2,6,0,0,0,0,0,0,0,0,0,0,0,0,2,0.0,68,11:19,leskiot01
685,Tom Manastersky,1951,1951,1,6,0,0,0,,11,0,0,0,0,0,0,0,,,,,manasto01
686,Leo Murray,1933,1933,1,6,0,0,0,,2,,,,0,,,,,,,,murrale01
687,Mattias Norlinder,2022,2022,1,6,0,1,1,2,2,0,0,0,0,1,0,0,2,0.0,74,12:18,norlima01
688,Todd Simpson,2006,2006,1,6,0,0,0,0,14,0,0,0,0,0,0,0,6,0.0,96,15:59,simpsto01
689,Jeff Teal,1985,1985,1,6,0,1,1,0,0,0,0,0,0,1,0,0,4,0.0,,,tealje01
690,Bryan Allen,2015,2015,1,5,0,1,1,-2,2,0,0,0,0,1,0,0,2,0.0,64,12:44,allenbr01
691,Murray Balfour,1957,1958,2,5,1,1,2,,6,1,0,0,0,1,0,0,,,,,balfomu01
692,Wally Clune,1956,1956,1,5,0,0,0,,6,0,0,0,0,0,0,0,,,,,clunewa01
693,Matthieu Descoteaux,2001,2001,1,5,1,1,2,-2,4,0,1,0,0,0,1,0,6,16.7,76,15:10,descoma01
694,Bob Fryday,1950,1952,2,5,1,0,1,,0,1,0,0,0,0,0,0,,,,,frydabo01
695,Erik Gustafsson,2021,2021,1,5,0,2,2,1,0,0,0,0,0,1,1,0,8,0.0,67,13:23,gustaer02
696,Jim Haggarty,1942,1942,1,5,1,1,2,,0,0,1,0,0,1,0,0,,,,,haggaji01
697,Patrick Holland,2014,2014,1,5,0,0,0,0,0,0,0,0,0,0,0,0,2,0.0,38,7:38,hollapa01
698,Claude Laforge,1958,1958,1,5,0,0,0,,0,0,0,0,0,0,0,0,,,,,laforcl01
699,Joe Matte,1926,1926,1,5,0,0,0,,0,,,,0,,,,,,,,mattejo01
700,Duncan Milroy,2007,2007,1,5,0,1,1,-2,0,0,0,0,0,1,0,0,6,0.0,65,12:56,milrodu01
701,Jim Montgomery,1995,1995,1,5,0,0,0,-2,2,0,0,0,0,0,0,0,3,0.0,,,montgji01
702,Des Roche,1935,1935,1,5,0,1,1,,0,0,0,0,0,1,0,0,,,,,rochede01
703,Paul Ronty,1955,1955,1,5,0,0,0,,0,0,0,0,0,0,0,0,,,,,rontypa01
704,Roly Rossignol,1945,1945,1,5,2,2,4,,2,2,0,0,0,2,0,0,,,,,rossiro01
705,Gaye Stewart,1953,1953,1,5,0,1,1,,0,0,0,0,0,1,0,0,,,,,stewaga01
706,Jozef Balej,2004,2004,1,4,0,0,0,-1,0,0,0,0,0,0,0,0,4,0.0,51,12:38,balejjo01
707,Normand Baron,1984,1984,1,4,0,0,0,-2,12,0,0,0,0,0,0,0,2,0.0,,,baronno01
708,Jack Bownass,1958,1958,1,4,0,0,0,,0,0,0,0,0,0,0,0,,,,,bownaja01
709,Gerry Brisson,1963,1963,1,4,0,2,2,1,4,0,0,0,0,2,0,0,8,0.0,,,brissge01
710,Adam Brooks,2022,2022,1,4,0,1,1,-1,0,0,0,0,0,1,0,0,0,,42,10:34,brookad01
711,Fred Burchell,1951,1954,2,4,0,0,0,,2,0,0,0,0,0,0,0,,,,,burchfr01
712,Rey Comeau,1972,1972,1,4,0,0,0,0,0,0,0,0,0,0,0,0,2,0.0,,,comeare01
713,Glen Cressman,1957,1957,1,4,0,0,0,,2,0,0,0,0,0,0,0,,,,,cressgl01
714,Dan Daoust,1983,1983,1,4,0,1,1,-2,4,0,0,0,0,1,0,0,6,0.0,,,daousda01
715,Nigel Dawes,2011,2011,1,4,0,0,0,0,0,0,0,0,0,0,0,0,3,0.0,27,6:44,dawesni01
716,Germain Gagnon,1972,1972,1,4,0,0,0,0,0,0,0,0,0,0,0,0,3,0.0,,,gagnoge01
717,Terry Gray,1964,1964,1,4,0,0,0,-2,4,0,0,0,0,0,0,0,0,,,,grayte01
718,Len Grosvenor,1933,1933,1,4,0,0,0,,0,,,,0,,,,,,,,grosvle01
719,Cec Hoekstra,1960,1960,1,4,0,0,0,0,0,0,0,0,0,0,0,0,5,0.0,,,hoeksce01
720,Ivan Irwin,1953,1953,1,4,0,1,1,,0,0,0,0,0,1,0,0,,,,,irwiniv01
721,Raitis Ivanāns,2006,2006,1,4,0,0,0,-1,9,0,0,0,0,0,0,0,0,,12,2:58,ivanara01
722,George Pargeter,1947,1947,1,4,0,0,0,,0,0,0,0,0,0,0,0,,,,,pargege01
723,Cliff Pennington,1961,1961,1,4,1,0,1,0,0,0,1,0,0,0,0,0,7,14.3,,,pennicl01
724,Ernie Roche,1951,1951,1,4,0,0,0,,2,0,0,0,0,0,0,0,,,,,rocheer01
725,Guy Rousseau,1955,1957,2,4,0,1,1,,2,0,0,0,0,1,0,0,,,,,roussgu01
726,Kerby Rychel,2018,2018,1,4,1,1,2,-2,2,1,0,0,0,1,0,0,7,14.3,44,11:02,rycheke01
727,Mikhail Sergachev,2017,2017,1,4,0,0,0,1,0,0,0,0,0,0,0,0,2,0.0,49,12:08,sergami01
728,Sean Shanahan,1976,1976,1,4,0,0,0,-1,0,0,0,0,0,0,0,0,0,,,,shanase01
729,Stu Smith,1941,1942,2,4,2,2,4,,0,2,0,0,1,2,0,0,,,,,smithst02
730,Phil Stevens,1922,1922,1,4,0,0,0,,0,,,,0,,,,,,,,steveph01
731,Orval Tessier,1955,1955,1,4,0,0,0,,0,0,0,0,0,0,0,0,,,,,tessior01
732,Connie Tudin,1942,1942,1,4,0,1,1,,4,0,0,0,0,0,1,0,,,,,tudinco01
733,Bobby Walton,1944,1944,1,4,0,0,0,,0,0,0,0,0,0,0,0,,,,,waltobo01
734,Moe White,1946,1946,1,4,0,1,1,,2,0,0,0,0,1,0,0,,,,,whitemo01
735,Reg Abbott,1953,1953,1,3,0,0,0,,0,0,0,0,0,0,0,0,,,,,abbotre01
736,Frédéric Allard,2023,2023,1,3,0,0,0,2,0,0,0,0,0,0,0,0,6,0.0,42,13:51,allarfr01
737,Dave Allison,1984,1984,1,3,0,0,0,-3,12,0,0,0,0,0,0,0,2,0.0,,,allisda01
738,Éric Bertrand,2001,2001,1,3,0,0,0,0,0,0,0,0,0,0,0,0,0,,13,4:20,bertrer01
739,Drayson Bowman,2015,2015,1,3,0,0,0,0,0,0,0,0,0,0,0,0,0,,20,6:31,bowmadr01
740,Jeff Brubaker,1982,1982,1,3,0,1,1,1,32,0,0,0,0,1,0,0,3,0.0,,,brubaje01
741,Mathieu Carle,2010,2010,1,3,0,0,0,1,4,0,0,0,0,0,0,0,2,0.0,43,14:28,carlema02
742,Éric Charron,1993,1993,1,3,0,0,0,0,2,0,0,0,0,0,0,0,0,,,,charrer01
743,Enrico Ciccone,2001,2001,1,3,0,0,0,-1,14,0,0,0,0,0,0,0,0,,9,2:57,ciccoen01
744,Wayne Connelly,1961,1961,1,3,0,0,0,-3,0,0,0,0,0,0,0,0,8,0.0,,,connewa01
745,Andre Corriveau,1954,1954,1,3,0,1,1,,0,0,0,0,0,1,0,0,,,,,corrian01
746,Jack Coughlin,1920,1920,1,3,0,0,0,,0,,,,0,,,,,,,,coughja01
747,Lulu Denis,1950,1951,2,3,0,1,1,,0,0,0,0,0,1,0,0,,,,,denislu01
748,Robert Dirk,1996,1996,1,3,0,0,0,0,6,0,0,0,0,0,0,0,0,,,,dirkro01
749,Morgan Ellis,2016,2016,1,3,0,0,0,0,2,0,0,0,0,0,0,0,3,0.0,27,8:57,ellismo01
750,Bobby Farnham,2017,2017,1,3,0,0,0,0,17,0,0,0,0,0,0,0,4,0.0,25,8:16,farnhbo01
751,Reggie Fleming,1960,1960,1,3,0,0,0,-3,2,0,0,0,0,0,0,0,2,0.0,,,flemire01
752,Luc Gauthier,1991,1991,1,3,0,0,0,1,2,0,0,0,0,0,0,0,0,,,,gauthlu01
753,Adie Lafrance,1934,1934,1,3,0,0,0,,2,0,0,0,0,0,0,0,,,,,lafraad01
754,William Lagesson,2022,2022,1,3,0,1,1,2,0,0,0,0,0,1,0,0,1,0.0,45,15:04,lageswi01
755,Doug Lewis,1947,1947,1,3,0,0,0,,0,0,0,0,0,0,0,0,,,,,lewisdo01
756,David Ling,1997,1998,2,3,0,0,0,-1,0,0,0,0,0,0,0,0,1,0.0,,,lingda01
757,Dave Lumley,1979,1979,1,3,0,0,0,0,0,0,0,0,0,0,0,0,2,0.0,,,lumleda01
758,Cliff Malone,1952,1952,1,3,0,0,0,,0,0,0,0,0,0,0,0,,,,,maloncl01
759,Gustav Olofsson,2020,2020,1,3,0,0,0,-4,2,0,0,0,0,0,0,0,2,0.0,24,8:06,olofsgu01
760,Marc Reaume,1964,1964,1,3,0,0,0,0,2,0,0,0,0,0,0,0,3,0.0,,,reaumma01
761,Glen Skov,1961,1961,1,3,0,0,0,-1,0,0,0,0,0,0,0,0,4,0.0,,,skovgl01
762,Nils Tremblay,1945,1946,2,3,0,1,1,,0,0,0,0,0,1,0,0,,,,,trembni01
763,Jerry Wilson,1957,1957,1,3,0,0,0,,2,0,0,0,0,0,0,0,,,,,wilsoje01
764,J.T. Wyman,2010,2010,1,3,0,0,0,-2,0,0,0,0,0,0,0,0,0,,13,4:23,wymanja01
765,Oscar Asmundson,1938,1938,1,2,0,0,0,,0,0,0,0,0,0,0,0,,,,,asmunos01
766,Jim Bartlett,1955,1955,1,2,0,0,0,,4,0,0,0,0,0,0,0,,,,,bartlji01
767,Shawn Belle,2010,2010,1,2,0,0,0,-2,0,0,0,0,0,0,0,0,1,0.0,21,10:38,bellesh01
768,Bob Berry,1969,1969,1,2,0,0,0,0,0,0,0,0,0,0,0,0,0,,,,berrybo01
769,Dave Campbell,1921,1921,1,2,0,0,0,,0,,,,0,,,,,,,,campbda01
770,Dom Campedelli,1986,1986,1,2,0,0,0,-2,0,0,0,0,0,0,0,0,1,0.0,,,campedo01
771,Alain Caron,1969,1969,1,2,0,0,0,0,0,0,0,0,0,0,0,0,0,,,,caronal01
772,Jacques Deslauriers,1956,1956,1,2,0,0,0,,0,0,0,0,0,0,0,0,,,,,deslaja01
773,Fred Doherty,1919,1919,1,2,0,0,0,,0,,,,0,,,,,,,,doherfr01
774,Bob Frampton,1950,1950,1,2,0,0,0,,0,0,0,0,0,0,0,0,,,,,frampbo01
775,Jocelyn Gauvreau,1984,1984,1,2,0,0,0,-2,0,0,0,0,0,0,0,0,0,,,,gauvrjo01
776,Alex Henry,2009,2009,1,2,0,0,0,-2,10,0,0,0,0,0,0,0,0,,13,6:34,henryal01
777,Wayne Hicks,1964,1964,1,2,0,0,0,0,0,0,0,0,0,0,0,0,2,0.0,,,hickswa01
778,Doug Janik,2009,2009,1,2,0,0,0,-1,2,0,0,0,0,0,0,0,0,,28,13:54,janikdo01
779,Rosario Joanette,1945,1945,1,2,0,1,1,,4,0,0,0,0,1,0,0,,,,,joanero01
780,Allan Johnson,1957,1957,1,2,0,1,1,,2,0,0,0,0,1,0,0,,,,,johnsal01
781,Yvan Joly,1981,1983,2,2,0,0,0,-1,0,0,0,0,0,0,0,0,1,0.0,,,jolyyv01
782,Larry Landon,1984,1984,1,2,0,0,0,2,0,0,0,0,0,0,0,0,5,0.0,,,landola01
783,Patrick Lebeau,1991,1991,1,2,1,1,2,0,0,1,0,0,0,1,0,0,3,33.3,,,lebeapa01
784,Gaston Leroux,1936,1936,1,2,0,0,0,,0,0,0,0,0,0,0,0,,,,,lerouga01
785,Vic Lynn,1946,1946,1,2,0,0,0,,0,0,0,0,0,0,0,0,,,,,lynnvi01
786,Walt McCartney,1933,1933,1,2,0,0,0,,0,,,,0,,,,,,,,mccarwa01
787,John McKinnon,1926,1926,1,2,0,0,0,,0,,,,0,,,,,,,,mckinjo01
788,Rick Meagher,1980,1980,1,2,0,0,0,0,0,0,0,0,0,0,0,0,0,,,,meaghri01
789,Brendon Nash,2011,2011,1,2,0,0,0,-1,0,0,0,0,0,0,0,0,2,0.0,20,10:12,nashbr01
790,Dave Orleski,1981,1982,2,2,0,0,0,0,0,0,0,0,0,0,0,0,0,,,,orlesda01
791,Randy Rota,1973,1973,1,2,1,1,2,2,0,1,0,0,1,1,0,0,4,25.0,,,rotara01
792,Roland Rousseau,1953,1953,1,2,0,0,0,,0,0,0,0,0,0,0,0,,,,,roussro01
793,Thomas Rundqvist,1985,1985,1,2,0,1,1,1,0,0,0,0,0,1,0,0,1,0.0,,,rundqth01
794,Dwight Schofield,1983,1983,1,2,0,0,0,1,7,0,0,0,0,0,0,0,0,,,,schofdw01
795,Rod Schutt,1978,1978,1,2,0,0,0,0,0,0,0,0,0,0,0,0,0,,,,schutro01
796,Joel Teasdale,2023,2023,1,2,0,1,1,-2,0,0,0,0,0,1,0,0,1,0.0,22,10:52,teasdjo01
797,Lorrain Thibeault,1946,1946,1,2,0,0,0,,0,0,0,0,0,0,0,0,,,,,thibelo01
798,Brock Trotter,2010,2010,1,2,0,0,0,-1,0,0,0,0,0,0,0,0,6,0.0,18,9:03,trottbr02
799,Rinat Valiev,2018,2018,1,2,0,0,0,0,2,0,0,0,0,0,0,0,2,0.0,24,11:49,valieri01
800,Vladimír Vůjtek,1992,1992,1,2,0,0,0,-1,0,0,0,0,0,0,0,0,1,0.0,,,vujtevl01
801,Brandon Baddock,2022,2022,1,1,0,0,0,0,0,0,0,0,0,0,0,0,0,,8,8:24,baddobr01
802,François Beauchemin,2003,2003,1,1,0,0,0,-1,0,0,0,0,0,0,0,0,1,0.0,17,17:11,beaucfr01
803,Owen Beck,2023,2023,1,1,0,0,0,-1,0,0,0,0,0,0,0,0,0,,10,9:48,beckow01
804,Max Bennett,1936,1936,1,1,0,0,0,,0,0,0,0,0,0,0,0,,,,,bennema01
805,Garry Blaine,1955,1955,1,1,0,0,0,,0,0,0,0,0,0,0,0,,,,,blainga01
806,Norm Collings,1935,1935,1,1,0,1,1,,0,0,0,0,0,1,0,0,,,,,collino01
807,Lucas Condotta,2023,2023,1,1,1,0,1,0,0,1,0,0,0,0,0,0,5,20.0,11,11:02,condolu01
808,Roger Cormier,1926,1926,1,1,0,0,0,,0,,,,0,,,,,,,,cormiro01
809,Hugh Currie,1951,1951,1,1,0,0,0,,0,0,0,0,0,0,0,0,,,,,currihu01
810,Paul Curtis,1970,1970,1,1,0,0,0,-1,0,0,0,0,0,0,0,0,1,0.0,,,curtipa01
811,Jonathan Delisle,1999,1999,1,1,0,0,0,0,0,0,0,0,0,0,0,0,0,,5,4:32,delisjo01
812,Garry Edmundson,1952,1952,1,1,0,0,0,,2,0,0,0,0,0,0,0,,,,,edmunga01
813,Perry Ganchar,1988,1988,1,1,1,0,1,-1,0,1,0,0,0,0,0,0,1,100.0,,,ganchpe01
814,Howie Glover,1969,1969,1,1,0,0,0,0,0,0,0,0,0,0,0,0,0,,,,gloveho01
815,Chuck Hamilton,1962,1962,1,1,0,0,0,-1,0,0,0,0,0,0,0,0,0,,,,hamilch01
816,Cameron Hillis,2022,2022,1,1,0,0,0,0,0,0,0,0,0,0,0,0,2,0.0,10,10:15,hillica01
817,Bud Holloway,2016,2016,1,1,0,0,0,0,0,0,0,0,0,0,0,0,1,0.0,7,7:19,hollobu01
818,Bronco Horvath,1957,1957,1,1,0,0,0,,0,0,0,0,0,0,0,0,,,,,horvabr01
819,Martti Järventie,2002,2002,1,1,0,0,0,2,0,0,0,0,0,0,0,0,0,,13,12:57,jarvema01
820,Don Johns,1966,1966,1,1,0,0,0,-1,0,0,0,0,0,0,0,0,0,,,,johnsdo01
821,Rene Joliat,1925,1925,1,1,0,0,0,,0,,,,0,,,,,,,,joliare01
822,Roland Lafleur,1925,1925,1,1,0,0,0,,0,,,,0,,,,,,,,laflero01
823,Ernie Laforce,1943,1943,1,1,0,0,0,,0,0,0,0,0,0,0,0,,,,,laforer01
824,Jean-Paul Lamirande,1955,1955,1,1,0,0,0,,0,0,0,0,0,0,0,0,,,,,lamirje01
825,Bobby Lee,1943,1943,1,1,0,0,0,,0,0,0,0,0,0,0,0,,,,,leebo01
826,Corey Locke,2008,2008,1,1,0,0,0,-1,0,0,0,0,0,0,0,0,1,0.0,6,5:59,lockeco01
827,Frank Mailley,1943,1943,1,1,0,0,0,,0,0,0,0,0,0,0,0,,,,,maillfr01
828,Bob McCulley,1935,1935,1,1,0,0,0,,0,0,0,0,0,0,0,0,,,,,mcculbo01
829,Irv McGibbon,1943,1943,1,1,0,0,0,,2,0,0,0,0,0,0,0,,,,,mcgibir01
830,Joonas Nättinen,2014,2014,1,1,0,0,0,0,0,0,0,0,0,0,0,0,0,,2,1:45,nattijo01
831,Evariste Payer,1918,1918,1,1,0,0,0,,0,,,,0,,,,,,,,payerev01
832,Mike Polich,1978,1978,1,1,0,0,0,0,0,0,0,0,0,0,0,0,0,,,,policmi01
833,Moe Robinson,1980,1980,1,1,0,0,0,0,0,0,0,0,0,0,0,0,0,,,,robinmo01
834,John Scott,2016,2016,1,1,0,0,0,-1,2,0,0,0,0,0,0,0,0,,9,9:01,scottjo01
835,Martin St. Pierre,2014,2014,1,1,0,0,0,0,0,0,0,0,0,0,0,0,0,,10,9:53,stpiema01
836,Lindsay Vallis,1994,1994,1,1,0,0,0,0,0,0,0,0,0,0,0,0,0,,,,vallili01


Provided by <a href="https://www.sports-reference.com/sharing.html?utm_source=direct&utm_medium=Share&utm_campaign=ShareTool">Hockey-Reference.com</a>: <a href="https://www.hockey-reference.com/teams/MTL/skaters.html?sr&utm_source=direct&utm_medium=Share&utm_campaign=ShareTool#stats">View Original Table</a><br>Generated 8/24/2023.