--- When using SR data, please cite us and provide a link and/or a mention.


 
,,,,,,Scoring,,,Scoring,,Goals,,,,Assists,,,,,Ice Time,,-additional
Rk,Player,From,To,Yrs,GP▼,G,A,PTS,+/-,PIM,EV,PP,SH,GW,EV,PP,SH,S,S%,TOI,ATOI,-9999
1,Jarome Iginla*,1997,2013,16,1219,525,570,1095,46,831,351,161,13,83,357,204,9,3992,13.2,22021,20:38,iginlja01
2,Mark Giordano,2006,2021,15,949,143,366,509,101,759,81,52,10,23,225,129,12,2029,7.0,21503,22:40,giordma01
3,Mikael Backlund,2009,2023,15,908,185,307,492,66,431,136,33,16,33,232,63,12,2192,8.4,15439,17:00,backlmi01
4,Robyn Regehr,2000,2011,11,826,29,134,163,30,802,17,11,1,3,93,33,8,900,3.2,17687,21:25,regehro01
5,Al MacInnis*,1982,1994,13,803,213,609,822,239,960,107,102,4,22,218,379,12,2891,7.4,,,macinal01
6,Theo Fleury,1989,1999,11,791,364,466,830,148,1339,229,107,28,53,279,174,13,2685,13.6,1413,23:33,fleurth01
7,Joel Otto,1985,1995,11,730,167,261,428,44,1642,101,57,9,23,184,67,10,1108,15.1,,,ottojo01
8,Jim Peplinski,1981,1995,11,711,161,263,424,52,1467,148,5,8,22,247,12,4,1269,12.7,,,pepliji01
9,Sean Monahan,2014,2022,9,656,212,250,462,-46,153,144,66,2,47,172,77,1,1515,14.0,11716,17:52,monahse01
10,T.J. Brodie,2011,2020,10,634,48,218,266,14,194,35,10,3,12,156,55,7,768,6.3,14314,22:35,broditj01
11,Gary Suter,1986,1994,9,617,128,436,564,93,872,71,54,3,12,174,256,6,1739,7.4,,,suterga01
12,Johnny Gaudreau,2014,2022,9,602,210,399,609,85,132,164,46,0,41,274,125,0,1622,12.9,11408,18:57,gaudrjo01
13,Jamie Macoun,1983,1992,9,586,62,184,246,213,666,54,4,4,6,165,14,5,966,6.4,,,macouja01
14,Gary Roberts,1987,1996,10,585,257,248,505,225,1736,199,51,7,27,201,45,2,1254,20.5,,,roberga01
15,Joe Nieuwendyk*,1987,1995,9,577,314,302,616,135,330,173,130,11,43,196,104,2,1549,20.3,,,nieuwjo01
16,Matt Stajan,2010,2018,9,558,59,131,190,-1,279,55,0,4,10,117,6,8,533,11.1,7783,13:57,stajama01
17,Tim Hunter,1982,1992,11,545,49,59,108,12,2405,46,3,0,6,56,3,0,471,10.4,,,hunteti01
18,Eric Vail,1974,1982,9,539,206,246,452,58,246,150,54,2,29,181,63,2,1302,15.8,,,vailer01
19,Paul Reinhart,1980,1988,9,517,109,336,445,28,203,54,53,2,12,178,155,3,985,11.1,,,reinhpa01
20,Guy Chouinard,1975,1983,9,514,193,336,529,12,110,129,64,0,14,201,135,0,1244,15.5,,,chouigu01
21,Craig Conroy,2001,2011,9,507,97,211,308,62,276,77,15,5,13,154,49,8,755,12.8,8810,17:23,conrocr01
22,Lanny McDonald*,1982,1989,8,492,215,191,406,-3,408,153,61,1,25,125,66,0,1323,16.3,,,mcdonla01
23,Rey Comeau,1973,1978,6,468,88,126,214,12,153,77,8,3,16,114,10,2,764,11.5,,,comeare01
24,Ken Houston,1976,1982,7,462,128,145,273,7,516,109,19,0,14,130,14,1,887,14.4,,,houstke01
25,Willi Plett,1976,1982,7,452,150,149,299,1,1265,130,20,0,21,118,31,0,946,15.9,,,plettwi01
26,Håkan Loob,1984,1989,6,450,193,236,429,103,189,142,42,9,17,151,75,10,1126,17.1,,,loobha01
27,Tom Lysiak,1974,1979,6,445,155,276,431,27,329,115,37,3,19,180,93,3,1283,12.1,,,lysiato01
28,Bill Clement,1976,1982,7,444,85,139,224,-3,197,66,6,13,12,113,14,12,577,14.7,,,clemebi01
29,Matthew Tkachuk,2017,2022,6,431,152,230,382,85,425,107,45,0,16,158,72,0,1129,13.5,7443,17:16,tkachma01
30,Kent Nilsson,1980,1985,6,425,229,333,562,-34,90,134,79,16,25,178,148,7,1136,20.2,,,nilsske01
31,Robert Reichel,1991,1997,6,425,153,201,354,59,216,105,48,0,22,122,79,0,1140,13.4,,,reichro01
32,Curtis Glencross,2009,2015,7,418,114,128,242,2,290,84,22,8,18,98,27,3,784,14.5,6913,16:32,glenccu01
33,Colin Patterson,1984,1990,7,416,88,99,187,98,189,83,3,2,8,93,0,6,549,16.0,,,patteco01
34,Curt Bennett,1973,1980,7,405,126,140,266,-23,190,104,21,1,22,113,26,1,948,13.3,,,bennecu01
35,Sam Bennett,2015,2021,7,402,67,73,140,-67,319,55,12,0,6,62,10,1,680,9.9,5683,14:08,bennesa01
36,Ronnie Stern,1991,1997,7,396,59,66,125,12,1288,55,1,3,7,63,1,2,529,11.2,,,sternro01
37,Cory Stillman,1995,2001,7,393,109,126,235,-27,192,64,37,8,16,77,48,1,811,13.4,3140,17:33,stillco01
38,Daymond Langkow,2006,2011,6,392,123,165,288,47,159,80,40,3,22,94,64,7,912,13.5,7297,18:37,langkda01
39,Denis Gauthier,1998,2004,7,384,13,45,58,15,515,12,0,1,3,35,4,6,321,4.0,6686,17:53,gauthde01
40,Cory Sarich,2008,2013,6,379,10,49,59,22,462,10,0,0,2,43,2,4,285,3.5,6547,17:17,saricco01
41,Dion Phaneuf,2006,2010,5,378,75,153,228,19,522,26,48,1,21,71,81,1,1150,6.5,9376,24:48,phanedi01
42,Rasmus Andersson,2017,2023,7,377,27,134,161,34,172,22,4,1,5,84,48,2,654,4.1,7786,20:39,anderra01
43,Randy Manery,1973,1977,5,377,30,142,172,32,242,19,10,1,6,89,52,1,709,4.2,,,manerra01
44,Pat Quinn*,1973,1977,5,374,12,87,99,26,555,10,0,2,2,83,1,3,343,3.5,,,quinnpa01
45,Elias Lindholm,2019,2023,5,369,139,186,325,99,100,93,43,3,27,121,58,7,902,15.4,7245,19:38,lindhel01
46,Noah Hanifin,2019,2023,5,359,31,125,156,33,94,26,4,1,4,92,30,3,702,4.4,7644,21:18,hanifno01
47,Carey Wilson,1984,1993,8,355,102,161,263,33,160,77,20,5,13,132,28,1,613,16.6,,,wilsoca01
48,Paul Ranheim,1989,1994,6,354,94,100,194,49,105,75,7,12,12,87,6,7,757,12.4,,,ranhepa01
49,Steve Konroyd,1981,1995,7,350,18,83,101,25,386,16,1,1,2,65,16,2,463,3.9,,,konrost01
50,Matthew Lombardi,2004,2009,5,347,65,102,167,18,225,43,11,11,17,76,24,2,678,9.6,5486,15:49,lombama01
51,Joe Mullen*,1986,1990,5,345,190,198,388,106,95,133,53,4,33,117,80,1,978,19.4,,,mullejo01
52,German Titov,1994,1998,5,345,107,121,228,22,142,57,42,8,13,80,34,7,780,13.7,,,titovge01
53,Derek Morris,1998,2002,5,343,34,129,163,-12,385,16,16,2,10,67,58,4,771,4.4,6233,23:53,morride01
54,Andrew Mangiapane,2018,2023,6,342,95,80,175,45,134,80,12,3,16,68,9,3,639,14.9,5087,14:53,mangian01
55,Alex Tanguay,2007,2013,5,342,86,198,284,17,166,68,14,4,9,130,66,2,476,18.1,6449,18:51,tangual01
56,Tommy Albelin,1996,2001,6,339,12,59,71,-10,92,6,5,1,3,32,22,5,382,3.1,3641,20:27,albelto01
57,Stéphane Yelle,2003,2008,5,339,31,65,96,2,174,22,6,3,5,50,11,4,407,7.6,5094,15:02,yellest01
58,František Musil,1991,1995,5,335,18,45,63,96,505,14,3,1,2,41,3,1,309,5.8,,,musilfr01
59,Phil Housley*,1995,2001,5,328,50,188,238,2,140,32,18,0,4,85,103,0,774,6.5,4734,20:57,houslph01
60,Phil Russell,1979,1983,5,322,29,103,132,38,469,24,3,2,4,88,10,5,461,6.3,,,russeph01
61,Michael Frolík,2016,2020,5,319,63,82,145,9,158,51,3,9,11,72,6,4,700,9.0,4919,15:25,frolimi01
62,Dave Moss,2007,2012,6,317,61,63,124,-7,94,42,19,0,10,55,7,1,666,9.2,4189,13:13,mossda01
63,Ed Kea,1974,1979,6,316,22,92,114,50,283,19,3,0,1,81,8,3,433,5.1,,,keaed01
64,Bob MacMillan,1978,1982,5,308,122,173,295,72,111,96,18,8,13,130,41,2,698,17.5,,,macmibo01
65,Lance Bouma,2011,2017,6,304,27,40,67,-8,174,26,0,1,5,36,1,3,323,8.4,3666,12:04,boumala01
66,Clarke Wilm,1999,2002,4,303,31,42,73,-7,250,20,5,6,0,38,4,0,343,9.0,4024,13:17,wilmcl01
67,Sergei Makarov*,1990,1993,4,297,94,198,292,62,199,68,26,0,14,132,66,0,399,23.6,,,makarse01
68,Toni Lydman,2001,2004,4,289,19,74,93,-16,140,12,7,0,1,35,36,3,442,4.3,6459,22:21,lydmato01
69,Larry Romanchych,1973,1977,5,288,68,95,163,-37,100,49,19,0,7,70,25,0,535,12.7,,,romanla01
70,Dave Shand,1977,1980,4,288,14,63,77,69,324,13,0,1,2,62,1,0,288,4.9,,,shandda01
71,Milan Lucic,2020,2023,4,283,35,48,83,-36,227,26,9,0,1,44,4,0,325,10.8,3545,12:32,lucicmi01
72,Dillon Dubé,2019,2023,5,282,54,66,120,-4,97,45,6,3,6,59,5,2,460,11.7,3775,13:23,dubedi01
73,Dennis Wideman,2013,2017,5,280,32,104,136,-33,126,16,16,0,4,67,35,2,531,6.0,6371,22:45,widemde01
74,Jay Bouwmeester,2010,2013,4,279,18,79,97,-38,134,13,5,0,2,46,30,3,413,4.4,7215,25:52,bouwmja01
75,Chris Clark,2000,2004,5,278,35,36,71,-29,363,25,9,1,8,31,4,1,462,7.6,3759,13:31,clarkch01
76,Cale Hulse,1996,2006,6,277,10,44,54,-16,449,7,1,2,0,36,7,1,310,3.2,1998,15:08,hulseca01
77,Sandy McCarthy,1994,1998,5,276,30,25,55,-36,730,25,5,0,5,20,5,0,272,11.0,,,mccarsa01
78,Trent Yawney,1992,1996,5,274,11,45,56,20,368,8,2,1,1,27,16,2,227,4.8,,,yawnetr01
79,Doug Gilmour*,1989,1992,4,266,81,214,295,104,288,48,29,4,14,141,64,9,512,15.8,,,gilmodo01
80,Bob Murdoch,1979,1982,4,262,16,63,79,32,202,14,2,0,1,57,4,2,292,5.5,,,murdobo01
81,Steve Bozek,1984,1988,5,261,64,79,143,22,80,50,7,7,10,69,6,4,487,13.1,,,bozekst01
82,Brad Marsh,1979,1982,4,257,3,41,44,-11,317,3,0,0,0,40,0,1,228,1.3,,,marshbr01
83,Valeri Bure,1998,2001,4,256,93,99,192,-28,100,57,36,0,13,56,43,0,889,10.5,4497,18:44,bureva01
84,Jeff Shantz,1999,2002,4,256,33,53,86,-8,151,23,9,1,4,43,9,1,314,10.5,4049,15:49,shantje01
85,Kari Eloranta,1982,1987,5,255,12,96,108,17,149,10,2,0,0,65,29,2,195,6.2,,,eloraka01
86,Jason Wiemer,1998,2006,5,252,34,32,66,-41,567,27,7,0,7,26,6,0,348,9.8,3176,13:14,wiemeja01
87,Micheal Ferland,2015,2018,4,250,42,47,89,-10,135,33,9,0,2,43,4,0,406,10.3,3205,12:49,ferlami01
88,Rene Bourque,2009,2012,4,249,88,76,164,5,241,67,15,6,12,55,19,2,673,13.1,4343,17:26,bourqre01
89,Jiří Hudler,2013,2016,4,248,68,124,192,7,69,54,14,0,6,93,31,0,403,16.9,4421,17:50,hudleji01
90,Doug Risebrough,1983,1987,5,247,68,101,169,54,583,60,3,5,9,97,2,2,448,15.2,,,risebdo01
91,Paul Kruse,1991,1997,7,246,24,29,53,0,614,24,0,0,3,29,0,0,226,10.6,,,krusepa01
92,Dougie Hamilton,2016,2018,3,245,42,95,137,-1,174,29,13,0,12,65,29,1,682,6.2,4981,20:20,hamildo01
93,Olli Jokinen,2009,2012,4,236,59,106,165,-34,169,40,19,0,9,69,37,0,660,8.9,4395,18:37,jokinol01
94,Pekka Rautakallio,1980,1982,3,235,33,121,154,13,122,23,10,0,5,79,42,0,409,8.1,,,rautape01
95,Craig Berube,1992,2003,4,234,10,17,27,-17,628,9,1,0,3,17,0,0,140,7.1,719,5:57,berubcr01
96,Bobby Leiter,1973,1976,4,234,64,81,145,-31,41,42,22,0,9,57,24,0,474,13.5,,,leitebo01
97,Jordan Leopold,2003,2009,4,233,16,55,71,-6,110,5,11,0,2,29,25,1,328,4.9,5068,21:45,leopojo01
98,Keith McCreary,1973,1975,3,231,49,50,99,-16,91,35,13,1,9,46,3,1,345,14.2,,,mccreke01
99,Brad McCrimmon,1988,1990,3,231,16,67,83,109,272,9,3,4,4,53,11,3,277,5.8,,,mccribr01
100,Rhett Warrener,2004,2008,4,231,11,26,37,19,239,7,1,3,2,19,2,5,168,6.5,4179,18:05,warrerh01
101,Michael Stone,2017,2023,7,228,17,32,49,-7,119,16,1,0,2,28,4,0,348,4.9,3662,16:04,stonemi01
102,Eddy Beers,1982,1986,5,226,87,105,192,23,232,52,35,0,7,83,22,0,524,16.6,,,beersed01
103,Deryk Engelland,2015,2017,3,226,9,30,39,-7,192,9,0,0,2,28,0,2,229,3.9,3629,16:03,engelde01
104,Ric Nattress,1988,1992,5,226,9,53,62,39,204,9,0,0,1,51,1,1,245,3.7,,,nattrri01
105,Andrew Ference,2003,2007,4,224,10,53,63,1,210,6,4,0,0,24,27,2,265,3.8,4275,19:05,ferenan01
106,Dan Quinn,1984,1987,4,222,72,119,191,-11,98,33,36,3,7,69,49,1,464,15.5,,,quinnda01
107,Neil Sheehy,1984,1992,6,222,13,34,47,25,725,12,1,0,0,33,0,1,193,6.7,,,sheehne01
108,Marc Savard,2000,2003,4,221,60,94,154,-35,158,38,21,1,11,62,31,1,542,11.1,3892,17:37,savarma01
109,Tim Ecclestone,1975,1978,4,220,28,62,90,25,92,24,1,3,4,48,6,8,348,8.0,,,eccleti01
110,Joe Colborne,2014,2016,3,217,37,63,100,-19,104,31,5,1,4,54,9,0,247,15.0,3235,14:55,colbojo01
111,James Patrick,1994,1998,5,217,14,56,70,6,82,10,4,0,1,31,20,5,258,5.4,,,patrija01
112,Mike Cammalleri,2009,2014,4,216,89,89,178,-34,111,57,32,0,19,52,37,0,612,14.5,3985,18:27,cammami01
113,Kristian Huselius,2006,2008,3,216,74,108,182,33,102,46,26,2,15,49,57,2,482,15.4,3646,16:53,huselkr01
114,Jamie Hislop,1981,1984,4,215,37,61,98,-6,65,33,1,3,2,60,0,1,242,15.3,,,hisloja01
115,Jacques Richard,1973,1975,3,215,57,46,103,-59,108,43,14,0,4,27,19,0,607,9.4,,,richaja01
116,Ed Ward,1995,1999,5,215,16,24,40,-12,284,16,0,0,1,24,0,0,175,9.1,546,8:02,warded01
117,Todd Simpson,1996,1999,4,214,4,26,30,-6,500,4,0,0,1,24,0,2,191,2.1,1264,17:19,simpsto01
118,Kevin LaVallee,1981,1983,3,212,66,65,131,-20,63,56,10,0,7,47,18,0,438,15.1,,,lavalke01
119,Chuck Kobasew,2003,2007,4,210,34,37,71,-18,160,19,15,0,6,25,12,0,319,10.7,2470,11:46,kobasch01
120,Paul Baxter,1984,1987,4,209,16,39,55,35,568,14,1,1,2,39,0,0,224,7.1,,,baxtepa01
121,Tim Jackman,2011,2014,4,209,13,23,36,-27,297,12,1,0,1,20,3,0,285,4.6,1873,8:58,jackmti01
122,Barry Gibbs,1975,1978,4,208,13,55,68,-12,218,11,2,0,2,43,11,1,308,4.2,,,gibbsba01
123,Mark Jankowski,2017,2020,4,208,36,28,64,-13,59,27,2,7,4,24,1,3,255,14.1,2597,12:29,jankoma01
124,Richard Mulhern,1976,1979,4,207,25,67,92,12,153,21,3,1,2,51,14,2,351,7.1,,,mulheri01
125,Mike Sullivan,1994,1997,4,205,20,28,48,-17,54,14,0,6,5,25,0,3,228,8.8,,,sullimi01
126,Eric Nystrom,2006,2010,4,204,19,20,39,-13,191,18,0,1,5,18,0,2,216,8.8,2314,11:21,nystrer01
127,Pat Ribble,1976,1983,6,203,12,31,43,13,188,11,1,0,0,31,0,0,228,5.3,,,ribblpa01
128,Chris Tanev,2021,2023,3,203,9,44,53,57,49,9,0,0,4,43,1,0,229,3.9,4202,20:42,tanevch01
129,Dana Murzyn,1988,1991,4,201,16,39,55,50,406,14,1,1,2,35,3,1,271,5.9,,,murzyda01
130,Noel Price,1973,1976,4,199,5,40,45,-17,160,3,1,1,0,35,5,0,266,1.9,,,priceno01
131,Kris Russell,2014,2016,3,198,15,63,78,3,40,8,7,0,2,41,21,1,276,5.4,4632,23:23,russekr01
132,Chris Butler,2012,2014,3,194,5,34,39,-42,92,4,0,1,1,30,3,1,185,2.7,3881,20:00,butlech01
133,John Gould,1977,1979,3,194,35,50,85,1,47,31,3,1,7,33,16,1,310,11.3,,,gouldjo01
134,Marcus Nilson,2004,2008,4,194,19,23,42,25,77,16,3,0,5,21,2,0,222,8.6,2559,13:12,nilsoma01
135,Travis Hamonic,2018,2020,3,193,11,31,42,9,139,10,0,1,1,29,0,2,318,3.5,4031,20:53,hamontr01
136,Dave Lowry,2001,2004,4,193,31,38,69,-24,131,22,8,1,6,30,8,0,231,13.4,2839,14:43,lowryda01
137,Dustin Boyd,2007,2010,4,192,28,29,57,-12,35,26,1,1,7,23,4,2,208,13.5,2251,11:44,boyddu01
138,Derek Ryan,2019,2021,3,192,25,55,80,36,50,21,3,1,1,42,8,5,242,10.3,2619,13:38,ryande01
139,Richard Kromm,1984,1986,3,189,43,61,104,42,90,42,1,0,7,61,0,0,303,14.2,,,krommri01
140,Oleg Saprykin,2000,2004,5,187,29,47,76,4,132,22,7,0,1,35,12,0,373,7.8,2379,12:43,sapryol01
141,Kevin Dahl,1993,1998,5,179,7,22,29,10,149,6,1,0,1,21,1,0,124,5.6,,,dahlke01
142,Zarley Zalapski,1994,1998,5,178,21,55,76,7,220,12,9,0,4,36,19,0,309,6.8,,,zalapza01
143,Shean Donovan,2003,2006,3,175,28,37,65,21,161,21,3,4,9,34,2,1,292,9.6,2370,13:33,donovsh01
144,Garnet Hathaway,2016,2019,4,175,16,24,40,16,219,13,0,3,5,23,0,1,178,9.0,1886,10:47,hathaga01
145,David Jones,2014,2016,3,174,32,30,62,-10,38,27,5,0,4,30,0,0,285,11.2,2457,14:07,jonesda01
146,Hilliard Graves,1975,1977,3,172,37,54,91,5,63,31,6,0,5,40,14,0,288,12.8,,,gravehi01
147,Steve Chiasson,1995,1997,3,168,15,59,74,2,133,6,7,2,3,31,27,1,397,3.8,,,chiasst01
148,Oliver Kylington,2016,2022,5,168,14,33,47,30,40,13,1,0,3,31,2,0,204,6.9,2578,15:21,kylinol01
149,Michael Nylander,1994,1999,5,168,34,74,108,22,54,29,5,0,8,52,22,0,310,11.0,101,11:10,nylanmi01
150,Blake Coleman,2022,2023,2,163,34,37,71,25,114,31,0,3,4,36,0,1,400,8.5,2447,15:01,colembl01
151,Charlie Bourgeois,1982,1986,5,162,12,34,46,24,430,12,0,0,0,32,1,1,132,9.1,,,bourgch01
152,Trevor Lewis,2022,2023,2,162,15,21,36,-8,30,12,1,2,2,20,1,0,252,6.0,2020,12:28,lewistr01
153,Tony Amonte,2006,2007,2,161,24,48,72,-1,83,18,4,2,4,30,16,2,294,8.2,2515,15:37,amontto01
154,John Tonelli,1986,1988,3,161,40,76,116,7,166,23,17,0,5,56,20,0,298,13.4,,,toneljo01
155,Lee Stempniak,2012,2014,3,160,31,52,83,-21,56,23,6,2,4,36,9,7,387,8.0,2841,17:45,stemple01
156,Steve Bégin,1998,2013,6,159,15,11,26,-15,214,13,1,1,3,11,0,0,163,9.2,1347,8:45,beginst01
157,Adrian Aucoin,2008,2009,2,157,20,49,69,5,83,12,8,0,4,24,24,1,247,8.1,3399,21:39,aucoiad01
158,Martin Gélinas,2003,2004,2,157,38,49,87,7,121,27,11,0,6,39,10,0,291,13.1,2468,15:43,gelinma01
159,Jiří Hrdina,1988,1991,4,157,36,58,94,32,63,30,6,0,5,41,17,0,264,13.6,,,hrdinji01
160,Nikita Zadorov,2022,2023,2,156,18,25,43,21,157,18,0,0,2,24,1,0,236,7.6,2784,17:51,zadorni01
161,Bobby Lalonde,1978,1982,4,155,38,56,94,3,54,32,6,0,1,38,17,1,233,16.3,,,lalonbo01
162,Jean Pronovost,1979,1980,2,155,52,58,110,33,42,40,10,2,11,44,11,3,270,19.3,,,pronoje01
163,Perry Berezan,1985,1989,5,152,31,42,73,45,156,25,0,6,5,39,0,3,279,11.1,,,berezpe01
164,Andrew Cassels,1998,1999,2,151,29,52,81,-19,50,17,10,2,5,28,17,7,235,12.3,1328,18:58,cassean01
165,Chris Dahlquist,1993,1994,2,151,4,18,22,5,118,4,0,0,1,15,1,2,121,3.3,,,dahlqch01
166,Troy Brouwer,2017,2018,2,150,19,28,47,-18,84,13,5,1,2,15,11,2,165,11.5,2259,15:04,brouwtr01
167,Roger Johansson,1990,1993,3,150,8,34,42,31,157,7,1,0,0,29,4,1,165,4.8,,,johanro01
168,Bob Boughner,2002,2003,2,148,5,18,23,14,296,5,0,0,1,15,2,1,120,4.2,2849,19:15,boughbo01
169,Adam Pardy,2009,2011,3,147,4,22,26,3,141,4,0,0,0,21,1,0,114,3.5,2244,15:16,pardyad01
170,Mel Bridgman,1982,1983,2,142,45,80,125,16,197,28,15,2,4,58,21,1,272,16.5,,,bridgme01
171,John Stewart,1973,1974,2,142,35,32,67,-7,71,30,5,0,6,24,8,0,311,11.3,,,stewajo01
172,Tom Kostopoulos,2011,2012,2,140,11,15,26,-18,101,7,3,1,1,14,1,0,157,7.0,1744,12:27,kostoto01
173,Jean Lemieux,1974,1976,3,140,10,38,48,-2,35,6,4,0,2,22,16,0,249,4.0,,,lemieje01
174,Dean McAmmond,2002,2004,2,137,38,43,81,11,78,26,11,1,9,26,15,2,253,15.0,2462,17:58,mcammde01
175,Brian McGrattan,2010,2015,4,137,8,7,15,-7,239,8,0,0,1,7,0,0,126,6.3,817,5:58,mcgrabr01
176,Mike Bullard,1987,1988,2,136,76,81,157,33,102,45,31,0,6,49,32,0,368,20.7,,,bullami01
177,Brian MacLellan,1989,1991,3,134,35,35,70,15,95,20,15,0,5,30,5,0,224,15.6,,,maclebr01
178,Michel Petit,1992,1994,3,134,8,40,48,2,243,3,5,0,0,32,7,1,229,3.5,,,petitmi01
179,Mark Hunter,1989,1991,3,133,34,26,60,3,358,14,20,0,2,15,11,0,221,15.4,,,huntema01
180,Bill Lindsay,2000,2001,2,132,9,21,30,-15,183,9,0,0,2,18,1,2,204,4.4,1581,11:59,lindsbi01
181,Paul Byron,2012,2015,4,130,16,30,46,5,39,12,3,1,2,24,1,5,122,13.1,1770,13:37,byronpa01
182,Lew Morrison,1973,1974,2,130,7,13,20,-12,19,6,0,1,2,9,2,2,83,8.4,,,morrile01
183,Scott Nichol,2002,2003,2,128,13,14,27,-16,256,9,2,2,0,11,2,1,115,11.3,1493,11:40,nichosc01
184,Bobby Simpson,1977,1978,2,127,23,18,41,2,94,23,0,0,3,16,2,0,209,11.0,,,simpsbo01
185,Joël Bouchard,1995,1998,4,126,9,12,21,-23,110,7,0,2,1,9,2,1,112,8.0,,,bouchjo01
186,Roman Hamrlík,2006,2007,2,126,14,50,64,30,144,11,2,1,1,17,32,1,214,6.5,2979,23:39,hamrlro01
187,Steve Tambellini,1984,1985,2,120,34,20,54,-1,20,30,2,2,4,20,0,0,202,16.8,,,tambest01
188,Josh Jooris,2015,2016,2,119,16,21,37,0,55,12,4,0,4,18,1,2,169,9.5,1595,13:24,joorijo01
189,Tyler Toffoli,2022,2023,2,119,45,51,96,19,38,30,14,1,5,31,19,1,363,12.4,1920,16:08,toffoty01
190,Jonas Höglund,1997,1998,2,118,25,24,49,-13,28,22,3,0,6,13,11,0,313,8.0,,,hoglujo01
191,Harold Phillipoff,1978,1979,2,118,26,53,79,32,241,24,2,0,4,50,3,0,198,13.1,,,phillha01
192,Mike Eaves,1984,1985,2,117,28,65,93,21,30,22,4,2,4,50,12,3,214,13.1,,,eavesmi01
193,Brandon Bollig,2015,2016,2,116,3,6,9,-19,191,3,0,0,0,6,0,0,123,2.4,1035,8:55,bollibr01
194,Igor Kravchuk,2001,2002,2,115,4,30,34,-9,23,3,1,0,1,11,19,0,189,2.1,2324,20:12,kravcig01
195,Bryan Hextall,1974,1975,2,114,20,20,40,-13,117,16,3,1,2,16,4,0,159,12.6,,,hextabr02
196,Don Lever,1980,1982,3,113,48,58,106,11,66,40,6,2,5,48,10,0,286,16.8,,,leverdo01
197,Andrei Nazarov,1999,2000,2,112,15,31,46,4,108,14,1,0,3,26,5,0,163,9.2,1415,12:38,nazaran01
198,Rob Niedermayer,2002,2003,2,111,14,24,38,-28,91,9,3,2,2,18,6,0,191,7.3,1971,17:45,niedero01
199,Leon Rochefort,1973,1974,2,110,19,30,49,-16,23,17,2,0,1,26,4,0,237,8.0,,,rochele01
200,Jamie Huscroft,1996,1997,2,109,3,13,16,16,279,3,0,0,1,13,0,0,90,3.3,,,huscrja01
201,Byron Ritchie,2006,2007,2,109,12,8,20,1,137,11,0,1,0,7,0,1,80,15.0,1069,9:49,ritchby01
202,Ladislav Šmíd,2014,2016,3,109,1,6,7,-23,81,1,0,0,0,6,0,0,67,1.5,1707,15:40,smidla01
203,Jim Jackson,1983,1985,3,107,15,30,45,10,20,12,1,2,2,26,1,3,161,9.3,,,jacksji01
204,Ronald Petrovický,2001,2002,2,107,9,12,21,0,139,7,2,0,2,10,2,0,108,8.3,1247,11:39,petroro02
205,Brett Ritchie,2021,2023,3,107,13,7,20,-9,76,13,0,0,0,7,0,0,137,9.5,1082,10:07,ritchbr01
206,Niklas Hagman,2010,2012,3,106,17,25,42,0,28,12,5,0,2,20,5,0,222,7.7,1516,14:18,hagmani01
207,Anton Babchuk,2011,2013,3,104,10,28,38,19,26,3,6,1,2,20,8,0,140,7.1,1562,15:01,babchan01
208,Bob Murray,1974,1975,2,104,3,6,9,-15,56,3,0,0,1,6,0,0,101,3.0,,,murrabo01
209,Bill Flett,1976,1977,2,102,27,21,48,10,36,23,2,2,4,19,2,0,206,13.1,,,flettbi01
210,Steve Smith,1999,2001,3,102,1,20,21,-12,139,1,0,0,0,18,2,0,55,1.8,2225,21:49,smithst05
211,Jamie Allison,1995,2002,4,101,3,10,13,-4,163,3,0,0,1,8,0,2,49,6.1,286,7:44,allisja01
212,Brett Kulak,2015,2018,4,101,2,9,11,-8,41,2,0,0,0,9,0,0,101,2.0,1339,13:16,kulakbr01
213,Larry Carriere,1976,1977,2,100,6,18,24,10,112,4,1,1,1,17,0,1,154,3.9,,,carrila01
214,Dave Hindmarch,1981,1984,4,99,21,17,38,-14,25,21,0,0,1,17,0,0,146,14.4,,,hindmda01
215,Jamie Lundmark,2006,2010,4,99,16,23,39,-6,72,14,2,0,2,13,10,0,130,12.3,1187,11:59,lundmja01
216,Darren McCarty,2006,2007,2,99,7,6,13,-4,175,6,1,0,0,5,1,0,82,8.5,958,9:40,mccarda02
217,Dan Keczmer,1994,1996,3,98,3,23,26,-1,72,3,0,0,0,9,14,0,150,2.0,,,keczmda01
218,Hnat Domenichelli,1997,2000,4,96,20,23,43,1,31,14,6,0,2,19,4,0,188,10.6,703,12:47,domenhn01
219,Steve Reinprecht,2004,2006,2,96,17,41,58,11,28,9,8,0,2,24,17,0,140,12.1,1522,15:51,reinpst01
220,Steve Montador,2002,2006,4,94,4,5,9,-12,201,4,0,0,1,4,1,0,118,3.4,1282,13:38,montast01
221,Brendan Morrison,2011,2012,2,94,13,41,54,12,22,9,3,1,1,29,11,1,122,10.7,1487,15:49,morribr01
222,Wayne Primeau,2007,2009,3,94,6,15,21,-8,76,5,0,1,2,15,0,0,96,6.3,1011,10:45,primewa01
223,Eric Godard,2007,2008,2,93,1,2,3,-8,221,1,0,0,1,2,0,0,17,5.9,421,4:31,godarer01
224,Kris Versteeg,2017,2018,2,93,18,27,45,-11,52,9,9,0,2,15,12,0,185,9.7,1333,14:20,verstkr01
225,Corey Millen,1996,1997,2,92,15,25,40,-11,42,13,2,0,1,17,8,0,130,11.5,,,milleco01
226,Wes Walz,1994,1995,2,92,17,39,56,27,27,12,5,0,1,30,9,0,152,11.2,,,walzwe01
227,Blake Comeau,2012,2013,2,91,9,13,22,-9,38,8,0,1,1,13,0,0,161,5.6,1340,14:43,comeabl01
228,Marty McInnis,1997,1999,3,91,23,30,53,-1,42,13,6,4,0,23,6,1,154,14.9,83,13:51,mcinnma01
229,Bob Paradise,1973,1974,2,89,1,8,9,-27,116,1,0,0,1,8,0,0,61,1.6,,,paradbo01
230,Markus Granlund,2014,2016,3,86,14,14,28,-3,24,11,1,2,1,12,1,1,111,12.6,1128,13:07,granlma01
231,Mason Raymond,2015,2016,2,86,16,12,28,-11,16,16,0,0,1,11,1,0,176,9.1,1202,13:59,raymoma01
232,Chris Simon,2004,2006,2,85,11,16,27,1,119,8,3,0,3,13,3,0,107,10.3,968,11:23,simonch01
233,Steve Dubinsky,1999,2000,2,84,4,11,15,-19,18,2,0,2,0,10,0,1,98,4.1,1170,13:56,dubinst01
234,Jeff Cowan,2000,2002,3,83,14,5,19,-9,130,12,2,0,2,4,1,0,87,16.1,746,8:59,cowanje01
235,Derek Smith,2012,2014,3,83,2,11,13,-16,24,2,0,0,1,7,4,0,74,2.7,1152,13:53,smithde05
236,Dave Gagner,1997,1997,1,82,27,33,60,2,48,18,9,0,4,18,12,3,228,11.8,,,gagneda01
237,Roman Horák,2012,2014,3,82,5,13,18,-2,16,5,0,0,1,12,0,1,81,6.2,917,11:11,horakro01
238,Nazem Kadri,2023,2023,1,82,24,32,56,-19,56,13,11,0,4,24,8,0,267,9.0,1411,17:13,kadrina01
239,Stéphane Matteau,1991,1992,2,82,16,19,35,19,112,15,0,1,1,15,0,4,121,13.2,,,mattest01
240,Juuso Välimäki,2019,2022,3,82,3,13,16,-4,48,3,0,0,1,13,0,0,111,2.7,1269,15:29,valimju01
241,Alex Chiasson,2017,2017,1,81,12,12,24,-6,46,11,0,1,1,10,2,0,104,11.5,1084,13:23,chiasal01
242,MacKenzie Weegar,2023,2023,1,81,4,27,31,15,43,4,0,0,1,23,3,1,160,2.5,1709,21:06,weegama01
243,Chris Drury,2003,2003,1,80,23,30,53,-9,33,17,5,1,5,15,15,0,224,10.3,1484,18:33,drurych01
244,Richie Dunn,1983,1983,1,80,3,11,14,-3,47,3,0,0,1,10,1,0,88,3.4,,,dunnri01
245,Greg Fox,1978,1979,2,80,1,14,15,30,95,0,1,0,0,14,0,0,54,1.9,,,foxgr01
246,Buster Harvey,1975,1976,2,80,17,27,44,4,16,13,4,0,3,23,4,0,160,10.6,,,harvebu01
247,Rob Ramage,1988,1989,2,80,4,19,23,42,193,1,3,0,0,14,4,1,103,3.9,,,ramagro01
248,Jonathan Huberdeau,2023,2023,1,79,15,40,55,2,36,11,4,0,1,29,11,0,126,11.9,1332,16:52,huberjo01
249,Dave Kryskow,1976,1976,1,79,15,25,40,-6,65,14,1,0,2,23,2,0,120,12.5,,,kryskda01
250,Chris Lindberg,1992,1993,2,79,11,17,28,0,35,10,1,0,1,14,0,3,93,11.8,,,lindbch01
251,Claude St. Sauveur,1976,1976,1,79,24,24,48,-7,23,13,11,0,3,15,9,0,171,14.0,,,stsaucl01
252,Garry Unger,1980,1980,1,79,17,16,33,2,39,16,1,0,3,13,3,0,170,10.0,,,ungerga01
253,Erik Gudbranson,2022,2022,1,78,6,11,17,15,68,6,0,0,0,11,0,0,129,4.7,1415,18:08,gudbrer01
254,Scott Hannan,2012,2012,1,78,2,10,12,-10,38,2,0,0,0,9,0,1,49,4.1,1588,20:21,hannasc01
255,Billy MacMillan,1973,1973,1,78,10,15,25,-10,52,7,3,0,2,13,2,0,101,9.9,,,macmibi01
256,Brandon Prust,2007,2010,3,78,2,5,7,3,202,2,0,0,2,5,0,0,39,5.1,501,6:25,prustbr01
257,Brian Glynn,1988,1990,3,77,5,15,20,-2,106,1,4,0,1,8,6,1,88,5.7,,,glynnbr01
258,Todd Hlushko,1995,1998,4,77,7,13,20,-1,84,7,0,0,0,12,0,1,92,7.6,,,hlushto01
259,Owen Nolan,2008,2008,1,77,16,16,32,6,71,14,1,1,3,11,5,0,163,9.8,1275,16:33,nolanow01
260,Petr Buzek,2002,2003,2,76,4,8,12,-2,28,1,3,0,0,8,0,0,82,4.9,1182,15:33,buzekpe01
261,Bill Plager,1973,1973,1,76,2,11,13,-18,92,2,0,0,0,10,1,0,60,3.3,,,plagebi01
262,Adam Ružička,2021,2023,3,75,11,20,31,9,20,9,2,0,2,16,4,0,100,11.0,828,11:02,ruzicad01
263,Blake Sloan,2002,2003,2,74,2,10,12,-4,32,2,0,0,0,10,0,0,63,3.2,916,12:22,sloanbl01
264,Wade Belak,1999,2001,3,72,0,3,3,-3,224,0,0,0,0,3,0,0,21,0.0,558,7:45,belakwa01
265,Chris Dingman,1998,1999,2,72,3,3,6,-13,166,2,1,0,0,3,0,0,48,6.3,16,8:11,dingmch01
266,Jeff Friesen,2007,2007,1,72,6,6,12,-2,34,5,0,1,0,4,1,1,55,10.9,877,12:11,friesje01
267,Sheldon Kennedy,1995,1996,2,71,10,15,25,8,81,9,1,0,1,15,0,0,98,10.2,,,kennesh01
268,Miles Zaharko,1978,1978,1,71,1,19,20,-13,26,1,0,0,0,18,1,0,56,1.8,,,zaharmi01
269,Dan Labraaten,1981,1982,2,70,19,19,38,-4,19,17,2,0,0,16,3,0,99,19.2,,,labrada01
270,Curtis Lazar,2017,2019,3,70,3,12,15,-7,23,3,0,0,1,12,0,0,67,4.5,693,9:54,lazarcu01
271,David Hale,2007,2008,2,69,0,2,2,-2,56,0,0,0,0,2,0,0,47,0.0,979,14:11,haleda01
272,Martin St. Louis*,1999,2000,2,69,4,16,20,-7,32,4,0,0,1,14,1,1,87,4.6,930,13:28,stlouma01
273,René Corbet,1999,2000,2,68,9,14,23,-9,70,8,1,0,0,11,3,0,145,6.2,927,13:38,corbere01
274,Dean Evason,1996,1996,1,67,7,7,14,-6,38,6,1,0,1,4,2,1,68,10.3,,,evasode01
275,Aaron Gavey,1997,1998,2,67,9,12,21,-16,58,6,3,0,2,11,1,0,81,11.1,,,gaveyaa01
276,Sven Baertschi,2012,2015,4,66,8,20,28,-5,22,7,1,0,0,17,3,0,79,10.1,829,12:34,baertsv01
277,Todd Bertuzzi,2009,2009,1,66,15,29,44,-13,74,9,6,0,4,19,10,0,127,11.8,1228,18:36,bertuto01
278,Denis Cyr,1981,1983,3,66,14,15,29,8,13,12,2,0,2,10,5,0,96,14.6,,,cyrde01
279,Nigel Dawes,2010,2010,1,66,14,18,32,1,18,10,4,0,2,13,5,0,96,14.6,960,14:32,dawesni01
280,Jim Vandermeer,2008,2009,2,66,1,8,9,5,147,1,0,0,0,8,0,0,54,1.9,1135,17:12,vandeji01
281,Ivan Boldirev,1979,1980,2,65,22,32,54,0,26,17,5,0,2,22,10,0,149,14.8,,,boldiiv01
282,Krzysztof Oliwa,2004,2004,1,65,3,2,5,-8,247,3,0,0,0,2,0,0,32,9.4,320,4:56,oliwakr01
283,Arnie Brown,1973,1974,2,63,3,6,9,-24,46,3,0,0,0,6,0,0,70,4.3,,,brownar01
284,Kelly Kisio,1994,1995,2,63,14,27,41,-4,34,7,6,1,1,16,10,1,88,15.9,,,kisioke01
285,Jim Kyte,1991,1992,2,63,0,10,10,12,260,0,0,0,0,9,0,1,42,0.0,,,kyteji01
286,James Neal,2019,2019,1,63,7,12,19,-5,28,5,2,0,1,8,4,0,141,5.0,942,14:57,nealja01
287,Jamie Wright,2002,2003,2,63,6,14,20,7,32,6,0,0,0,14,0,0,80,7.5,827,13:07,wrighja01
288,Austin Czarnik,2019,2020,2,62,8,13,21,0,8,7,1,0,3,10,3,0,74,10.8,693,11:11,czarnau01
289,T.J. Galiardi,2014,2014,1,62,4,13,17,-13,21,3,0,1,0,12,0,1,100,4.0,906,14:37,galiatj01
290,Gerry Meehan,1975,1976,2,62,11,30,41,1,8,7,4,0,2,23,7,0,100,11.0,,,meehage01
291,Butch Deadmarsh,1973,1974,2,61,7,1,8,-3,97,7,0,0,1,1,0,0,68,10.3,,,deadmbu01
292,Anders Eriksson,2008,2008,1,61,1,17,18,-5,36,0,1,0,0,13,4,0,50,2.0,1268,20:47,eriksan01
293,Don Laurence,1979,1979,1,59,14,19,33,8,6,12,2,0,3,17,2,0,113,12.4,,,lauredo01
294,Gary Leeman,1992,1993,2,59,11,12,23,-6,37,10,1,0,2,8,4,0,99,11.1,,,leemaga01
295,Ernie Hicke,1973,1973,1,58,14,23,37,-2,37,12,2,0,2,12,11,0,120,11.7,,,hickeer01
296,Brett Hull*,1987,1988,2,57,27,24,51,9,12,23,4,0,4,16,8,0,158,17.1,,,hullbr01
297,Darcy Rota,1979,1980,2,57,19,13,32,6,70,19,0,0,1,12,1,0,97,19.6,,,rotada01
298,Steve Staios,2010,2011,2,57,4,9,13,-2,40,2,1,1,0,8,1,0,39,10.3,905,15:53,staiost01
299,Raphael Diaz,2015,2015,1,56,2,2,4,-3,10,1,1,0,1,2,0,0,52,3.8,673,12:01,diazra01
300,Randy Holt,1981,1982,2,56,0,5,5,-10,174,0,0,0,0,5,0,0,15,0.0,,,holtra01
301,Jyrki Jokipakka,2016,2017,2,56,1,11,12,0,20,1,0,0,0,11,0,0,48,2.1,871,15:33,jokipjy01
302,Tobias Rieder,2020,2020,1,55,4,6,10,-12,6,3,0,1,0,5,0,1,77,5.2,610,11:05,riedeto01
303,Gino Cavallini,1985,1986,2,54,13,17,30,7,40,8,5,0,0,13,4,0,95,13.7,,,cavalgi01
304,Mark Smith,2008,2008,1,54,1,3,4,-6,59,1,0,0,0,3,0,0,27,3.7,320,5:56,smithma01
305,Tim Sweeney,1991,1992,2,53,8,11,19,1,12,8,0,0,5,7,1,3,56,14.3,,,sweenti01
306,Aleš Kotalík,2010,2011,2,52,7,4,11,-6,37,5,2,0,3,3,1,0,134,5.2,701,13:29,kotalal01
307,Nick Fotiu,1986,1987,2,51,5,4,9,-6,166,5,0,0,1,4,0,0,39,12.8,,,fotiuni01
308,Blair Jones,2012,2014,3,50,3,4,7,-4,39,2,0,1,1,3,1,0,73,4.1,623,12:28,jonesbl01
309,Mark Osiecki,1992,1992,1,50,2,7,9,-4,24,1,1,0,2,5,0,2,44,4.5,,,osiecma01
310,Pavel Torgaev,1996,2000,2,50,6,12,18,2,18,6,0,0,0,11,1,0,62,9.7,134,14:51,torgapa01
311,Bert Wilson,1981,1981,1,50,5,7,12,-6,94,5,0,0,1,7,0,0,34,14.7,,,wilsobe01
312,Bobby Dollas,2000,2000,1,49,3,7,10,4,28,2,1,0,0,7,0,0,36,8.3,988,20:09,dollabo01
313,Dwayne Hay,2001,2001,1,49,1,3,4,-4,16,1,0,0,0,3,0,0,39,2.6,412,8:24,haydw01
314,Chris O'Sullivan,1997,1999,3,49,2,11,13,3,14,1,1,0,1,4,7,0,63,3.2,91,9:07,osullch01
315,Brad Smith,1980,1981,2,49,7,4,11,-7,69,6,1,0,1,4,0,0,51,13.7,,,smithbr03
316,Andrei Zyuzin,2007,2007,1,49,1,5,6,-2,30,1,0,0,0,5,0,0,36,2.8,677,13:49,zyuzian01
317,Dwight Bialowas,1974,1975,2,48,3,9,12,-3,22,1,2,0,0,4,5,0,45,6.7,,,bialodw01
318,Jim Dowd,1998,1998,1,48,6,8,14,10,12,5,0,1,0,7,1,0,58,10.3,,,dowdji01
319,Marc Habscheid,1992,1992,1,46,7,11,18,-11,42,5,2,0,2,6,5,0,60,11.7,,,habscma01
320,Mathias Johansson,2003,2003,1,46,4,5,9,-15,12,3,1,0,0,3,2,0,54,7.4,582,12:39,johanma02
321,Gary McAdam,1982,1982,1,46,12,15,27,-6,18,12,0,0,1,13,0,2,72,16.7,,,mcadaga01
322,Sergei Priakin,1989,1991,3,46,3,8,11,-9,2,3,0,0,1,8,0,0,45,6.7,,,priakse01
323,Yves Racine,1997,1997,1,46,1,15,16,4,24,0,1,0,0,6,9,0,82,1.2,,,racinyv01
324,Fredrik Sjöström,2010,2010,1,46,1,5,6,2,8,1,0,0,0,5,0,0,33,3.0,438,9:31,sjostfr01
325,Brian Bradley,1986,1987,2,45,10,19,29,5,16,8,2,0,2,12,7,0,68,14.7,,,bradlbr01
326,Steve Christoff,1983,1983,1,45,9,8,17,-2,4,9,0,0,2,8,0,0,50,18.0,,,chrisst01
327,Shane O'Brien,2014,2014,1,45,0,3,3,-8,58,0,0,0,0,3,0,0,16,0.0,507,11:16,obriesh01
328,Brad Werenka,2000,2001,2,45,2,5,7,-5,37,2,0,0,0,3,2,0,43,4.7,891,19:47,werenbr01
329,Tomas Forslund,1992,1993,2,44,5,11,16,-6,12,5,0,0,1,10,0,1,51,9.8,,,forslto01
330,Joakim Nordström,2021,2021,1,44,1,6,7,1,6,1,0,0,0,6,0,0,46,2.2,508,11:33,nordsjo02
331,André Roy,2009,2009,1,44,3,0,3,-1,83,3,0,0,1,0,0,0,26,11.5,242,5:29,royan01
332,Ian White,2010,2011,2,43,6,12,18,-3,18,4,2,0,0,7,5,0,77,7.8,907,21:06,whiteia01
333,Matt Bartkowski,2017,2018,2,42,1,4,5,-7,30,1,0,0,0,4,0,0,37,2.7,610,14:31,bartkma01
334,Kevan Guy,1987,1992,4,42,0,7,7,12,33,0,0,0,0,7,0,0,37,0.0,,,guyke01
335,Carl Mokosak,1982,1983,2,42,7,7,14,-4,87,7,0,0,0,7,0,0,38,18.4,,,mokosca01
336,Dick Redmond,1978,1978,1,42,7,11,18,13,16,2,5,0,1,8,3,0,86,8.1,,,redmodi01
337,Greg Smyth,1992,1993,2,42,2,3,5,9,110,1,1,0,0,3,0,0,24,8.3,,,smythgr01
338,Bob Bassen,1999,1999,1,41,1,2,3,-13,35,1,0,0,0,2,0,0,47,2.1,517,12:36,bassebo01
339,Kerry Ketter,1973,1973,1,41,0,2,2,-6,58,0,0,0,0,2,0,0,31,0.0,,,ketteke01
340,Noel Picard,1973,1973,1,41,0,10,10,-6,43,0,0,0,0,9,1,0,37,0.0,,,picarno01
341,Roman Červenka,2013,2013,1,39,9,8,17,-13,14,8,1,0,0,5,3,0,51,17.6,512,13:08,cervero01
342,Freddie Hamilton,2016,2018,3,38,3,2,5,-3,10,2,0,1,1,1,0,1,42,7.1,366,9:38,hamilfr01
343,Josh Leivo,2021,2021,1,38,6,3,9,-3,10,6,0,0,2,3,0,0,50,12.0,408,10:45,leivojo01
344,Greg Meredith,1981,1983,2,38,6,4,10,-4,8,3,2,1,0,4,0,0,44,13.6,,,meredgr01
345,Nikita Nesterov,2021,2021,1,38,0,4,4,-10,20,0,0,0,0,4,0,0,33,0.0,603,15:52,nesteni01
346,Dave Roche,1999,2000,2,38,3,3,6,-2,49,2,1,0,2,3,0,0,33,9.1,278,7:19,rocheda02
347,Bryan Marchment,2006,2006,1,37,1,2,3,8,75,1,0,0,0,2,0,0,16,6.3,485,13:07,marchbr02
348,Martin Simard,1991,1992,2,37,1,5,6,-4,172,0,1,0,0,5,0,0,18,5.6,,,simarma01
349,Josh Green,2004,2004,1,36,2,4,6,-3,24,2,0,0,0,4,0,0,47,4.3,407,11:18,greenjo01
350,Alex McKendry,1981,1981,1,36,3,6,9,-5,19,3,0,0,0,6,0,0,30,10.0,,,mckenal01
351,Rod Seiling,1979,1979,1,36,0,4,4,8,12,0,0,0,0,3,0,1,28,0.0,,,seiliro01
352,Kevin Westgarth,2014,2014,1,36,4,3,7,-2,64,4,0,0,1,3,0,0,25,16.0,253,7:02,westgke01
353,Blair Betts,2002,2004,3,35,3,5,8,1,12,2,1,0,2,5,0,0,41,7.3,402,11:29,bettsbl01
354,Éric Charron,1998,2000,3,35,0,1,1,-9,55,0,0,0,0,1,0,0,18,0.0,385,11:40,charrer01
355,Al McDonough,1974,1974,1,35,10,9,19,-4,15,7,3,0,1,4,5,0,108,9.3,,,mcdonal01
356,Shane Churla,1988,1989,2,34,1,5,6,-1,157,1,0,0,0,5,0,0,17,5.9,,,churlsh01
357,Ted Drury,1994,1994,1,34,5,7,12,-5,26,4,0,1,1,6,1,0,43,11.6,,,druryte01
358,Kari Jalonen,1983,1984,2,34,9,6,15,7,4,9,0,0,1,6,0,0,36,25.0,,,jalonka01
359,Chuck Arnason,1974,1974,1,33,7,6,13,1,13,7,0,0,1,4,2,0,62,11.3,,,arnasch01
360,Rick Bowness,1976,1977,2,33,0,4,4,-13,29,0,0,0,0,4,0,0,27,0.0,,,bowneri01
361,Alexander Godynyuk,1992,1993,2,33,3,5,8,4,23,3,0,0,0,2,3,0,47,6.4,,,godynal01
362,Brent Ashton,1993,1993,1,32,8,11,19,11,41,6,0,2,1,11,0,0,58,13.8,,,ashtobr01
363,Brian Engblom,1987,1987,1,32,0,4,4,-6,28,0,0,0,0,4,0,0,31,0.0,,,engblbr01
364,Claude Lapointe,1996,1996,1,32,4,5,9,2,20,2,0,2,1,5,0,0,44,9.1,,,lapoicl01
365,Paul Fenton,1991,1991,1,31,5,7,12,2,10,4,0,1,1,7,0,0,59,8.5,,,fentopa01
366,Gene Carr,1979,1979,1,30,3,8,11,-4,6,3,0,0,0,6,2,0,35,8.6,,,carrge01
367,Paul Henderson,1980,1980,1,30,7,6,13,5,6,6,1,0,1,5,1,0,29,24.1,,,hendepa01
368,Tony Stiles,1984,1984,1,30,2,7,9,14,20,2,0,0,0,6,0,1,19,10.5,,,stileto01
369,Tyler Wotherspoon,2014,2017,4,30,0,5,5,-8,4,0,0,0,0,5,0,0,17,0.0,408,13:36,wothety01
370,Norm Gratton,1973,1973,1,29,3,6,9,1,12,2,1,0,0,3,3,0,26,11.5,,,grattno01
371,Dale DeGray,1986,1987,2,28,6,7,13,-4,29,6,0,0,1,6,1,0,58,10.3,,,degrada01
372,Walker Duehr,2022,2023,2,28,7,4,11,0,4,7,0,0,2,4,0,0,47,14.9,284,10:09,duehrwa01
373,Jukka Hentunen,2002,2002,1,28,2,3,5,-9,4,1,1,0,0,3,0,0,38,5.3,312,11:09,hentuju01
374,Andreas Johansson,2000,2000,1,28,3,7,10,-3,14,2,1,0,0,6,1,0,47,6.4,379,13:33,johanan01
375,Doug Mohns,1974,1974,1,28,0,3,3,-7,10,0,0,0,0,3,0,0,25,0.0,,,mohnsdo01
376,Greg Paslawski,1993,1994,2,28,6,5,11,-1,2,6,0,0,2,4,1,0,32,18.8,,,paslagr01
377,C.J. Young,1993,1993,1,28,3,2,5,-7,20,2,1,0,0,2,0,0,21,14.3,,,youngcj01
378,Rico Fata,1999,2001,3,27,0,1,1,-4,10,0,0,0,0,1,0,0,19,0.0,219,8:07,fatari01
379,Jamal Mayers,2010,2010,1,27,1,5,6,2,53,1,0,0,1,5,0,0,28,3.6,248,9:11,mayerja01
380,Jakub Nakládal,2016,2016,1,27,2,3,5,-5,6,2,0,0,0,2,1,0,42,4.8,383,14:11,naklaja01
381,Brad Richardson,2022,2022,1,27,2,2,4,-2,27,2,0,0,0,2,0,0,19,10.5,268,9:56,richabr02
382,Ken Sabourin,1989,1991,3,27,1,4,5,13,72,1,0,0,0,4,0,0,14,7.1,,,sabouke01
383,Darryl Shannon,2000,2000,1,27,1,8,9,-13,22,1,0,0,0,4,4,0,46,2.2,636,23:33,shannda01
384,Brad Stuart,2007,2007,1,27,0,5,5,12,18,0,0,0,0,5,0,0,35,0.0,616,22:48,stuarbr02
385,Marty Murray,1996,2001,4,26,3,3,6,-5,6,1,2,0,0,1,2,0,32,9.4,101,14:28,murrama01
386,Brad Schlegel,1994,1994,1,26,1,6,7,-4,4,1,0,0,0,5,1,0,24,4.2,,,schlebr01
387,Keith Hanson,1984,1984,1,25,0,2,2,-14,77,0,0,0,0,0,0,2,19,0.0,,,hansoke01
388,Craig MacDonald,2006,2006,1,25,3,2,5,5,8,2,1,0,0,2,0,0,27,11.1,257,10:16,macdocr01
389,Tyler Pitlick,2022,2022,1,25,0,2,2,-5,2,0,0,0,0,2,0,0,19,0.0,292,11:41,pitlity01
390,Benoît Gratton,2000,2001,2,24,1,5,6,1,24,1,0,0,0,5,0,0,17,5.9,211,8:48,grattbe01
391,Terry Johnson,1986,1986,1,24,1,4,5,-2,71,1,0,0,0,3,1,0,11,9.1,,,johnste01
392,Jakob Pelletier,2023,2023,1,24,3,4,7,-5,2,1,2,0,1,3,1,0,48,6.3,340,14:11,pelleja01
393,Dennis Gilbert,2023,2023,1,23,1,3,4,0,27,1,0,0,1,3,0,0,13,7.7,270,11:44,gilbede01
394,Ron Harris,1973,1973,1,23,2,4,6,-5,8,1,1,0,0,4,0,0,36,5.6,,,harriro01
395,Mike Peluso,1998,1998,1,23,0,0,0,-6,113,0,0,0,0,0,0,0,8,0.0,,,pelusmi01
396,Max Reinhart,2013,2015,3,23,1,4,5,-5,6,1,0,0,0,3,1,0,36,2.8,277,12:01,reinhma01
397,Zac Rinaldo,2020,2021,2,23,3,2,5,-2,39,3,0,0,2,2,0,0,20,15.0,180,7:51,rinalza01
398,Vesa Viitakoski,1994,1996,3,23,2,4,6,-2,8,0,2,0,0,2,2,0,28,7.1,,,viitave01
399,Jonas Bergqvist,1990,1990,1,22,2,5,7,10,10,2,0,0,0,5,0,0,30,6.7,,,bergqjo01
400,Jaromír Jágr,2018,2018,1,22,1,6,7,6,10,1,0,0,0,5,1,0,32,3.1,287,13:03,jagrja01
401,Aaron Johnson,2010,2010,1,22,1,2,3,0,19,1,0,0,0,2,0,0,13,7.7,268,12:11,johnsaa01
402,Alan Quine,2019,2020,2,22,4,2,6,-1,10,3,1,0,0,2,0,0,23,17.4,212,9:37,quineal01
403,Ron Sutter,2001,2001,1,21,1,3,4,4,12,1,0,0,0,3,0,0,16,6.3,248,11:49,suttero01
404,Dallas Eakins,2001,2002,2,20,0,1,1,0,15,0,0,0,0,1,0,0,4,0.0,252,12:37,eakinda01
405,Bobby Gould,1980,1982,3,20,3,0,3,-3,4,3,0,0,1,0,0,0,24,12.5,,,gouldbo01
406,Todd Harkins,1992,1993,2,20,2,3,5,-6,29,2,0,0,0,3,0,0,21,9.5,,,harkito01
407,Jocelyn Lemieux,1996,1996,1,20,4,4,8,-1,10,4,0,0,0,4,0,0,27,14.8,,,lemiejo01
408,Dalton Prout,2019,2019,1,20,1,1,2,1,8,1,0,0,0,1,0,0,14,7.1,262,13:07,proutda01
409,Richie Regehr,2006,2007,2,20,1,3,4,-1,6,0,1,0,0,2,1,0,16,6.3,211,10:34,regehri01
410,Troy Stecher,2023,2023,1,20,3,4,7,-3,15,3,0,0,1,4,0,0,26,11.5,290,14:30,stechtr01
411,Gord Wappel,1980,1982,3,20,1,1,2,-3,10,1,0,0,0,1,0,0,12,8.3,,,wappego01
412,Travis Brigley,1998,2000,2,19,0,2,2,-6,6,0,0,0,0,1,0,1,18,0.0,242,14:14,brigltr01
413,Marc Bureau,1990,2000,3,19,1,3,4,-8,8,1,0,0,0,3,0,0,12,8.3,128,14:13,bureama01
414,Sasha Lakovic,1997,1997,1,19,0,1,1,-1,54,0,0,0,0,1,0,0,10,0.0,,,lakovsa01
415,Connor Mackey,2021,2023,3,19,3,4,7,-4,31,3,0,0,0,4,0,0,16,18.8,229,12:02,mackeco01
416,Brendan Mikkelson,2011,2011,1,19,0,1,1,-5,2,0,0,0,0,1,0,0,10,0.0,244,12:52,mikkebr01
417,Ville Nieminen,2004,2004,1,19,3,5,8,6,18,3,0,0,1,4,1,0,27,11.1,277,14:36,niemivi01
418,David Schlemko,2015,2015,1,19,0,0,0,6,8,0,0,0,0,0,0,0,15,0.0,240,12:39,schleda01
419,Ben Street,2013,2014,2,19,0,2,2,-3,4,0,0,0,0,1,0,1,30,0.0,219,11:33,streebe01
420,Daniel Tkaczuk,2001,2001,1,19,4,7,11,1,14,3,1,0,0,6,1,0,34,11.8,233,12:14,tkaczda01
421,Mickey Volcan,1984,1984,1,19,1,4,5,-1,18,1,0,0,1,4,0,0,13,7.7,,,volcami01
422,Brett Carson,2011,2013,3,18,0,1,1,-1,0,0,0,0,0,1,0,0,13,0.0,209,11:35,carsobr01
423,Mike Commodore,2003,2004,2,18,0,1,1,-2,44,0,0,0,0,1,0,0,15,0.0,253,14:03,commomi01
424,Yves Courteau,1985,1986,2,18,2,5,7,2,4,2,0,0,1,5,0,0,25,8.0,,,courtyv01
425,Micki DuPont,2002,2003,2,18,1,2,3,-5,6,1,0,0,0,0,2,0,29,3.4,297,16:31,duponmi01
426,Greg Pankewicz,1999,1999,1,18,0,3,3,0,20,0,0,0,0,3,0,0,10,0.0,134,7:26,pankegr01
427,Brett Sutter,2009,2011,3,18,1,1,2,-4,12,1,0,0,0,0,0,1,18,5.6,169,9:25,suttebr04
428,Dean Talafous,1975,1975,1,18,1,4,5,-7,13,1,0,0,0,4,0,0,22,4.5,,,talafde01
429,Earl Ingarfield,1980,1981,2,17,2,3,5,0,6,2,0,0,0,3,0,0,26,7.7,,,ingarea02
430,Calle Järnkrok,2022,2022,1,17,0,4,4,1,4,0,0,0,0,3,1,0,19,0.0,235,13:50,jarnkca01
431,Kevin Rooney,2023,2023,1,17,0,1,1,-2,7,0,0,0,0,1,0,0,14,0.0,151,8:52,rooneke01
432,Tanner Glass,2018,2018,1,16,0,0,0,-4,19,0,0,0,0,0,0,0,14,0.0,150,9:23,glassta01
433,Ben Hanowski,2013,2014,2,16,1,2,3,-2,2,1,0,0,0,2,0,0,14,7.1,146,9:08,hanowbe01
434,Stefan Meyer,2011,2011,1,16,0,2,2,0,17,0,0,0,0,2,0,0,12,0.0,124,7:45,meyerst01
435,Lee Norwood,1994,1994,1,16,0,1,1,3,16,0,0,0,0,1,0,0,10,0.0,,,norwole01
436,Warren Peters,2009,2009,1,16,1,0,1,-2,12,1,0,0,0,0,0,0,13,7.7,113,7:05,peterwa01
437,Nick Ritchie,2023,2023,1,16,4,1,5,-6,10,4,0,0,0,1,0,0,33,12.1,214,13:23,ritchni01
438,Brian Skrudland,1993,1993,1,16,2,4,6,3,10,2,0,0,0,3,0,1,22,9.1,,,skrudbr01
439,Oscar Fantenberg,2019,2019,1,15,0,1,1,5,7,0,0,0,0,1,0,0,16,0.0,237,15:50,fanteos01
440,Derek Grant,2016,2016,1,15,0,1,1,-7,2,0,0,0,0,1,0,0,22,0.0,163,10:53,grantde01
441,Éric Landry,1998,1999,2,15,1,1,2,-1,4,1,0,0,0,1,0,0,8,12.5,30,9:54,landrer01
442,Mike Leclerc,2006,2006,1,15,1,4,5,0,8,1,0,0,0,3,1,0,21,4.8,184,12:14,leclemi01
443,Greg Nemisz,2011,2012,2,15,0,1,1,0,0,0,0,0,0,1,0,0,7,0.0,100,6:40,nemisgr01
444,Rocky Thompson,1998,1999,2,15,0,0,0,0,86,0,0,0,0,0,0,0,3,0.0,6,2:01,thompro01
445,Rich Chernomaz,1988,1992,3,14,1,0,1,-9,6,1,0,0,0,0,0,0,28,3.6,,,chernri01
446,Pierre Rioux,1983,1983,1,14,1,2,3,-3,4,1,0,0,0,2,0,0,9,11.1,,,riouxpi01
447,Buddy Robinson,2020,2021,2,14,1,0,1,0,7,1,0,0,0,0,0,0,12,8.3,125,8:58,robinbu01
448,Hunter Shinkaruk,2016,2017,2,14,2,2,4,-7,4,1,1,0,0,1,1,0,17,11.8,184,13:10,shinkhu01
449,Glen Featherstone,1997,1997,1,13,1,3,4,-1,19,1,0,0,0,1,2,0,27,3.7,,,feathgl01
450,Krys Kolanos,2012,2012,1,13,0,1,1,-1,2,0,0,0,0,1,0,0,29,0.0,128,9:51,kolankr01
451,Lynn Loyns,2004,2006,2,13,0,2,2,-2,2,0,0,0,0,1,0,1,6,0.0,141,10:50,loynsly01
452,Jason Morgan,2004,2004,1,13,0,2,2,1,2,0,0,0,0,2,0,0,14,0.0,127,9:45,morgaja01
453,Drew Shore,2015,2016,2,13,1,3,4,-5,2,1,0,0,0,3,0,0,16,6.3,145,11:11,shoredr01
454,Morris Stefaniw,1973,1973,1,13,1,1,2,-3,2,0,0,1,0,1,0,0,16,6.3,,,stefamo01
455,Erik Andersson,1998,1998,1,12,2,1,3,-4,8,2,0,0,0,1,0,0,11,18.2,,,anderer01
456,Jerry Byers,1975,1975,1,12,1,1,2,-4,9,1,0,0,0,1,0,0,10,10.0,,,byersje01
457,Chris Higgins,2010,2010,1,12,2,1,3,0,0,2,0,0,0,1,0,0,28,7.1,190,15:52,higgich01
458,Ladislav Kohn,1996,2003,3,12,1,2,3,2,4,1,0,0,0,2,0,0,13,7.7,27,8:53,kohnla01
459,Sergei Krivokrasov,2000,2000,1,12,1,10,11,2,4,1,0,0,0,7,3,0,27,3.7,160,13:22,krivose01
460,Devin Setoguchi,2015,2015,1,12,0,0,0,-7,4,0,0,0,0,0,0,0,12,0.0,146,12:09,setogde01
461,Niklas Andersson,2001,2001,1,11,0,1,1,0,4,0,0,0,0,1,0,0,8,0.0,123,11:10,anderni01
462,Staffan Kronwall,2010,2010,1,11,1,2,3,-1,2,1,0,0,1,2,0,0,6,16.7,109,9:54,kronwst01
463,Ryan Lomberg,2018,2019,2,11,0,1,1,0,32,0,0,0,0,1,0,0,6,0.0,72,6:31,lombery01
464,Yves Sarault,1996,1996,1,11,2,1,3,-2,4,2,0,0,1,1,0,0,12,16.7,,,sarauyv01
465,Dominik Simon,2021,2021,1,11,0,0,0,0,0,0,0,0,0,0,0,0,4,0.0,106,9:36,simondo01
466,Kenny Agostino,2014,2016,2,10,1,1,2,-4,0,1,0,0,0,1,0,0,15,6.7,116,11:35,agostke01
467,Chad Billins,2014,2014,1,10,0,3,3,-3,0,0,0,0,0,3,0,0,3,0.0,122,12:13,billich01
468,Guillaume Desbiens,2012,2012,1,10,0,0,0,-1,25,0,0,0,0,0,0,0,2,0.0,71,7:07,desbigu01
469,Nevin Markwart,1992,1992,1,10,2,1,3,-2,25,2,0,0,0,1,0,0,4,50.0,,,markwne01
470,Christopher Breen,2014,2014,1,9,0,2,2,1,5,0,0,0,0,2,0,0,4,0.0,84,9:23,breench01
471,Mike Dwyer,1981,1982,2,9,0,3,3,-1,4,0,0,0,0,3,0,0,11,0.0,,,dwyermi01
472,Bruce Eakin,1982,1985,3,9,2,1,3,-3,4,2,0,0,0,1,0,0,8,25.0,,,eakinbr01
473,Glenn Gawdin,2021,2022,2,9,0,1,1,-1,2,0,0,0,0,1,0,0,4,0.0,67,7:26,gawdigl01
474,Corban Knight,2014,2015,2,9,1,0,1,-1,0,1,0,0,0,0,0,0,6,16.7,68,7:36,knighco01
475,Jim Korn,1990,1990,1,9,0,2,2,1,26,0,0,0,0,2,0,0,3,0.0,,,kornji01
476,Dale McTavish,1997,1997,1,9,1,2,3,-4,2,1,0,0,0,2,0,0,14,7.1,,,mctavda01
477,Nick Shore,2018,2018,1,9,1,2,3,0,4,1,0,0,0,1,1,0,16,6.3,136,15:08,shoreni01
478,Nikolai Borschevsky,1995,1995,1,8,0,5,5,7,0,0,0,0,0,4,1,0,12,0.0,,,borscni01
479,Ryan Carpenter,2022,2022,1,8,0,1,1,-1,0,0,0,0,0,1,0,0,6,0.0,90,11:14,carpery01
480,Mark Cundari,2013,2014,2,8,1,2,3,-6,2,0,1,0,0,1,1,0,14,7.1,122,15:17,cundama01
481,Craig Ferguson,1996,1996,1,8,0,0,0,-4,4,0,0,0,0,0,0,0,11,0.0,,,fergucr01
482,Mark Greig,1995,1995,1,8,1,1,2,1,2,1,0,0,0,1,0,0,5,20.0,,,greigma01
483,Brad Miller,1994,1994,1,8,0,1,1,-2,14,0,0,0,0,1,0,0,2,0.0,,,millebr01
484,Emile Poirier,2015,2016,2,8,0,1,1,0,2,0,0,0,0,1,0,0,5,0.0,76,9:28,poiriem01
485,Sergei Varlamov,1998,2000,2,8,3,0,3,0,0,3,0,0,1,0,0,0,11,27.3,73,10:22,varlase01
486,Radim Zohorna,2023,2023,1,8,0,0,0,-2,0,0,0,0,0,0,0,0,3,0.0,67,8:25,zohorra01
487,Akim Aliu,2012,2013,2,7,2,1,3,1,26,2,0,0,0,1,0,0,5,40.0,76,10:55,aliuak01
488,Tom Chorske,1999,1999,1,7,0,0,0,-5,2,0,0,0,0,0,0,0,13,0.0,97,13:48,chorsto01
489,Pat Conacher,1996,1996,1,7,0,0,0,-1,0,0,0,0,0,0,0,0,1,0.0,,,conacpa01
490,Craig Coxe,1988,1988,1,7,2,3,5,3,32,2,0,0,0,3,0,0,5,40.0,,,coxecr01
491,Brandon Davidson,2020,2020,1,7,0,0,0,-2,0,0,0,0,0,0,0,0,13,0.0,86,12:16,davidbr01
492,Len Esau,1994,1995,2,7,0,3,3,-3,7,0,0,0,0,3,0,0,8,0.0,,,esaule01
493,Derek Forbort,2020,2020,1,7,0,0,0,-1,0,0,0,0,0,0,0,0,7,0.0,124,17:44,forbode01
494,Erik Gustafsson,2020,2020,1,7,0,3,3,-1,2,0,0,0,0,2,1,0,5,0.0,126,18:01,gustaer02
495,Sami Helenius,1997,1999,2,7,0,1,1,-1,8,0,0,0,0,1,0,0,2,0.0,41,10:16,helensa01
496,Guy Larose,1994,1994,1,7,0,1,1,-3,4,0,0,0,0,1,0,0,3,0.0,,,larosgu01
497,Rick Lessard,1989,1991,2,7,0,2,2,-3,2,0,0,0,0,2,0,0,0,,,,lessari01
498,Alan May,1995,1995,1,7,1,2,3,2,13,1,0,0,0,2,0,0,5,20.0,,,mayal01
499,Chris Stewart,2018,2018,1,7,1,2,3,-4,0,1,0,0,0,2,0,0,9,11.1,76,10:55,stewach02
500,Jason Botterill,2000,2002,2,6,1,0,1,-7,2,0,1,0,1,0,0,0,6,16.7,54,8:58,botteja01
501,Byron Froese,2021,2021,1,6,1,0,1,1,2,1,0,0,0,0,0,0,2,50.0,50,8:18,froesby01
502,Corey Potter,2015,2015,1,6,0,0,0,-1,0,0,0,0,0,0,0,0,2,0.0,58,9:40,potteco01
503,Darrel Scoville,2000,2000,1,6,0,0,0,1,2,0,0,0,0,0,0,0,1,0.0,56,9:18,scovida01
504,Bob Sweeney,1996,1996,1,6,1,1,2,3,6,1,0,0,0,1,0,0,8,12.5,,,sweenbo01
505,Bryce Van Brabant,2014,2014,1,6,0,0,0,-1,2,0,0,0,0,0,0,0,4,0.0,55,9:10,vanbrbr01
506,David Van Der Gulik,2009,2009,1,6,0,2,2,-1,0,0,0,0,0,2,0,0,11,0.0,51,8:29,vandeda01
507,Brad Ference,2007,2007,1,5,0,0,0,-1,2,0,0,0,0,0,0,0,1,0.0,59,11:46,ferenbr01
508,Matt Pelech,2009,2009,1,5,0,3,3,1,9,0,0,0,0,3,0,0,4,0.0,66,13:16,pelecma01
509,Joe Piskula,2012,2012,1,5,0,0,0,-5,2,0,0,0,0,0,0,0,2,0.0,54,10:54,piskujo01
510,Martin Sonnenberg,2004,2004,1,5,0,0,0,-2,2,0,0,0,0,0,0,0,7,0.0,44,8:51,sonnema01
511,Clay Wilson,2012,2012,1,5,0,0,0,0,4,0,0,0,0,0,0,0,7,0.0,66,13:15,wilsocl01
512,Kevin Wortman,1994,1994,1,5,0,0,0,1,2,0,0,0,0,0,0,0,2,0.0,,,wortmke01
513,Richard Zemlak,1992,1992,1,5,0,1,1,-2,42,0,0,0,0,1,0,0,4,0.0,,,zemlari01
514,Jeff Brubaker,1984,1984,1,4,0,0,0,-1,19,0,0,0,0,0,0,0,2,0.0,,,brubaje01
515,Nick DeSimone,2023,2023,1,4,0,0,0,-4,2,0,0,0,0,0,0,0,4,0.0,45,11:15,desimni01
516,Spencer Foo,2018,2018,1,4,2,0,2,1,0,2,0,0,0,0,0,0,16,12.5,63,15:51,foosp01
517,Carsen Germyn,2006,2007,2,4,0,0,0,-1,0,0,0,0,0,0,0,0,5,0.0,27,6:43,germyca01
518,Stu Grimson,1989,1990,2,4,0,0,0,-1,22,0,0,0,0,0,0,0,0,,,,grimsst01
519,Gord Hampson,1983,1983,1,4,0,0,0,-2,5,0,0,0,0,0,0,0,4,0.0,,,hampsgo01
520,Stewart Malgunas,2000,2000,1,4,0,1,1,1,2,0,0,0,0,1,0,0,0,,52,12:57,malgust01
521,Don Martineau,1974,1974,1,4,0,0,0,-3,2,0,0,0,0,0,0,0,3,0.0,,,martido01
522,Fredrik Modin,2011,2011,1,4,0,0,0,-3,2,0,0,0,0,0,0,0,3,0.0,34,8:28,modinfr01
523,Scott Morrow,1995,1995,1,4,0,0,0,0,0,0,0,0,0,0,0,0,1,0.0,,,morrosc01
524,Mike Mottau,2003,2003,1,4,0,0,0,-1,0,0,0,0,0,0,0,0,0,,39,9:50,mottami01
525,Anthony Peluso,2019,2019,1,4,0,0,0,-1,7,0,0,0,0,0,0,0,1,0.0,16,4:07,pelusan01
526,David Struch,1994,1994,1,4,0,0,0,-2,4,0,0,0,0,0,0,0,3,0.0,,,strucda01
527,Linden Vey,2017,2017,1,4,0,0,0,-2,0,0,0,0,0,0,0,0,1,0.0,44,11:01,veyli01
528,Alexander Yelesin,2020,2020,1,4,0,0,0,0,0,0,0,0,0,0,0,0,2,0.0,50,12:30,yelesal01
529,Rick Adduono,1980,1980,1,3,0,0,0,-1,2,0,0,0,0,0,0,0,1,0.0,,,adduori01
530,Serge Beaudoin,1980,1980,1,3,0,0,0,-1,0,0,0,0,0,0,0,0,1,0.0,,,beaudse01
531,Bob Bodak,1988,1988,1,3,0,0,0,-2,22,0,0,0,0,0,0,0,0,,,,bodakbo01
532,Neil Eisenhut,1995,1995,1,3,0,0,0,0,0,0,0,0,0,0,0,0,2,0.0,,,eisenne01
533,Dave Gorman,1980,1980,1,3,0,0,0,-1,0,0,0,0,0,0,0,0,1,0.0,,,gormada01
534,Nicklas Grossmann,2017,2017,1,3,0,0,0,-4,2,0,0,0,0,0,0,0,3,0.0,39,13:01,grossni01
535,Tim Harrer,1983,1983,1,3,0,0,0,0,2,0,0,0,0,0,0,0,3,0.0,,,harreti01
536,Marek Hrivík,2018,2018,1,3,0,0,0,1,0,0,0,0,0,0,0,0,2,0.0,26,8:30,hrivima01
537,Jason Jaffray,2010,2010,1,3,0,0,0,-1,0,0,0,0,0,0,0,0,4,0.0,20,6:39,jaffrja01
538,Marko Jantunen,1997,1997,1,3,0,0,0,-1,0,0,0,0,0,0,0,0,7,0.0,,,jantuma01
539,Pierre-Luc Letourneau-Leblond,2012,2012,1,3,0,0,0,1,10,0,0,0,0,0,0,0,3,0.0,15,4:51,letoupi01
540,John Negrin,2009,2009,1,3,0,1,1,-2,2,0,0,0,0,1,0,0,3,0.0,30,9:59,negrijo01
541,Barry Nieckar,1995,1995,1,3,0,0,0,0,12,0,0,0,0,0,0,0,0,,,,nieckba01
542,Matthew Phillips,2021,2023,2,3,0,0,0,0,2,0,0,0,0,0,0,0,3,0.0,32,10:48,phillma01
543,Lee Sorochan,1999,2000,2,3,0,0,0,-3,0,0,0,0,0,0,0,0,5,0.0,35,11:42,sorocle01
544,Howard Walker,1983,1983,1,3,0,0,0,0,7,0,0,0,0,0,0,0,2,0.0,,,walkeho01
545,David Wolf,2015,2015,1,3,0,0,0,0,2,0,0,0,0,0,0,0,1,0.0,28,9:23,wolfda01
546,Peter Ahola,1994,1994,1,2,0,0,0,0,0,0,0,0,0,0,0,0,1,0.0,,,aholape01
547,Carter Bancks,2013,2013,1,2,0,0,0,0,0,0,0,0,0,0,0,0,0,,29,14:41,banckca01
548,Danny Bolduc,1984,1984,1,2,0,1,1,1,0,0,0,0,0,1,0,0,4,0.0,,,bolduda01
549,Cam Botting,1976,1976,1,2,0,1,1,1,0,0,0,0,0,1,0,0,0,,,,bottica01
550,Randy Bucyk,1988,1988,1,2,0,0,0,-1,0,0,0,0,0,0,0,0,2,0.0,,,bucykra01
551,Ryan Christie,2002,2002,1,2,0,0,0,-1,0,0,0,0,0,0,0,0,0,,12,6:10,chrisry01
552,Kris Chucko,2009,2009,1,2,0,0,0,0,2,0,0,0,0,0,0,0,0,,14,7:02,chuckkr01
553,Tony Curtale,1981,1981,1,2,0,0,0,-1,0,0,0,0,0,0,0,0,4,0.0,,,curtato01
554,Mark Freer,1994,1994,1,2,0,0,0,0,4,0,0,0,0,0,0,0,0,,,,freerma01
555,Kyle Greentree,2009,2009,1,2,0,0,0,-1,0,0,0,0,0,0,0,0,3,0.0,19,9:18,greenky01
556,David Haas,1994,1994,1,2,1,1,2,2,7,1,0,0,0,1,0,0,3,33.3,,,haasda01
557,Bill Hogaboam,1973,1973,1,2,0,0,0,0,0,0,0,0,0,0,0,0,0,,,,hogabbi01
558,Raitis Ivanāns,2011,2012,2,2,0,0,0,-2,5,0,0,0,0,0,0,0,0,,19,9:43,ivanara01
559,Alan Letang,2002,2002,1,2,0,0,0,-2,0,0,0,0,0,0,0,0,0,,22,11:06,letanal01
560,Vic Mercredi,1975,1975,1,2,0,0,0,0,0,0,0,0,0,0,0,0,0,,,,mercrvi01
561,Rick Mrozik,2003,2003,1,2,0,0,0,0,0,0,0,0,0,0,0,0,2,0.0,20,10:02,mroziri01
562,Dave Reierson,1989,1989,1,2,0,0,0,1,2,0,0,0,0,0,0,0,1,0.0,,,reierda01
563,Kerby Rychel,2019,2019,1,2,0,0,0,-1,0,0,0,0,0,0,0,0,1,0.0,18,9:11,rycheke01
564,Niklas Sundblad,1996,1996,1,2,0,0,0,0,0,0,0,0,0,0,0,0,3,0.0,,,sundbni01
565,Rik Wilson,1986,1986,1,2,0,0,0,2,0,0,0,0,0,0,0,0,3,0.0,,,wilsori02
566,Bill Arnold,2014,2014,1,1,0,0,0,-1,0,0,0,0,0,0,0,0,0,,14,13:35,arnolbi01
567,Robin Bartel,1986,1986,1,1,0,0,0,-1,0,0,0,0,0,0,0,0,0,,,,bartero01
568,Matthew Coronato,2023,2023,1,1,0,0,0,1,2,0,0,0,0,0,0,0,4,0.0,15,14:38,coronma01
569,Róbert Döme,2003,2003,1,1,0,0,0,0,0,0,0,0,0,0,0,0,1,0.0,8,8:16,domero01
570,Turner Elson,2016,2016,1,1,0,1,1,1,0,0,0,0,0,1,0,0,0,,15,14:54,elsontu01
571,Shawn Heaphy,1993,1993,1,1,0,0,0,0,0,0,0,0,0,0,0,0,2,0.0,,,heaphsh01
572,Morgan Klimchuk,2018,2018,1,1,0,0,0,0,0,0,0,0,0,0,0,0,0,,7,7:25,klimcmo01
573,Mark Lamb,1986,1986,1,1,0,0,0,0,0,0,0,0,0,0,0,0,0,,,,lambma01
574,Patrick Lebeau,1993,1993,1,1,0,0,0,0,0,0,0,0,0,0,0,0,0,,,,lebeapa01
575,Rich Lemieux,1976,1976,1,1,0,1,1,2,0,0,0,0,0,1,0,0,1,0.0,,,lemieri01
576,Lane MacDermid,2014,2014,1,1,0,0,0,-1,7,0,0,0,0,0,0,0,0,,4,4:08,macdela01
577,Tomi Mäki,2007,2007,1,1,0,0,0,0,0,0,0,0,0,0,0,0,0,,11,10:56,makito01
578,Gerry O'Flaherty,1979,1979,1,1,1,0,1,0,2,1,0,0,0,0,0,0,2,50.0,,,oflahge01
579,Darryl Olsen,1992,1992,1,1,0,0,0,-2,0,0,0,0,0,0,0,0,3,0.0,,,olsenda01
580,John Ramage,2015,2015,1,1,0,0,0,-1,0,0,0,0,0,0,0,0,4,0.0,18,18:10,ramagjo01
581,Tim Ramholt,2008,2008,1,1,0,0,0,-1,0,0,0,0,0,0,0,0,0,,1,0:45,ramhoti01
582,Paxton Schulte,1997,1997,1,1,0,0,0,1,2,0,0,0,0,0,0,0,1,0.0,,,schulpa01
583,Patrick Sieloff,2016,2016,1,1,1,0,1,1,2,1,0,0,1,0,0,0,1,100.0,18,17:59,sielopa01
584,Jarrod Skalde,1996,1996,1,1,0,0,0,0,0,0,0,0,0,0,0,0,0,,,,skaldja01
585,Randy Turnbull,1982,1982,1,1,0,0,0,-1,2,0,0,0,0,0,0,0,0,,,,turnbra01


Provided by <a href="https://www.sports-reference.com/sharing.html?utm_source=direct&utm_medium=Share&utm_campaign=ShareTool">Hockey-Reference.com</a>: <a href="https://www.hockey-reference.com/teams/CGY/skaters.html?sr&utm_source=direct&utm_medium=Share&utm_campaign=ShareTool#stats">View Original Table</a><br>Generated 8/24/2023.