--- When using SR data, please cite us and provide a link and/or a mention.


 
,,,,,,Scoring,,,Scoring,,Goals,,,,Assists,,,,,Ice Time,,-additional
Rk,Player,From,To,Yrs,GP▼,G,A,PTS,+/-,PIM,EV,PP,SH,GW,EV,PP,SH,S,S%,TOI,ATOI,-9999
1,Mike Modano*,1990,2010,20,1459,557,802,1359,118,918,372,156,29,92,453,331,18,4194,13.3,16636,20:08,modanmi01
2,Jamie Benn,2010,2023,14,1030,362,485,847,70,768,246,101,15,55,342,132,11,2741,13.2,18643,18:06,bennja01
3,Neal Broten,1981,1997,16,992,274,593,867,23,535,186,64,24,30,359,213,21,2177,12.6,,,brotene01
4,Jere Lehtinen,1996,2010,14,875,243,271,514,176,210,157,77,9,37,192,67,12,2102,11.6,12844,18:48,lehtije01
5,Sergei Zubov*,1997,2009,12,839,111,438,549,103,254,48,60,3,20,193,236,9,1694,6.6,18047,26:14,zubovse01
6,Brenden Morrow,2000,2013,13,835,243,285,528,102,1203,156,79,8,43,216,64,5,1562,15.6,14938,17:53,morrobr01
7,Derian Hatcher,1992,2003,12,827,71,223,294,88,1380,54,15,2,16,162,54,7,1207,5.9,9873,26:03,hatchde01
8,Curt Giles,1980,1991,12,760,40,177,217,31,625,32,7,1,4,128,41,8,745,5.4,,,gilescu01
9,Trevor Daley,2004,2015,11,756,67,164,231,6,509,50,15,2,15,122,37,5,1034,6.5,15830,20:56,daleytr01
10,Brian Bellows,1983,1992,10,753,342,380,722,-82,537,195,134,13,40,211,160,9,2416,14.2,,,bellobr01
11,Richard Matvichuk,1993,2004,12,733,38,129,167,45,584,28,8,2,7,97,27,5,790,4.8,9769,22:21,matviri01
12,Fred Barrett,1971,1983,12,730,23,123,146,-103,663,23,0,0,2,115,5,3,715,3.2,,,barrefr01
13,Darryl Sydor,1996,2009,10,714,69,265,334,82,401,33,35,1,9,115,149,1,1232,5.6,10859,20:36,sydorda01
14,Stéphane Robidas,2003,2014,11,704,46,165,211,24,610,24,21,1,6,96,65,4,1028,4.5,14497,20:36,robidst01
15,Tyler Seguin,2014,2023,10,698,270,345,615,11,213,190,78,2,48,223,120,2,2482,10.9,13344,19:07,seguity01
16,Bill Goldsworthy,1968,1977,10,670,267,239,506,-86,711,198,66,3,34,174,64,1,2237,11.9,,,goldsbi01
17,Lou Nanne,1968,1978,11,635,68,157,225,-108,356,49,18,1,10,108,45,4,883,7.7,,,nannelo01
18,Tom Reid,1969,1978,10,615,17,106,123,-121,617,16,1,0,5,87,14,5,784,2.2,,,reidto01
19,Steve Payne,1979,1988,10,613,228,238,466,31,435,148,79,1,19,164,74,0,1621,14.1,,,paynest01
20,Dave Gagner,1988,1996,9,609,247,287,534,-12,746,144,98,5,29,166,116,5,1686,14.7,,,gagneda01
21,Dino Ciccarelli*,1981,1989,9,602,332,319,651,-2,642,201,130,1,27,214,104,1,1956,17.0,,,ciccadi01
22,J.P. Parise,1968,1979,9,588,154,242,396,-85,509,120,31,3,17,186,53,3,1365,11.3,,,parisjp01
23,Craig Ludwig,1992,1999,8,584,11,65,76,20,741,10,1,0,1,59,0,6,428,2.6,1161,14:31,ludwicr01
24,Bobby Smith,1979,1993,9,572,185,369,554,-43,487,108,77,0,24,232,136,1,1487,12.4,,,smithbo01
25,Craig Hartsburg,1980,1989,10,570,98,315,413,-6,815,56,40,2,11,133,180,2,1494,6.6,,,hartscr01
26,Steve Ott,2003,2012,9,566,85,135,220,-12,1170,61,20,4,12,103,25,7,800,10.6,8273,14:37,ottst01
27,Tim Young,1976,1983,8,565,178,316,494,-71,401,123,51,4,23,205,104,7,1424,12.5,,,youngti01
28,Radek Faksa,2016,2023,8,564,82,99,181,-11,336,70,6,6,12,90,6,3,811,10.1,8720,15:28,faksara01
29,Gordie Roberts,1981,1988,8,555,33,224,257,17,832,25,7,1,2,157,62,5,726,4.5,,,robergo02
30,John Klingberg,2015,2022,8,552,71,303,374,-8,213,52,19,0,21,174,129,0,1117,6.4,12688,22:59,klingjo01
31,Esa Lindell,2016,2023,8,522,44,121,165,87,132,33,7,4,7,92,22,7,820,5.4,11636,22:17,lindees01
32,Loui Eriksson,2007,2013,7,501,150,207,357,31,114,107,36,7,20,157,46,4,1060,14.2,9203,18:22,erikslo01
33,Brad Maxwell,1978,1987,9,472,82,217,299,-68,1031,50,31,1,8,116,100,1,1177,7.0,,,maxwebr02
34,Jamie Langenbrunner,1995,2011,9,471,95,158,253,21,390,66,24,5,23,112,44,2,898,10.6,4921,16:24,langeja01
35,Dennis O'Brien,1971,1978,8,470,27,75,102,-49,836,24,2,1,5,67,7,1,438,6.2,,,obriede01
36,Danny Grant,1969,1974,6,463,176,177,353,3,161,127,49,0,14,117,60,0,1367,12.9,,,grantda01
37,Mike Ribeiro,2007,2012,6,461,123,284,407,16,252,84,37,2,18,177,105,2,839,14.7,8738,18:57,ribeimi01
38,Al MacAdam,1979,1984,6,459,138,202,340,39,268,98,31,9,21,142,56,4,788,17.5,,,macadal01
39,Joe Nieuwendyk*,1996,2002,7,442,178,162,340,7,211,115,63,0,35,94,68,0,1104,16.1,4076,16:14,nieuwjo01
40,Antoine Roussel,2013,2018,6,413,64,77,141,-5,806,64,0,0,12,67,7,3,550,11.6,5556,13:27,roussan01
41,Grant Marshall,1995,2001,7,402,52,82,134,1,492,42,10,0,6,61,21,0,463,11.2,2378,11:46,marshgr01
42,Alex Goligoski,2011,2016,6,385,32,155,187,34,132,23,9,0,2,104,46,5,671,4.8,9121,23:41,goligal01
43,Tom McCarthy,1980,1986,7,385,146,187,333,40,293,105,38,3,22,130,54,3,798,18.3,,,mccarto02
44,Tom Younghans,1977,1982,6,382,41,36,77,-57,356,32,3,6,3,34,1,1,328,12.5,,,youngto01
45,Jason Spezza,2015,2019,5,379,81,147,228,-46,120,59,21,1,16,76,71,0,814,10.0,5774,15:14,spezzja01
46,Barry Gibbs,1970,1975,6,375,35,121,156,-34,600,23,11,1,4,82,35,4,791,4.4,,,gibbsba01
47,Mark Tinordi,1989,1994,6,375,35,106,141,-16,1015,21,14,0,4,60,42,4,508,6.9,,,tinorma01
48,Murray Oliver,1971,1975,5,371,83,118,201,-19,62,62,18,3,7,92,26,0,758,10.9,,,olivemu01
49,Ulf Dahlén,1990,2003,6,369,130,149,279,-7,46,75,54,1,18,81,68,0,843,15.4,871,13:49,dahleul01
50,Shane Churla,1989,1996,8,366,24,36,60,-27,1883,20,4,0,3,31,5,0,283,8.5,,,churlsh01
51,Vernon Fiddler,2012,2016,5,366,43,69,112,-7,210,35,5,3,4,59,3,7,518,8.3,4752,12:59,fiddlve01
52,Guy Carbonneau*,1996,2000,5,364,34,66,100,17,181,29,0,5,8,64,1,1,364,9.3,2067,14:27,carbogu01
53,Miro Heiskanen,2019,2023,5,354,44,160,204,6,96,34,10,0,8,97,61,2,828,5.3,8641,24:24,heiskmi01
54,Bob Rouse,1984,1989,6,351,9,58,67,-26,735,9,0,0,2,56,0,2,370,2.4,,,rousebo01
55,Cody Eakin,2013,2017,5,349,61,85,146,-13,184,45,10,6,11,74,9,2,584,10.4,5820,16:41,eakinco01
56,Philippe Boucher,2003,2009,6,346,52,110,162,72,380,27,23,2,12,66,39,5,768,6.8,7658,22:08,bouchph01
57,Keith Acton,1984,1988,5,343,87,148,235,-38,380,67,14,6,13,102,38,8,663,13.1,,,actonke01
58,Nicklas Grossmann,2007,2012,6,333,3,38,41,5,170,3,0,0,1,37,1,0,236,1.3,5920,17:47,grossni01
59,Stu Barnes,2003,2008,5,329,53,67,120,13,136,46,3,4,13,55,7,5,472,11.2,5300,16:07,barnest01
60,Dennis Hextall,1972,1976,5,328,84,216,300,-38,567,69,14,1,10,169,46,1,595,14.1,,,hextade01
61,Basil McRae,1988,1992,5,323,32,58,90,-63,1567,26,6,0,2,49,9,0,432,7.4,,,mcraeba01
62,Kent-Erik Andersson,1978,1982,5,322,59,68,127,-21,56,46,7,6,12,56,5,7,473,12.5,,,anderke01
63,Shawn Chambers,1988,2000,7,320,19,78,97,5,254,11,4,4,3,42,33,3,487,3.9,1152,17:44,chambsh01
64,Jude Drouin,1971,1975,5,319,79,183,262,-10,187,64,15,0,15,134,49,0,972,8.1,,,drouiju01
65,Glen Sharpley,1977,1981,5,318,98,138,236,-79,176,72,25,1,10,113,23,2,744,13.2,,,sharpgl01
66,Willi Plett,1983,1987,5,317,70,63,133,-34,1135,56,14,0,6,58,5,0,433,16.2,,,plettwi01
67,Roope Hintz,2019,2023,5,312,117,128,245,51,102,79,30,8,21,74,53,1,708,16.5,5172,16:35,hintzro01
68,Dennis Maruk,1979,1989,7,309,80,156,236,0,234,61,19,0,7,105,49,2,588,13.6,,,marukde01
69,Pat Verbeek,1997,2002,4,305,72,92,164,25,503,47,25,0,15,66,26,0,577,12.5,1881,13:15,verbepa01
70,Brian Lawton,1984,1988,5,303,71,91,162,16,250,57,14,0,14,76,14,1,492,14.4,,,lawtobr01
71,Jordie Benn,2012,2017,6,302,11,60,71,7,119,8,3,0,2,51,5,4,310,3.5,5386,17:50,bennjo01
72,Doug Hicks,1975,1978,4,300,18,48,66,-102,224,12,5,1,1,38,9,1,342,5.3,,,hicksdo01
73,Gaétan Duchesne,1990,1993,4,297,45,45,90,21,183,40,0,5,6,42,0,3,433,10.4,,,duchega01
74,Mattias Janmark,2016,2020,4,297,46,63,109,-10,76,37,5,4,7,54,7,2,435,10.6,4545,15:18,janmama02
75,Alexander Radulov,2018,2022,5,294,79,133,212,23,208,56,23,0,16,86,47,0,675,11.7,5236,17:49,radulal01
76,Stew Gavin,1989,1993,5,289,39,47,86,5,232,33,0,6,2,39,1,7,494,7.9,,,gavinst01
77,Joe Pavelski,2020,2023,4,287,94,146,240,81,67,50,44,0,11,104,40,2,664,14.2,5168,18:00,paveljo01
78,Brent Gilchrist,1993,2002,6,286,58,66,124,-16,115,41,12,5,10,58,7,1,494,11.7,327,12:35,gilchbr01
79,Jamie Oleksiak,2013,2021,9,286,16,31,47,-32,184,16,0,0,4,30,0,1,295,5.4,4571,15:59,oleksja01
80,Matt Niskanen,2008,2011,4,277,16,66,82,-5,136,12,4,0,2,42,24,0,371,4.3,5256,18:58,niskama01
81,Dean Talafous,1975,1978,4,277,61,90,151,-75,59,45,15,1,8,61,29,0,470,13.0,,,talafde01
82,František Musil,1987,1991,5,271,14,46,60,2,547,12,1,1,2,36,9,1,322,4.3,,,musilfr01
83,Grant Ledyard,1994,2001,5,270,20,85,105,32,147,8,12,0,2,45,38,2,485,4.1,123,15:26,ledyagr01
84,Charlie Burns,1970,1973,4,268,27,53,80,0,60,24,0,3,3,44,2,7,300,9.0,,,burnsch01
85,Krys Barch,2007,2012,6,263,10,16,26,-9,578,10,0,0,3,16,0,0,109,9.2,1665,6:20,barchkr01
86,Mark Fistric,2008,2012,5,257,3,20,23,16,220,3,0,0,1,18,0,2,154,1.9,3856,15:00,fistrma01
87,Denis Gurianov,2017,2023,6,257,46,57,103,1,54,31,15,0,8,43,14,0,499,9.2,3502,13:37,guriade01
88,Mike Craig,1991,1994,4,248,51,67,118,-48,432,36,15,0,8,41,26,0,476,10.7,,,craigmi01
89,Jim Johnson,1991,1994,4,247,8,46,54,23,358,7,1,0,1,38,6,2,258,3.1,,,johnsji02
90,Ted Harris,1971,1974,4,246,11,52,63,17,294,10,1,0,1,49,2,1,283,3.9,,,harrite01
91,Ron Zanussi,1978,1981,4,244,49,75,124,-9,353,40,9,0,5,60,15,0,366,13.4,,,zanusro01
92,Toby Petersen,2008,2013,6,243,17,23,40,-10,38,14,0,3,0,22,1,0,298,5.7,2473,10:11,peterto01
93,Mike Keane,1998,2001,4,242,31,61,92,11,143,24,2,5,6,57,3,1,270,11.5,3476,15:11,keanemi01
94,Brett Ritchie,2015,2019,5,241,33,21,54,1,156,29,4,0,5,18,3,0,434,7.6,2811,11:40,ritchbr01
95,Todd Harvey,1995,1998,4,239,38,61,99,8,449,32,6,0,5,44,17,0,352,10.8,,,harveto01
96,Niko Kapanen,2002,2006,4,239,20,56,76,-1,98,12,5,3,5,47,9,0,237,8.4,3211,13:26,kapanni01
97,Benoît Hogue,1996,2002,6,238,39,73,112,16,179,29,10,0,6,55,17,1,322,12.1,944,12:06,hoguebe01
98,Antti Miettinen,2004,2008,4,238,38,53,91,-10,118,23,15,0,6,41,12,0,401,9.5,3140,13:11,miettan01
99,Bob Brooke,1987,1990,4,237,26,51,77,-29,276,18,2,6,3,32,13,6,383,6.8,,,brookbo01
100,Jason Arnott,2002,2006,4,236,79,105,184,44,225,53,25,1,18,72,33,0,507,15.6,3982,16:52,arnotja01
101,Kirk Muller,2000,2003,4,235,19,49,68,-25,96,12,7,0,3,36,12,1,270,7.0,3048,12:58,mulleki01
102,Scott Bjugstad,1984,1988,5,229,68,58,126,-21,116,48,18,2,11,34,22,2,459,14.8,,,bjugssc01
103,Brad Lukowich,1998,2011,6,229,9,20,29,16,187,9,0,0,3,16,3,1,145,6.2,3041,13:31,lukowbr01
104,Tom Wandell,2009,2013,5,229,20,23,43,-9,52,20,0,0,5,21,1,1,319,6.3,2584,11:17,wandeto01
105,Dirk Graham,1984,1988,5,226,67,79,146,-33,291,44,14,9,6,61,17,1,527,12.7,,,grahadi01
106,Mike Polich,1979,1981,3,225,24,29,53,-16,57,23,0,1,1,26,1,2,219,11.0,,,policmi01
107,Valeri Nichushkin,2014,2019,4,223,23,51,74,13,22,20,3,0,3,49,2,0,338,6.8,3073,13:47,nichuva01
108,Jason Dickinson,2016,2021,6,221,25,38,63,10,64,25,0,0,5,36,1,1,272,9.2,3056,13:50,dickija01
109,Bill Collins,1968,1970,3,220,47,30,77,-37,113,38,2,7,4,24,4,2,423,11.1,,,collibi01
110,Dave Reid,1997,1999,3,220,31,43,74,-3,40,25,5,1,6,37,4,2,306,10.1,844,11:34,reidda02
111,Brad Richards,2008,2011,4,220,70,157,227,-17,44,44,25,1,7,89,66,2,757,9.2,4611,20:58,richabr01
112,Niklas Hagman,2006,2008,3,218,50,35,85,5,101,38,6,6,10,25,7,3,404,12.4,3071,14:05,hagmani01
113,Brett Hull*,1999,2001,3,218,95,101,196,8,91,58,37,0,22,57,44,0,634,15.0,3927,18:01,hullbr01
114,Bill Guerin,2003,2006,3,216,72,87,159,19,337,49,23,0,14,49,37,1,702,10.3,3870,17:55,gueribi01
115,Jussi Jokinen,2006,2008,3,215,45,86,131,12,62,26,19,0,5,45,41,0,321,14.0,2901,13:30,jokinju01
116,James Neal,2009,2011,3,214,72,59,131,-8,175,55,16,1,9,46,12,1,531,13.6,3685,17:13,nealja01
117,Brian MacLellan,1987,1989,3,211,64,86,150,-54,247,37,27,0,9,49,37,0,454,14.1,,,maclebr01
118,Jason Robertson,2020,2023,4,210,104,130,234,66,58,77,27,0,21,88,42,0,664,15.7,3783,18:01,roberja01
119,Devin Shore,2016,2019,4,209,29,53,82,-32,35,24,3,2,4,36,16,1,283,10.2,3019,14:27,shorede01
120,Greg Smith,1979,1981,3,209,15,61,76,-13,376,11,3,1,3,49,11,1,383,3.9,,,smithgr01
121,Ray Cullen,1968,1970,3,208,71,91,162,-52,70,54,17,0,11,63,28,0,541,13.1,,,cullera01
122,Danny O'Shea,1969,1971,3,208,39,70,109,-36,188,31,8,0,6,49,21,0,448,8.7,,,osheada01
123,Mike Eaves,1979,1983,5,207,55,78,133,3,50,36,13,6,7,59,15,4,394,14.0,,,eavesmi01
124,Pierre Turgeon,2002,2004,3,207,42,87,129,17,54,26,16,0,7,57,30,0,301,14.0,3123,15:05,turgepi01
125,Russ Courtnall,1993,1995,3,200,66,110,176,-1,121,43,21,2,8,74,35,1,615,10.7,,,courtru01
126,Rob DiMaio,2002,2004,3,199,25,30,55,18,153,22,0,3,5,29,0,1,220,11.4,2453,12:20,dimairo01
127,Buster Harvey,1971,1974,3,199,49,59,108,-2,66,41,8,0,9,53,6,0,528,9.3,,,harvebu01
128,Ernie Hicke,1975,1977,3,199,68,52,120,-88,169,45,23,0,10,34,18,0,487,14.0,,,hickeer01
129,Ryan Garbutt,2012,2015,4,198,30,40,70,1,215,27,0,3,4,40,0,0,395,7.6,2412,12:11,garbury01
130,Blake Comeau,2019,2022,4,189,20,29,49,-27,119,19,0,1,4,26,0,3,254,7.9,2904,15:22,comeabl01
131,Gary Sargent,1979,1983,5,187,32,71,103,9,120,18,14,0,2,39,32,0,407,7.9,,,sargega01
132,Craig Cameron,1972,1976,3,182,20,18,38,-23,57,18,2,0,1,15,3,0,170,11.8,,,camercr01
133,Trent Klatt,1992,1996,5,178,34,57,91,13,117,25,9,0,6,45,12,0,284,12.0,,,klatttr01
134,Greg Adams,1995,1998,4,177,60,57,117,13,59,35,24,1,6,31,25,1,344,17.4,,,adamsgr02
135,Jon Klemm,2004,2007,3,172,7,13,20,7,108,6,1,0,2,9,1,3,134,5.2,2710,15:45,klemmjo01
136,Steve Jensen,1976,1978,3,171,42,46,88,-40,141,33,7,2,3,40,5,1,340,12.4,,,jensest01
137,Colton Sceviour,2011,2016,5,170,28,34,62,2,38,25,3,0,5,27,6,1,307,9.1,2199,12:56,scevico01
138,Dean Prentice,1972,1974,3,168,48,46,94,-1,40,36,12,0,6,38,8,0,410,11.7,,,prentde01
139,Per-Olov Brasar,1978,1980,3,167,27,79,106,-9,12,16,9,2,3,49,29,1,334,8.1,,,brasape01
140,Stephen Johns,2016,2020,4,167,15,18,33,-6,93,15,0,0,3,16,1,1,255,5.9,2979,17:50,johnsst03
141,Aleš Hemský,2015,2017,3,166,28,50,78,-6,36,25,3,0,1,38,12,0,325,8.6,2236,13:28,hemskal01
142,Ryan Suter,2022,2023,2,164,10,47,57,1,66,6,4,0,1,33,13,1,210,4.8,3611,22:01,suterry01
143,Joel Kiviranta,2020,2023,4,163,16,12,28,-13,60,14,1,1,0,12,0,0,188,8.5,1818,11:09,kivirjo01
144,Mike McPhee,1993,1994,2,163,38,37,75,6,80,31,2,5,3,32,4,1,276,13.8,,,mcphemi01
145,Dave Archibald,1988,1990,3,162,28,44,72,-27,46,17,11,0,5,30,14,0,227,12.3,,,archida01
146,Jani Hakanpää,2022,2023,2,162,10,18,28,19,103,10,0,0,1,17,0,1,154,6.5,2882,17:47,hakanja01
147,Doug Mohns,1971,1973,3,162,12,48,60,19,148,7,5,0,4,25,22,1,286,4.2,,,mohnsdo01
148,Erik Cole,2013,2015,3,160,40,29,69,-20,44,33,6,1,4,20,9,0,282,14.2,2438,15:14,coleer01
149,Patrick Eaves,2015,2017,3,160,46,35,81,-3,51,24,22,0,5,25,10,0,331,13.9,2327,14:33,eavespa01
150,Dan Hamhuis,2017,2018,2,159,4,36,40,-13,56,3,1,0,1,32,2,2,149,2.7,3144,19:47,hamhuda01
151,Roland Eriksson,1977,1978,2,158,46,83,129,-58,22,33,13,0,2,47,35,1,508,9.1,,,eriksro01
152,Alex Pirus,1977,1979,3,155,30,26,56,-52,94,28,2,0,2,22,4,0,234,12.8,,,pirusal01
153,Andrew Cogliano,2019,2021,3,154,11,20,31,-7,62,10,0,1,0,20,0,0,198,5.6,1973,12:49,coglian01
154,Shawn Horcoff,2014,2015,2,153,18,31,49,10,79,9,8,1,1,30,1,0,150,12.0,1980,12:56,horcosh01
155,Kārlis Skrastiņš,2010,2011,2,153,5,16,21,-5,62,5,0,0,2,15,0,1,83,6.0,2874,18:47,skraska01
156,Luke Glendening,2022,2023,2,152,12,10,22,-26,65,10,0,2,1,8,0,2,181,6.6,2002,13:10,glendlu01
157,Brenden Dillon,2012,2015,4,149,9,17,26,8,174,7,0,2,2,17,0,0,194,4.6,3146,21:07,dillobr01
158,Brian Propp,1991,1993,3,147,41,73,114,-6,107,27,14,0,2,37,33,3,321,12.8,,,proppbr01
159,Steve Christoff,1980,1982,3,145,60,49,109,3,91,47,13,0,4,41,8,0,344,17.4,,,chrisst01
160,Moose Vasko,1968,1970,3,145,2,13,15,-55,113,2,0,0,0,12,1,0,79,2.5,,,vaskomo01
161,Mike Lalor,1994,1997,4,142,2,4,6,-12,88,2,0,0,0,3,0,1,87,2.3,,,lalormi01
162,Claude Larose,1969,1970,2,142,49,60,109,-29,215,36,12,1,7,40,20,0,530,9.2,,,laroscl01
163,Blake Sloan,1999,2004,4,142,6,15,21,7,71,6,0,0,2,13,1,1,137,4.4,1560,10:59,sloanbl01
164,Jeff Halpern,2007,2008,2,140,18,31,49,-9,118,15,2,1,4,27,3,1,192,9.4,2324,16:36,halpeje01
165,Bob McCord,1968,1969,2,139,7,26,33,-42,109,6,1,0,0,24,1,1,181,3.9,,,mccorbo01
166,Brian Sutherby,2009,2011,3,139,12,10,22,-7,176,11,0,1,0,10,0,0,131,9.2,1296,9:19,suthebr01
167,Bob Nevin,1972,1973,2,138,20,32,52,-5,6,18,2,0,3,24,8,0,151,13.2,,,nevinbo01
168,Andrej Sekera,2020,2022,3,135,6,11,17,18,34,5,0,1,0,11,0,0,122,4.9,2184,16:11,sekeran01
169,Joel Lundqvist,2007,2009,3,134,7,19,26,-17,56,7,0,0,1,18,1,0,116,6.0,1471,10:59,lundqjo01
170,Perry Berezan,1989,1991,3,132,15,22,37,-5,65,11,1,3,1,20,0,2,164,9.1,,,berezpe01
171,Scott Young,2003,2004,2,132,31,27,58,9,44,23,7,1,6,18,9,0,371,8.4,2057,15:35,youngsc01
172,Mike Kennedy,1995,1998,4,131,16,35,51,1,96,10,6,0,2,31,4,0,213,7.5,,,kennemi01
173,Wayne Connelly,1968,1969,2,129,49,37,86,-60,51,31,18,0,9,22,15,0,450,10.9,,,connewa01
174,Joel Hanley,2019,2023,5,129,2,16,18,-2,29,2,0,0,0,16,0,0,72,2.8,1594,12:21,hanlejo01
175,Adam Burish,2011,2012,2,128,14,19,33,8,167,14,0,0,2,17,2,0,171,8.2,1735,13:33,burisad01
176,George Ferguson,1983,1984,2,128,14,22,36,-5,33,13,0,1,2,18,1,3,139,10.1,,,ferguge01
177,André Boudrias,1968,1969,2,127,22,44,66,-33,48,17,5,0,3,36,8,0,270,8.1,,,boudran01
178,Dean Evason,1994,1995,2,127,19,40,59,-9,114,13,4,2,2,29,8,3,171,11.1,,,evasode01
179,Tyler Pitlick,2018,2019,2,127,22,17,39,7,40,21,1,0,3,16,0,1,204,10.8,1723,13:34,pitlity01
180,Paul Cavallini,1994,1996,3,126,12,44,56,18,116,6,6,0,3,28,13,3,219,5.5,,,cavalpa01
181,Jack Carlson,1979,1987,4,124,18,6,24,-9,264,17,1,0,1,6,0,0,82,22.0,,,carlsja01
182,Patrick Sharp,2016,2017,2,124,28,45,73,-25,58,19,8,1,6,28,17,0,372,7.5,2104,16:58,sharppa01
183,Paul Shmyr,1980,1981,2,124,4,24,28,29,163,4,0,0,1,22,1,1,144,2.8,,,shmyrpa01
184,Jason Demers,2015,2016,2,123,12,33,45,19,135,6,5,1,3,28,5,0,173,6.9,2479,20:09,demerja01
185,Roman Lyashenko,2000,2002,3,122,12,9,21,-5,55,12,0,0,2,8,1,0,102,11.8,1240,10:10,lyashro01
186,Eric Nystrom,2012,2013,2,122,23,9,32,-13,85,22,0,1,4,9,0,0,151,15.2,1706,13:59,nystrer01
187,Larry DePalma,1986,1991,5,121,18,14,32,-28,362,14,4,0,2,13,1,0,124,14.5,,,depalla01
188,Kevin Hatcher,1995,1996,2,121,25,45,70,-28,124,15,10,0,5,20,25,0,375,6.7,,,hatchke01
189,Larry Murphy*,1989,1991,3,121,18,75,93,-16,94,10,8,0,4,35,40,0,307,5.9,,,murphla01
190,Dave Richter,1982,1986,5,120,4,14,18,-7,397,4,0,0,0,13,0,1,60,6.7,,,richtda01
191,Johnny Oduya,2016,2017,2,119,5,23,28,6,36,4,0,1,0,22,0,1,87,5.7,2343,19:42,oduyajo01
192,Roman Polák,2019,2020,2,118,1,12,13,0,93,1,0,0,0,12,0,0,111,0.9,2159,18:18,polakro01
193,Bob Bassen,1996,1998,3,117,8,12,20,-5,113,8,0,0,3,12,0,0,99,8.1,,,bassebo01
194,Mike McMahon,1968,1969,2,117,14,44,58,-40,92,10,4,0,1,18,26,0,264,5.3,,,mcmahmi02
195,Dwight Bialowas,1975,1977,3,116,8,37,45,-17,24,0,8,0,1,20,17,0,171,4.7,,,bialodw01
196,Chris Dahlquist,1991,1992,2,116,3,19,22,-11,101,3,0,0,0,17,1,1,100,3.0,,,dahlqch01
197,Tommy Williams,1970,1971,2,116,25,65,90,-24,34,20,5,0,2,47,18,0,226,11.1,,,willito01
198,Pierre Jarry,1976,1978,3,115,38,48,86,-23,36,30,8,0,2,35,13,0,272,14.0,,,jarrypi01
199,Ken Solheim,1981,1985,4,114,16,20,36,-19,27,10,6,0,4,13,7,0,176,9.1,,,solheke01
200,Marc Habscheid,1986,1989,4,113,31,45,76,-10,48,16,12,3,3,23,19,3,248,12.5,,,habscma01
201,Ron Wilson,1985,1988,4,113,19,52,71,-15,62,11,8,0,2,24,28,0,226,8.4,,,wilsoro02
202,Walt McKechnie,1968,1971,4,112,9,13,22,-27,77,8,1,0,1,10,2,1,145,6.2,,,mckecwa01
203,Paul Broten,1994,1995,2,111,19,21,40,11,66,19,0,0,3,20,1,0,143,13.3,,,brotepa01
204,Dan Mandich,1983,1986,4,111,5,11,16,-10,303,5,0,0,1,10,0,1,82,6.1,,,mandida01
205,Fred Stanfield,1974,1975,2,111,24,46,70,-29,22,19,5,0,3,23,23,0,325,7.4,,,stanffr01
206,Nick Beverley,1977,1978,2,109,9,31,40,-1,24,9,0,0,1,24,6,1,145,6.2,,,beverni01
207,Ty Dellandrea,2021,2023,3,109,12,21,33,8,77,10,2,0,2,17,1,3,124,9.7,1500,13:46,dellaty01
208,Bill Hogaboam,1976,1979,4,109,19,25,44,-27,26,18,1,0,0,25,0,0,171,11.1,,,hogabbi01
209,Todd Elik,1992,1993,2,108,27,50,77,-5,173,16,8,3,2,40,9,1,194,13.9,,,elikto01
210,Tony McKegney,1985,1987,3,108,28,41,69,5,68,22,5,1,1,37,4,0,237,11.8,,,mckegto01
211,Patrik Nemeth,2014,2017,4,108,0,14,14,-8,40,0,0,0,0,13,1,0,101,0.0,1692,15:40,nemetpa01
212,John Erskine,2002,2006,4,107,2,2,4,-19,237,2,0,0,0,2,0,0,60,3.3,1215,11:22,erskijo01
213,Jim Roberts,1977,1979,3,106,17,23,40,-30,33,16,1,0,0,18,5,0,157,10.8,,,roberji02
214,Kent Nilsson,1986,1987,2,105,29,77,106,4,22,13,16,0,3,47,29,1,211,13.7,,,nilsske01
215,Parker MacDonald,1968,1969,2,104,21,32,53,-32,22,12,9,0,3,17,15,0,233,9.0,,,macdopa01
216,Mike Fidler,1979,1981,3,103,33,42,75,-17,61,28,5,0,3,27,15,0,238,13.9,,,fidlemi01
217,Brian Glynn,1991,1992,2,103,10,23,33,-21,107,7,3,0,0,15,8,0,164,6.1,,,glynnbr01
218,Sami Helenius,2001,2003,3,101,1,2,3,-2,163,1,0,0,0,2,0,0,38,2.6,1034,10:14,helensa01
219,Michael Ryder,2012,2013,2,101,41,35,76,21,54,32,9,0,8,28,7,0,253,16.2,1736,17:12,rydermi01
220,Ray Whitney,2013,2014,2,101,20,41,61,-5,18,13,7,0,1,21,20,0,186,10.8,1584,15:41,whitnra01
221,Blake Dunlop,1974,1977,4,100,18,30,48,-23,18,15,3,0,4,25,5,0,153,11.8,,,dunlobl01
222,Jerry Engele,1976,1978,3,100,2,13,15,-20,162,1,0,1,1,12,1,0,96,2.1,,,engelje01
223,Fabian Brunnström,2009,2010,2,99,19,21,40,-11,18,15,4,0,5,18,3,0,119,16.0,1108,11:12,brunnfa01
224,Curtis McKenzie,2015,2018,4,99,10,13,23,-1,131,10,0,0,3,13,0,0,121,8.3,1073,10:51,mckencu01
225,Jeff Woywitka,2010,2011,2,99,2,12,14,-1,35,1,1,0,0,10,2,0,116,1.7,1638,16:33,woywije01
226,Brent Ashton,1984,1985,2,97,11,17,28,-13,69,11,0,0,0,17,0,0,112,9.8,,,ashtobr01
227,Leo Boivin*,1969,1970,2,97,4,18,22,-21,46,3,1,0,0,16,1,1,159,2.5,,,boivile01
228,Mark Napier,1984,1985,2,97,23,46,69,-5,19,19,3,1,2,31,15,0,180,12.8,,,napiema01
229,Ted Hampson,1971,1972,2,96,9,20,29,-2,10,3,1,5,2,17,3,0,134,6.7,,,hampste01
230,Philip Larsen,2010,2013,4,95,5,14,19,3,34,3,2,0,0,14,0,0,111,4.5,1569,16:31,larseph01
231,Danny Lawson,1969,1971,3,95,13,16,29,-7,25,13,0,0,0,15,1,0,96,13.5,,,lawsoda01
232,Brad Palmer,1981,1982,2,95,26,27,53,-18,40,19,7,0,3,19,8,0,239,10.9,,,palmebr01
233,Bill Huard,1996,1997,2,91,11,12,23,8,281,11,0,0,0,12,0,0,68,16.2,,,huardbi01
234,Jyrki Jokipakka,2015,2016,2,91,2,14,16,-1,14,2,0,0,1,14,0,0,66,3.0,1422,15:38,jokipjy01
235,Ville Sirén,1989,1990,2,91,3,23,26,1,118,3,0,0,0,14,9,0,92,3.3,,,sirenvi01
236,Doug Zmolek,1994,1996,3,91,2,10,12,-4,143,2,0,0,0,7,3,0,57,3.5,,,zmoledo01
237,Remi Elie,2017,2018,2,90,7,14,21,10,26,7,0,0,1,14,0,0,85,8.2,1020,11:20,eliere01
238,John Flesch,1975,1976,2,90,11,17,28,-27,94,8,3,0,1,15,2,0,103,10.7,,,flescjo01
239,Kris Manery,1979,1980,2,88,20,23,43,-18,32,17,3,0,1,16,7,0,166,12.0,,,manerkr01
240,Randy Velischek,1983,1985,3,88,6,11,17,-5,38,6,0,0,0,11,0,0,50,12.0,,,velisra01
241,Julius Honka,2017,2019,3,87,2,11,13,-7,28,2,0,0,1,9,2,0,114,1.8,1214,13:57,honkaju01
242,Alex Chiasson,2013,2014,2,86,19,23,42,-18,38,12,7,0,5,16,7,0,157,12.1,1293,15:02,chiasal01
243,Tomáš Vincour,2011,2013,3,86,7,8,15,-7,8,7,0,0,1,8,0,0,102,6.9,844,9:49,vincoto01
244,Neil Wilkinson,1990,1991,2,86,2,14,16,-6,217,2,0,0,0,11,2,1,91,2.2,,,wilkine01
245,Dave Cressman,1975,1976,2,85,6,8,14,-2,37,6,0,0,1,8,0,0,85,7.1,,,cressda01
246,Greg Pateryn,2017,2018,2,85,1,15,16,4,56,1,0,0,0,15,0,0,114,0.9,1642,19:19,patergr01
247,Manny Malhotra,2002,2004,3,84,4,7,11,-7,51,4,0,0,1,7,0,0,85,4.7,792,9:26,malhoma01
248,Tommy Sjödin,1993,1994,2,84,7,31,38,-26,34,2,5,0,1,8,23,0,183,3.8,,,sjodito01
249,Jordy Douglas,1983,1984,2,82,16,18,34,-9,40,15,1,0,3,17,1,0,107,15.0,,,dougljo01
250,Tony Hrkac,1998,1999,2,82,18,17,35,2,26,13,5,0,2,12,5,0,81,22.2,830,12:02,hrkacto01
251,Wyatt Johnston,2023,2023,1,82,24,17,41,6,20,21,3,0,3,13,4,0,160,15.0,1270,15:29,johnswy01
252,Taylor Fedun,2019,2020,2,81,6,14,20,5,22,6,0,0,0,11,2,1,126,4.8,1120,13:49,fedunta01
253,Aaron Downey,2003,2004,2,80,2,2,4,3,146,2,0,0,1,2,0,0,25,8.0,372,4:39,downeaa01
254,Mike Gartner*,1989,1990,2,80,41,43,84,-5,34,19,18,4,2,29,14,0,273,15.0,,,gartnmi01
255,Dave Langevin,1986,1986,1,80,0,8,8,-16,58,0,0,0,0,8,0,0,46,0.0,,,langeda01
256,Mattias Norström,2007,2008,2,80,2,13,15,5,48,1,1,0,1,11,0,2,70,2.9,1552,19:24,norstma01
257,Rob Zettler,1989,1991,3,80,1,12,13,-18,164,1,0,0,0,9,2,1,51,2.0,,,zettlro01
258,Sergei Gonchar,2014,2015,2,79,2,21,23,-13,22,1,1,0,1,8,13,0,90,2.2,1377,17:26,gonchse01
259,Colin Miller,2023,2023,1,79,6,15,21,23,37,5,1,0,3,15,0,0,106,5.7,1325,16:46,milleco02
260,Brad Berry,1992,1994,3,78,0,3,3,-1,127,0,0,0,0,3,0,0,55,0.0,,,berrybr01
261,Shaun Van Allen,2001,2002,2,78,9,20,29,0,22,7,0,2,3,18,1,1,71,12.7,958,12:17,vanalsh01
262,Bob Barlow,1970,1971,2,77,16,17,33,-4,10,9,6,1,1,12,5,0,164,9.8,,,barlobo01
263,Anders Håkansson,1982,1983,2,77,12,4,16,-10,38,8,0,4,1,4,0,0,79,15.2,,,hakanan01
264,Jon Sim,1999,2003,5,77,9,6,15,-1,38,6,3,0,1,5,1,0,120,7.5,767,9:57,simjo01
265,Gemel Smith,2017,2019,3,77,11,9,20,3,38,10,0,1,0,9,0,0,72,15.3,777,10:06,smithge02
266,Justin Dowling,2017,2021,4,76,4,10,14,-11,16,4,0,0,1,8,2,0,76,5.3,850,11:11,dowliju01
267,Don Martineau,1975,1975,1,76,6,9,15,-12,61,6,0,0,0,9,0,0,54,11.1,,,martido01
268,Michael Raffl,2022,2022,1,76,7,9,16,-19,16,6,0,1,2,7,0,2,94,7.4,1105,14:32,rafflmi01
269,Brian Skrudland,1998,2000,3,75,7,3,10,0,65,7,0,0,1,2,0,1,62,11.3,562,9:04,skrudbr01
270,Don Barber,1989,1991,3,74,23,24,47,3,44,16,7,0,4,18,6,0,152,15.1,,,barbedo01
271,Dave Balon,1968,1968,1,73,15,32,47,-10,84,10,4,1,2,26,6,0,152,9.9,,,balonda01
272,Radek Dvořák,2012,2012,1,73,4,17,21,-16,12,3,0,1,0,17,0,0,83,4.8,1042,14:17,dvorara01
273,Juha Lind,1998,2000,2,73,5,7,12,3,12,5,0,0,0,7,0,0,63,7.9,368,10:49,lindju01
274,Bill Butters,1978,1979,2,72,1,4,5,-16,77,1,0,0,0,4,0,0,35,2.9,,,buttebi01
275,Glen Sather*,1976,1976,1,72,9,10,19,-8,94,8,1,0,1,9,1,0,73,12.3,,,sathegl01
276,Chris Conner,2007,2009,3,71,7,14,21,-8,20,7,0,0,1,13,1,0,79,8.9,803,11:19,connech01
277,Harold Snepsts,1985,1985,1,71,0,7,7,-22,232,0,0,0,0,7,0,0,50,0.0,,,snepsha01
278,Adam Cracknell,2017,2018,2,70,10,6,16,9,12,9,0,1,2,6,0,0,89,11.2,730,10:26,crackad01
279,Mathias Tjärnqvist,2004,2007,3,69,4,8,12,-5,24,4,0,0,1,8,0,0,60,6.7,611,8:51,tjarnma01
280,Mason Marchment,2023,2023,1,68,12,19,31,-6,80,10,2,0,2,16,3,0,148,8.1,1068,15:42,marchma01
281,Norm Gratton,1975,1976,2,66,21,15,36,-24,22,14,7,0,1,12,2,1,139,15.1,,,grattno01
282,Jacob Peterson,2022,2023,2,66,12,5,17,-3,12,12,0,0,5,4,1,0,86,14.0,731,11:05,peterja01
283,Bob Woytowich,1968,1968,1,66,4,17,21,-26,63,2,2,0,0,10,7,0,86,4.7,,,woytobo01
284,Ted Donato,2001,2001,1,65,8,17,25,6,26,7,1,0,3,17,0,0,71,11.3,664,10:13,donatte01
285,Brandon Segal,2010,2011,2,65,10,10,20,3,59,10,0,0,3,10,0,0,71,14.1,597,9:11,segalbr01
286,Harvey Bennett,1978,1978,1,64,11,10,21,-33,91,10,1,0,0,9,1,0,67,16.4,,,benneha02
287,Ron Friest,1981,1983,3,64,7,7,14,-10,191,7,0,0,0,7,0,0,55,12.7,,,friesro01
288,Jean Potvin,1979,1979,1,64,5,16,21,-10,65,1,2,2,1,11,5,0,89,5.6,,,potvije01
289,Chris Pryor,1985,1988,4,64,1,4,5,-10,71,1,0,0,0,3,0,1,33,3.0,,,pryorch01
290,Sheldon Souray,2012,2012,1,64,6,15,21,11,73,3,2,1,1,11,4,0,179,3.4,1310,20:28,sourash01
291,Rich Nantais,1975,1977,3,63,5,4,9,-8,79,5,0,0,1,4,0,0,38,13.2,,,nantari01
292,Bobby Rousseau,1971,1971,1,63,4,20,24,3,12,4,0,0,0,19,1,0,122,3.3,,,roussbo01
293,Don Sweeney,2004,2004,1,63,0,11,11,22,18,0,0,0,0,10,0,1,39,0.0,1001,15:53,sweendo01
294,Tanner Kero,2021,2022,2,62,3,10,13,-5,6,3,0,0,2,8,2,0,53,5.7,633,10:13,kerota01
295,Teppo Numminen,2004,2004,1,62,3,14,17,-5,18,3,0,0,0,7,7,0,83,3.6,1343,21:40,nummite01
296,Rich Peverley,2014,2014,1,62,7,23,30,-3,15,6,0,1,2,19,3,1,122,5.7,954,15:23,peverri01
297,Jamie Pushor,2000,2000,1,62,0,8,8,0,53,0,0,0,0,8,0,0,27,0.0,719,11:36,pushoja01
298,Dan Keczmer,1991,1999,4,61,1,5,6,6,60,1,0,0,0,5,0,0,37,2.7,157,7:08,keczmda01
299,Martin Škoula,2006,2006,1,61,4,11,15,6,36,1,3,0,1,5,6,0,78,5.1,1140,18:41,skoulma01
300,Lauri Korpikoski,2017,2017,1,60,8,12,20,5,10,8,0,0,0,11,0,1,104,7.7,782,13:02,korpila01
301,Nils Lundkvist,2023,2023,1,60,6,10,16,-5,26,5,1,0,2,8,2,0,94,6.4,979,16:19,lundkni01
302,Dave Manson,2000,2002,2,60,1,3,4,9,45,1,0,0,0,1,2,0,45,2.2,721,12:01,mansoda01
303,Bill Plager,1968,1976,4,60,0,5,5,-24,61,0,0,0,0,5,0,0,31,0.0,,,plagebi01
304,Mike Donnelly,1995,1996,2,59,13,19,32,1,39,10,3,0,3,15,4,0,115,11.3,,,donnemi01
305,Bob Errey,1998,1998,1,59,2,9,11,7,46,2,0,0,0,6,0,3,34,5.9,,,erreybo01
306,Lars Lindgren,1984,1984,1,59,2,14,16,-4,33,2,0,0,0,11,2,1,66,3.0,,,lindgla01
307,Doug Rombough,1975,1976,2,59,8,11,19,-4,39,8,0,0,2,9,2,0,72,11.1,,,rombodo01
308,Bryan Hextall,1976,1976,1,58,8,20,28,-16,84,4,3,1,1,13,7,0,89,9.0,,,hextabr02
309,Gary Bergman,1974,1974,1,57,3,23,26,-12,66,2,1,0,1,16,4,3,87,3.4,,,bergmga01
310,Bill Fairbairn,1977,1978,2,57,9,21,30,-1,2,7,0,2,2,17,3,1,90,10.0,,,fairbbi01
311,Jaroslav Modrý,2007,2007,1,57,1,9,10,10,32,1,0,0,0,7,2,0,60,1.7,997,17:30,modryja01
312,Travis Moen,2015,2016,2,57,3,8,11,-3,35,3,0,0,0,7,0,1,37,8.1,496,8:42,moentr01
313,Corey Perry,2020,2020,1,57,5,16,21,-2,70,4,1,0,0,10,6,0,77,6.5,782,13:43,perryco01
314,Doug Smail,1991,1991,1,57,7,13,20,-2,38,5,0,2,0,13,0,0,89,7.9,,,smaildo01
315,Jamie Wright,1998,2001,4,57,6,6,12,6,18,6,0,0,2,6,0,0,44,13.6,331,9:12,wrighja01
316,Richard Zemlak,1988,1989,2,57,1,4,5,-14,320,1,0,0,0,4,0,0,20,5.0,,,zemlari01
317,Marc Bureau,1991,1992,2,55,6,10,16,-8,54,6,0,0,0,7,3,0,61,9.8,,,bureama01
318,Tony Featherstone,1974,1974,1,54,9,12,21,-9,4,7,0,2,0,11,1,0,92,9.8,,,feathto01
319,Milan Marcetta,1968,1969,2,54,7,15,22,-14,12,5,2,0,0,12,3,0,59,11.9,,,marcemi01
320,Curt Fraser,1988,1990,3,53,7,6,13,-27,118,6,1,0,0,3,3,0,86,8.1,,,frasecu01
321,Scott Pellerin,2002,2003,2,53,4,8,12,-8,23,3,1,0,0,7,0,1,42,9.5,518,9:47,pellesc01
322,Chris Ahrens,1974,1978,5,52,0,3,3,-26,84,0,0,0,0,3,0,0,26,0.0,,,ahrench01
323,Jake Dowell,2012,2012,1,52,2,5,7,-3,53,2,0,0,0,5,0,0,39,5.1,397,7:38,dowelja01
324,Aaron Rome,2013,2014,2,52,0,6,6,-8,29,0,0,0,0,6,0,0,30,0.0,741,14:15,romeaa01
325,Henry Boucha,1975,1975,1,51,15,14,29,-12,23,14,1,0,1,10,4,0,131,11.5,,,bouchhe01
326,Gary Gambucci,1972,1974,2,51,2,7,9,7,9,2,0,0,0,6,1,0,29,6.9,,,gambuga01
327,Craig Levie,1984,1986,2,51,8,15,23,2,52,8,0,0,1,9,5,1,77,10.4,,,leviecr01
328,Wayne Hillman,1969,1969,1,50,0,8,8,-26,32,0,0,0,0,8,0,0,44,0.0,,,hillmwa01
329,John Miszuk,1970,1970,1,50,0,6,6,-1,51,0,0,0,0,5,0,1,34,0.0,,,miszujo01
330,Terry Ruskowski,1988,1989,2,50,6,13,19,-14,78,4,2,0,0,10,1,2,35,17.1,,,ruskote01
331,Eric Lindros*,2007,2007,1,49,5,21,26,-1,70,4,1,0,0,14,7,0,95,5.3,718,14:39,lindrer01
332,Tyler Bouck,2001,2001,1,48,2,5,7,-3,29,2,0,0,1,5,0,0,41,4.9,431,8:59,bouckty01
333,Aaron Gavey,1999,2000,2,48,7,6,13,-1,54,6,1,0,2,6,0,0,43,16.3,463,9:39,gaveyaa01
334,Marshall Johnston,1968,1971,4,48,0,5,5,1,16,0,0,0,0,1,4,0,65,0.0,,,johnsma01
335,John MacLean,2001,2002,2,48,7,5,12,-1,34,6,1,0,1,4,1,0,81,8.6,608,12:41,maclejo01
336,Dušan Pašek,1989,1989,1,48,4,10,14,-8,30,3,1,0,0,7,3,0,86,4.7,,,pasekdu01
337,Jari Grönstrand,1987,1987,1,47,1,6,7,4,27,1,0,0,0,6,0,0,32,3.1,,,gronsja01
338,Pete Goegan,1968,1968,1,46,1,2,3,-15,30,1,0,0,0,2,0,0,35,2.9,,,goegape01
339,Moe Mantha,1988,1989,2,46,10,19,29,-13,14,7,3,0,0,10,9,0,139,7.2,,,manthmo01
340,Ilkka Sinisalo,1991,1991,1,46,5,12,17,-10,24,3,1,1,1,11,1,0,68,7.4,,,sinisil01
341,Martin Hanzal,2018,2019,2,45,6,6,12,-18,27,3,3,0,1,5,1,0,76,7.9,626,13:55,hanzama01
342,Marc Methot,2018,2019,2,45,1,2,3,8,37,1,0,0,0,2,0,0,28,3.6,796,17:42,methoma01
343,David Oliver,2003,2006,3,45,7,8,15,6,14,4,3,0,1,8,0,0,36,19.4,433,9:37,oliveda01
344,Gord Sherven,1985,1986,2,45,2,14,16,2,19,2,0,0,1,13,0,1,57,3.5,,,shervgo01
345,Kevin Connauton,2014,2015,2,44,1,9,10,-2,22,1,0,0,0,7,2,0,66,1.5,649,14:44,connake01
346,Mats Hallin,1986,1987,2,44,3,2,5,-6,90,3,0,0,1,2,0,0,34,8.8,,,hallima01
347,Mark Parrish,2009,2009,1,44,8,5,13,-3,18,4,4,0,3,4,1,0,46,17.4,496,11:16,parrima01
348,Terry Holbrook,1973,1974,2,43,3,6,9,-7,4,2,1,0,1,6,0,0,37,8.1,,,holbrte01
349,Ed Hospodar,1986,1986,1,43,0,2,2,8,91,0,0,0,0,2,0,0,33,0.0,,,hospoed01
350,Derrick Smith,1992,1994,3,43,2,5,7,-11,35,2,0,0,0,4,0,1,33,6.1,,,smithde04
351,Jaroslav Svoboda,2006,2006,1,43,4,3,7,-3,22,4,0,0,2,3,0,0,33,12.1,304,7:04,svoboja01
352,Enrico Ciccone,1992,1993,2,42,0,1,1,0,163,0,0,0,0,1,0,0,15,0.0,,,ciccoen01
353,Bryan Maxwell,1978,1979,2,42,3,11,14,-11,87,2,1,0,0,11,0,0,66,4.5,,,maxwebr01
354,Bill Nyrop,1982,1982,1,42,4,8,12,14,35,3,0,1,1,8,0,0,25,16.0,,,nyropbi01
355,Martin Ručinský,2002,2002,1,42,6,11,17,3,24,4,2,0,1,8,3,0,63,9.5,611,14:33,rucinma01
356,Brent Fedyk,1996,1996,1,41,10,9,19,-17,30,6,4,0,0,5,4,0,71,14.1,,,fedykbr01
357,Corey Millen,1995,1996,2,41,6,19,25,4,36,4,2,0,0,15,4,0,69,8.7,,,milleco01
358,Wally Schreiber,1988,1989,2,41,8,10,18,-9,12,4,2,2,2,5,5,0,70,11.4,,,schrewa01
359,Patrik Štefan,2007,2007,1,41,5,6,11,5,10,4,0,1,1,6,0,0,41,12.2,501,12:13,stefapa01
360,Brad Winchester,2008,2008,1,41,1,2,3,-9,46,1,0,0,0,2,0,0,36,2.8,310,7:34,winchbr01
361,Rhett Gardner,2020,2022,3,40,1,1,2,-10,10,1,0,0,0,1,0,0,31,3.2,392,9:49,gardnrh01
362,Thomas Harley,2022,2023,2,40,1,5,6,1,8,1,0,0,0,5,0,0,44,2.3,566,14:09,harleth01
363,Craig Muni,1998,1998,1,40,1,1,2,0,25,1,0,0,1,1,0,0,12,8.3,,,municr01
364,Reilly Smith,2012,2013,2,40,3,6,9,-3,10,3,0,0,0,6,0,0,36,8.3,429,10:44,smithre01
365,Matthew Barnaby,2007,2007,1,39,1,6,7,5,127,1,0,0,0,6,0,0,22,4.5,317,8:07,barnama01
366,Andrew Hutchinson,2009,2009,1,38,2,3,5,-4,12,2,0,0,0,2,1,0,56,3.6,545,14:20,hutchan01
367,Ric Jackman,2000,2001,2,38,1,2,3,-7,24,0,1,0,0,2,0,0,26,3.8,320,8:25,jackmri01
368,Gord Labossiere,1971,1972,2,38,10,7,17,-2,4,10,0,0,1,5,2,0,68,14.7,,,labosgo01
369,Bill Masterton,1968,1968,1,38,4,8,12,-2,4,2,2,0,0,6,2,0,83,4.8,,,mastebi01
370,David Shaw,1992,1992,1,37,0,7,7,-5,49,0,0,0,0,4,3,0,49,0.0,,,shawda01
371,Bo Berglund,1985,1986,2,36,8,9,17,-3,10,7,1,0,1,8,1,0,44,18.2,,,berglbo01
372,Nicholas Caamano,2020,2021,2,36,1,2,3,-5,21,1,0,0,0,2,0,0,46,2.2,344,9:33,caamani01
373,Adam Pardy,2012,2012,1,36,0,3,3,-5,16,0,0,0,0,3,0,0,29,0.0,593,16:28,pardyad01
374,Mark Pysyk,2021,2021,1,36,3,1,4,6,20,3,0,0,0,1,0,0,51,5.9,422,11:43,pysykma01
375,Aaron Broten,1990,1990,1,35,9,9,18,-8,22,9,0,0,2,8,1,0,65,13.8,,,broteaa01
376,Alan May,1994,1995,2,35,2,1,3,0,124,2,0,0,1,1,0,0,30,6.7,,,mayal01
377,Gord Donnelly,1994,1995,2,34,1,1,2,-3,118,1,0,0,0,1,0,0,14,7.1,,,donnego01
378,Jaromír Jágr,2013,2013,1,34,14,12,26,-5,20,8,6,0,2,9,3,0,87,16.1,622,18:18,jagrja01
379,Jim McKenzie,1994,1994,1,34,2,3,5,4,63,2,0,0,1,3,0,0,18,11.1,,,mckenji02
380,Rob Ramage,1992,1992,1,34,4,5,9,-4,69,2,2,0,0,2,3,0,63,6.3,,,ramagro01
381,Joel L'Esperance,2019,2021,3,33,5,0,5,-6,10,4,1,0,1,0,0,0,34,14.7,356,10:46,lespejo01
382,Benoît Brunet,2002,2002,1,32,4,9,13,5,8,3,0,1,1,9,0,0,33,12.1,402,12:34,brunebe01
383,Jiří Hudler,2017,2017,1,32,3,8,11,-3,4,2,1,0,1,8,0,0,27,11.1,379,11:51,hudleji01
384,Claude Lemieux,2003,2003,1,32,2,4,6,-9,14,2,0,0,0,2,1,1,45,4.4,423,13:14,lemiecl01
385,Chris Murray,2000,2000,1,32,2,1,3,-7,62,2,0,0,0,1,0,0,25,8.0,170,5:19,murrach01
386,Sergey Gusev,1998,1999,2,31,1,4,5,0,8,1,0,0,1,1,3,0,35,2.9,265,12:04,gusevse01
387,Tom Hirsch,1984,1988,3,31,1,7,8,-15,30,0,0,1,0,5,2,0,38,2.6,,,hirscto01
388,Ted Taylor,1968,1968,1,31,3,5,8,-7,37,2,1,0,0,5,0,0,67,4.5,,,taylote01
389,Mike Berger,1988,1989,2,30,3,1,4,-20,67,0,3,0,0,1,0,0,41,7.3,,,bergemi02
390,Dean Kolstad,1989,1991,2,30,1,5,6,-7,57,0,1,0,0,3,2,0,50,2.0,,,kolstde01
391,Bill Orban,1969,1970,2,30,1,7,8,-3,17,1,0,0,0,6,1,0,27,3.7,,,orbanbi01
392,Derek Roy,2013,2013,1,30,4,18,22,3,4,3,1,0,1,12,5,1,65,6.2,569,18:58,royde01
393,Brent Severyn,1999,1999,1,30,1,2,3,-2,50,1,0,0,0,2,0,0,22,4.5,154,5:07,severbr01
394,Scott Thornton,2000,2000,1,30,6,3,9,-5,38,5,1,0,0,3,0,0,47,12.8,391,13:03,thornsc01
395,Randy Wood,1996,1996,1,30,1,4,5,-11,26,1,0,0,0,4,0,0,58,1.7,,,woodra01
396,Peter Zezel,1995,1995,1,30,6,5,11,-6,19,6,0,0,1,3,1,1,47,12.8,,,zezelpe01
397,Allen Pedersen,1992,1992,1,29,0,1,1,-1,10,0,0,0,0,1,0,0,17,0.0,,,pederal01
398,Duane Rupp,1969,1969,1,29,2,1,3,-9,8,1,1,0,0,0,1,0,36,5.6,,,ruppdu01
399,Darryl Sly,1970,1970,1,29,1,0,1,-6,6,1,0,0,0,0,0,0,20,5.0,,,slyda01
400,Emanuel Viveiros,1986,1988,3,29,1,11,12,-3,6,1,0,0,0,5,6,0,40,2.5,,,viveiem01
401,Sylvain Côté,2000,2000,1,28,2,8,10,6,14,2,0,0,0,3,5,0,47,4.3,509,18:10,cotesy01
402,Tim Coulis,1984,1986,3,28,3,3,6,-7,111,3,0,0,0,3,0,0,23,13.0,,,couliti01
403,Fredrik Olofsson,2023,2023,1,28,1,3,4,0,2,1,0,0,1,3,0,0,34,2.9,286,10:12,olofsfr01
404,Paul Holmgren,1984,1985,2,27,6,8,14,-6,84,4,2,0,0,8,0,0,30,20.0,,,holmgpa01
405,Don Jackson,1978,1981,4,27,0,7,7,6,41,0,0,0,0,7,0,0,31,0.0,,,jacksdo02
406,Jason Williams,2011,2011,1,27,2,3,5,-2,6,2,0,0,1,2,1,0,18,11.1,219,8:07,willija01
407,Landon Wilson,2009,2009,1,27,2,6,8,5,21,2,0,0,0,6,0,0,34,5.9,249,9:14,wilsola02
408,Helmut Balderis,1990,1990,1,26,3,6,9,0,2,1,2,0,0,5,1,0,30,10.0,,,baldehe01
409,Derek Plante,1999,2000,2,26,3,4,7,-3,6,1,2,0,0,3,1,0,41,7.3,298,11:29,plantde01
410,Dan Chicoine,1979,1980,2,25,1,2,3,-10,12,1,0,0,0,2,0,0,25,4.0,,,chicoda01
411,Clark Donatelli,1990,1990,1,25,3,3,6,-11,17,3,0,0,1,1,2,0,25,12.0,,,donatcl01
412,Alain Langlais,1974,1975,2,25,4,4,8,-9,10,4,0,0,0,4,0,0,60,6.7,,,langlal02
413,Ladislav Nagy,2007,2007,1,25,4,10,14,-3,6,2,2,0,1,5,5,0,33,12.1,403,16:08,nagyla01
414,Jerry Byers,1973,1974,2,24,0,2,2,-7,6,0,0,0,0,2,0,0,28,0.0,,,byersje01
415,Dustin Jeffrey,2014,2014,1,24,2,1,3,-2,0,2,0,0,0,1,0,0,21,9.5,217,9:03,jeffrdu01
416,Valeri Kamensky,2002,2002,1,24,3,6,9,3,2,3,0,0,1,4,2,0,32,9.4,231,9:38,kamenva01
417,Sean Avery,2009,2009,1,23,3,7,10,2,77,3,0,0,0,4,3,0,49,6.1,345,14:59,averyse01
418,James Black,1993,1994,2,23,4,4,8,-4,6,2,2,0,0,4,0,0,26,15.4,,,blackja01
419,B.J. Crombeen,2008,2009,2,23,1,6,7,0,65,1,0,0,0,5,1,0,21,4.8,177,7:41,crombbj01
420,Evgenii Dadonov,2023,2023,1,23,3,12,15,2,2,3,0,0,0,8,4,0,38,7.9,348,15:08,dadonev01
421,Nathan Perrott,2006,2006,1,23,2,1,3,2,54,2,0,0,1,1,0,0,17,11.8,116,5:02,perrona01
422,Murray Brumwell,1981,1982,2,22,0,3,3,1,18,0,0,0,0,2,1,0,12,0.0,,,brumwmu01
423,Dave Hanson,1980,1980,1,22,1,1,2,-5,39,1,0,0,0,1,0,0,11,9.1,,,hansoda01
424,Duke Harris,1968,1968,1,22,1,4,5,-10,4,1,0,0,0,0,4,0,43,2.3,,,harridu01
425,Janne Niinimaa,2006,2006,1,22,2,4,6,-5,24,0,1,1,1,2,2,0,26,7.7,405,18:25,niinija01
426,Warren Babe,1988,1991,3,21,2,5,7,3,23,2,0,0,0,5,0,0,17,11.8,,,babewa01
427,Jason Botterill,1998,1999,2,21,0,0,0,-3,42,0,0,0,0,0,0,0,10,0.0,141,8:19,botteja01
428,Aaron Gagnon,2010,2011,2,21,0,2,2,-3,0,0,0,0,0,2,0,0,11,0.0,171,8:08,gagnoaa01
429,Rod Norrish,1974,1975,2,21,3,3,6,-5,2,3,0,0,0,2,1,0,19,15.8,,,norriro01
430,Donald Audette,2002,2002,1,20,4,8,12,2,12,1,3,0,2,6,2,0,49,8.2,249,12:26,audetdo01
431,Dave Barr,1994,1994,1,20,2,5,7,-6,21,2,0,0,0,5,0,0,20,10.0,,,barrda01
432,Steve Bégin,2009,2009,1,20,1,1,2,-1,15,1,0,0,0,1,0,0,25,4.0,209,10:26,beginst01
433,Max Domi,2023,2023,1,20,2,5,7,-6,6,2,0,0,0,4,1,0,36,5.6,324,16:11,domima01
434,Ben Lovejoy,2019,2019,1,20,0,2,2,-2,4,0,0,0,0,2,0,0,25,0.0,317,15:50,lovejbe01
435,Mitch Messier,1988,1991,4,20,0,2,2,-10,11,0,0,0,0,2,0,0,9,0.0,,,messimi01
436,Tim Trimper,1985,1985,1,20,1,4,5,-9,15,1,0,0,0,4,0,0,28,3.6,,,trimpti01
437,Gavin Bayreuther,2019,2019,1,19,2,3,5,2,10,2,0,0,0,1,2,0,25,8.0,346,18:11,bayrega01
438,Brendan Morrison,2009,2009,1,19,6,3,9,3,16,4,2,0,2,2,1,0,29,20.7,292,15:23,morribr01
439,Tom Polanic,1970,1971,2,19,0,2,2,-4,53,0,0,0,0,2,0,0,6,0.0,,,polanto01
440,Marián Studenič,2022,2023,2,19,1,2,3,-2,6,1,0,0,0,2,0,0,22,4.5,193,10:11,studema01
441,Sandy Fitzpatrick,1968,1968,1,18,3,6,9,0,6,3,0,0,0,4,2,0,26,11.5,,,fitzpsa01
442,David Jensen,1984,1986,3,18,0,2,2,-5,11,0,0,0,0,2,0,0,9,0.0,,,jenseda02
443,Kevin Maxwell,1981,1982,2,18,1,7,8,-2,15,1,0,0,0,6,1,0,29,3.4,,,maxweke01
444,Shayne Corson,2004,2004,1,17,5,5,10,12,29,4,0,1,1,5,0,0,21,23.8,230,13:31,corsosh01
445,Link Gaetz,1989,1990,2,17,0,2,2,-8,86,0,0,0,0,2,0,0,12,0.0,,,gaetzli01
446,Murray Hall,1968,1968,1,17,2,1,3,-5,10,2,0,0,0,0,1,0,18,11.1,,,hallmu01
447,Doug Lidster,1999,1999,1,17,0,0,0,0,10,0,0,0,0,0,0,0,7,0.0,226,13:16,lidstdo01
448,Jim Archibald,1985,1987,3,16,1,2,3,-4,45,1,0,0,0,2,0,0,20,5.0,,,archiji01
449,Paul Houck,1986,1988,3,16,1,2,3,-1,2,1,0,0,0,2,0,0,14,7.1,,,houckpa01
450,David Mackey,1990,1990,1,16,2,0,2,-3,28,2,0,0,1,0,0,0,8,25.0,,,mackeda01
451,Willie Mitchell,2006,2006,1,16,0,2,2,4,26,0,0,0,0,2,0,0,10,0.0,332,20:46,mitchwi01
452,Dick Redmond,1970,1971,2,16,0,3,3,-3,20,0,0,0,0,3,0,0,21,0.0,,,redmodi01
453,Jeremy Stevenson,2006,2006,1,16,1,0,1,-3,21,1,0,0,0,0,0,0,12,8.3,110,6:54,steveje01
454,Peter Taglianetti,1991,1991,1,16,0,1,1,0,14,0,0,0,0,1,0,0,15,0.0,,,taglipe01
455,Gord Dineen,1988,1989,2,15,1,2,3,-9,23,1,0,0,0,1,1,0,13,7.7,,,dineego01
456,Mark Hardy,1989,1989,1,15,2,4,6,-1,26,2,0,0,1,2,2,0,19,10.5,,,hardyma01
457,Mark Lawrence,1995,1996,2,15,0,1,1,0,17,0,0,0,0,1,0,0,16,0.0,,,lawrema01
458,Jyrki Lumme,2002,2002,1,15,0,1,1,-5,4,0,0,0,0,1,0,0,12,0.0,205,13:40,lummejy01
459,Vladislav Namestnikov,2022,2022,1,15,3,2,5,1,11,3,0,0,1,1,1,0,10,30.0,185,12:20,namesvl01
460,Mike Antonovich,1976,1982,2,14,0,2,2,-5,8,0,0,0,0,1,1,0,22,0.0,,,antonmi01
461,Connor Carrick,2019,2019,1,14,1,3,4,-7,13,1,0,0,0,3,0,0,16,6.3,179,12:49,carrico01
462,Kevin Dean,2000,2000,1,14,0,0,0,-1,10,0,0,0,0,0,0,0,6,0.0,158,11:19,deanke01
463,Gerald Diduck,2001,2001,1,14,0,0,0,4,18,0,0,0,0,0,0,0,8,0.0,150,10:44,diducge01
464,Bill Heindl,1971,1972,2,14,1,1,2,-1,0,1,0,0,0,1,0,0,19,5.3,,,heindbi01
465,Bronco Horvath,1968,1968,1,14,1,6,7,-6,4,1,0,0,0,1,5,0,12,8.3,,,horvabr01
466,Randy McKay,2002,2002,1,14,1,4,5,2,7,1,0,0,0,4,0,0,10,10.0,169,12:02,mckayra02
467,Pat Price,1988,1988,1,14,0,2,2,-3,20,0,0,0,0,2,0,0,10,0.0,,,pricepa01
468,John Rogers,1974,1975,2,14,2,4,6,0,0,2,0,0,0,4,0,0,15,13.3,,,rogerjo01
469,Chris Tancill,1994,1998,2,14,1,4,5,-8,8,1,0,0,0,3,1,0,19,5.3,,,tancich01
470,Valeri Bure,2004,2004,1,13,2,5,7,3,6,2,0,0,0,4,1,0,34,5.9,232,17:51,bureva01
471,Matt Fraser,2012,2013,2,13,1,2,3,0,0,1,0,0,0,2,0,0,18,5.6,145,11:11,frasema02
472,Steve Gainey,2001,2004,3,13,0,1,1,0,14,0,0,0,0,1,0,0,1,0.0,78,5:58,gainest01
473,Steve Gotaas,1989,1991,2,13,1,3,4,-2,8,0,1,0,0,2,1,0,20,5.0,,,gotaast01
474,Doug Janik,2009,2009,1,13,0,1,1,-2,2,0,0,0,0,1,0,0,1,0.0,127,9:45,janikdo01
475,Travis Morin,2011,2015,3,13,0,1,1,3,0,0,0,0,0,1,0,0,16,0.0,141,10:48,morintr01
476,Riley Tufte,2022,2023,2,13,1,0,1,-1,4,1,0,0,0,0,0,0,6,16.7,96,7:22,tufteri01
477,Jarkko Varvio,1994,1995,2,13,3,4,7,2,4,2,1,0,1,2,2,0,26,11.5,,,varvija01
478,Norm Beaudin,1971,1971,1,12,0,1,1,-3,0,0,0,0,0,1,0,0,16,0.0,,,beaudno01
479,Nikolai Borschevsky,1996,1996,1,12,1,3,4,-7,6,1,0,0,1,2,1,0,22,4.5,,,borscni01
480,Rob Flockhart,1980,1981,2,12,1,3,4,-6,2,1,0,0,1,2,1,0,11,9.1,,,flockro01
481,Larry Hillman,1969,1969,1,12,1,5,6,-7,0,0,1,0,0,1,4,0,20,5.0,,,hillmla01
482,Joey Johnston,1969,1969,1,12,1,0,1,-1,6,1,0,0,0,0,0,0,17,5.9,,,johnsjo01
483,Lane MacDermid,2013,2014,2,12,2,2,4,3,14,2,0,0,0,2,0,0,4,50.0,65,5:27,macdela01
484,Steve Maltais,1992,1992,1,12,2,1,3,-1,2,2,0,0,0,1,0,0,6,33.3,,,maltast01
485,Mike McHugh,1989,1991,3,12,0,0,0,-5,2,0,0,0,0,0,0,0,7,0.0,,,mchugmi01
486,Pat Micheletti,1988,1988,1,12,2,0,2,2,8,2,0,0,0,0,0,0,18,11.1,,,michepa01
487,Pavel Patera,2000,2000,1,12,1,4,5,-1,4,1,0,0,0,4,0,0,18,5.6,169,14:04,paterpa01
488,Mark Pavelich,1987,1987,1,12,4,6,10,8,10,4,0,0,0,4,2,0,25,16.0,,,pavelma02
489,Stéphane Roy,1988,1988,1,12,1,0,1,-6,0,1,0,0,0,0,0,0,14,7.1,,,royst01
490,Todd Fedoruk,2008,2008,1,11,0,2,2,2,33,0,0,0,0,2,0,0,6,0.0,75,6:50,fedorto01
491,Dillon Heatherington,2018,2019,2,11,0,2,2,7,26,0,0,0,0,2,0,0,11,0.0,116,10:33,heathdi01
492,Reed Larson,1989,1989,1,11,0,9,9,-3,18,0,0,0,0,5,4,0,19,0.0,,,larsore01
493,Warren Peters,2010,2010,1,11,1,0,1,1,2,1,0,0,0,0,0,0,8,12.5,79,7:13,peterwa01
494,Dan Quinn,1993,1993,1,11,0,4,4,-4,6,0,0,0,0,1,3,0,20,0.0,,,quinnda01
495,Kris Russell,2016,2016,1,11,0,4,4,-1,2,0,0,0,0,2,2,0,14,0.0,264,24:02,russekr01
496,Raymond Sawada,2009,2011,3,11,1,0,1,-1,0,1,0,0,0,0,0,0,5,20.0,90,8:11,sawadra01
497,Dan Seguin,1971,1971,1,11,1,1,2,1,4,1,0,0,0,1,0,0,4,25.0,,,seguida01
498,Chris Therien,2004,2004,1,11,0,0,0,4,2,0,0,0,0,0,0,0,9,0.0,200,18:13,therich01
499,Paul Boutilier,1987,1987,1,10,2,4,6,0,8,2,0,0,0,3,1,0,21,9.5,,,boutipa01
500,Mark Johnson,1982,1982,1,10,2,2,4,-4,10,1,1,0,0,0,2,0,18,11.1,,,johnsma02
501,Warren Luhning,2000,2000,1,10,0,1,1,-2,13,0,0,0,0,1,0,0,7,0.0,103,10:21,luhniwa01
502,Jim McKenny,1979,1979,1,10,1,1,2,-3,2,0,1,0,0,0,1,0,8,12.5,,,mckenji01
503,Jim Storm,1996,1996,1,10,1,2,3,-1,17,1,0,0,1,1,1,0,11,9.1,,,stormji01
504,Francis Wathier,2010,2013,4,10,0,0,0,-2,5,0,0,0,0,0,0,0,4,0.0,49,4:56,wathifr01
505,Maxime Fortunus,2010,2014,2,9,0,1,1,-5,4,0,0,0,0,1,0,0,5,0.0,137,15:16,fortuma01
506,Cameron Gaunce,2014,2014,1,9,0,0,0,1,7,0,0,0,0,0,0,0,9,0.0,125,13:50,gauncca01
507,Marc Labelle,1997,1997,1,9,0,0,0,-4,46,0,0,0,0,0,0,0,2,0.0,,,labelma01
508,Jim Montgomery,2002,2003,2,9,0,2,2,-1,0,0,0,0,0,1,1,0,8,0.0,75,8:22,montgji01
509,Chris Mueller,2014,2014,1,9,0,0,0,-2,0,0,0,0,0,0,0,0,8,0.0,83,9:15,muellch01
510,André Pronovost,1968,1968,1,9,0,0,0,0,0,0,0,0,0,0,0,0,6,0.0,,,pronoan01
511,Brian Smith,1969,1969,1,9,0,1,1,-7,0,0,0,0,0,0,1,0,14,0.0,,,smithbr02
512,Sami Vatanen,2021,2021,1,9,0,0,0,1,2,0,0,0,0,0,0,0,14,0.0,147,16:17,vatansa01
513,Rick Boh,1988,1988,1,8,2,1,3,1,4,2,0,0,0,1,0,0,8,25.0,,,bohri01
514,Terry Caffery,1971,1971,1,8,0,0,0,-2,0,0,0,0,0,0,0,0,1,0.0,,,caffete01
515,Patrick Côté,1996,1998,3,8,0,0,0,-3,47,0,0,0,0,0,0,0,4,0.0,,,cotepa01
516,Jim Dobson,1980,1982,3,8,0,0,0,0,4,0,0,0,0,0,0,0,5,0.0,,,dobsoji01
517,Fredrik Karlström,2022,2023,2,8,0,1,1,3,0,0,0,0,0,1,0,0,7,0.0,66,8:18,karlsfr01
518,Junior Lessard,2006,2008,3,8,2,0,2,0,14,1,1,0,0,0,0,0,12,16.7,73,9:08,lessaju01
519,Alan Letang,2000,2000,1,8,0,0,0,-5,2,0,0,0,0,0,0,0,1,0.0,80,9:57,letanal01
520,Bill Stewart,1986,1986,1,8,0,2,2,2,13,0,0,0,0,2,0,0,3,0.0,,,stewabi01
521,Nolan Baumgartner,2007,2007,1,7,0,2,2,0,0,0,0,0,0,1,1,0,4,0.0,86,12:14,baumgno01
522,Bob Charlebois,1968,1968,1,7,1,0,1,-4,0,0,1,0,0,0,0,0,8,12.5,,,charlbo01
523,Riley Damiani,2022,2022,1,7,1,1,2,0,2,1,0,0,0,1,0,0,10,10.0,60,8:32,damiari01
524,Dan Jancevski,2006,2009,3,7,0,0,0,1,0,0,0,0,0,0,0,0,7,0.0,83,11:52,janceda01
525,Len Lunde,1968,1968,1,7,0,1,1,-7,0,0,0,0,0,1,0,0,21,0.0,,,lundele01
526,Dean Magee,1978,1978,1,7,0,0,0,-3,4,0,0,0,0,0,0,0,4,0.0,,,mageede01
527,Terry Martin,1985,1985,1,7,1,1,2,0,0,1,0,0,0,1,0,0,5,20.0,,,martite01
528,Jim McElmury,1973,1973,1,7,0,1,1,1,2,0,0,0,0,1,0,0,0,,,,mcelmji01
529,Ron Meighan,1982,1982,1,7,1,1,2,-1,2,1,0,0,0,1,0,0,4,25.0,,,meighro01
530,Jeff Mitchell,1998,1998,1,7,0,0,0,0,7,0,0,0,0,0,0,0,3,0.0,,,mitchje01
531,Wayne Muloin,1971,1971,1,7,0,0,0,-2,6,0,0,0,0,0,0,0,4,0.0,,,muloiwa01
532,Rob Valicevic,2004,2004,1,7,0,0,0,-1,2,0,0,0,0,0,0,0,4,0.0,55,7:50,valicro01
533,Matěj Blümel,2023,2023,1,6,1,0,1,-2,0,1,0,0,0,0,0,0,7,14.3,58,9:42,blumema01
534,Jim Boo,1978,1978,1,6,0,0,0,-6,22,0,0,0,0,0,0,0,2,0.0,,,booji01
535,Erik Condra,2019,2019,1,6,1,0,1,-2,2,1,0,0,0,0,0,0,10,10.0,76,12:41,condrer01
536,Raimo Helminen,1987,1987,1,6,0,1,1,-3,0,0,0,0,0,0,1,0,6,0.0,,,helmira01
537,Peter Lappin,1990,1990,1,6,0,0,0,-5,2,0,0,0,0,0,0,0,8,0.0,,,lappipe01
538,Barry MacKenzie,1969,1969,1,6,0,1,1,-2,6,0,0,0,0,1,0,0,3,0.0,,,mackeba01
539,Barrie Meissner,1968,1969,2,6,0,1,1,-3,4,0,0,0,0,1,0,0,3,0.0,,,meissba01
540,Gavin Morgan,2004,2004,1,6,0,0,0,0,21,0,0,0,0,0,0,0,7,0.0,35,5:49,morgaga01
541,Bob Paradise,1972,1972,1,6,0,0,0,1,6,0,0,0,0,0,0,0,1,0.0,,,paradbo01
542,Allan Tuer,1988,1988,1,6,1,0,1,-3,29,1,0,0,0,0,0,0,1,100.0,,,tueral01
543,Tony White,1980,1980,1,6,0,0,0,-2,4,0,0,0,0,0,0,0,10,0.0,,,whiteto01
544,Neil Brady,1994,1994,1,5,0,1,1,-1,21,0,0,0,0,1,0,0,1,0.0,,,bradyne01
545,Ryan Christie,2000,2000,1,5,0,0,0,-1,0,0,0,0,0,0,0,0,1,0.0,12,2:29,chrisry01
546,Pelle Eklund,1994,1994,1,5,2,1,3,-1,2,2,0,0,0,1,0,0,4,50.0,,,eklunpe01
547,Ken Hodge,1989,1989,1,5,1,1,2,1,0,1,0,0,0,1,0,0,6,16.7,,,hodgeke02
548,Paul Jerrard,1989,1989,1,5,0,0,0,1,4,0,0,0,0,0,0,0,8,0.0,,,jerrapa01
549,Jayson More,1990,1990,1,5,0,0,0,1,16,0,0,0,0,0,0,0,4,0.0,,,moreja01
550,Mike Needham,1994,1994,1,5,0,0,0,-2,0,0,0,0,0,0,0,0,3,0.0,,,needhmi01
551,Mark Osiecki,1993,1993,1,5,0,0,0,0,5,0,0,0,0,0,0,0,1,0.0,,,osiecma01
552,Róbert Petrovický,1996,1996,1,5,1,1,2,1,0,0,1,0,1,0,1,0,3,33.3,,,petroro01
553,Vojtěch Polák,2006,2007,2,5,0,0,0,-2,0,0,0,0,0,0,0,0,5,0.0,35,7:00,polakvo01
554,David Schlemko,2015,2015,1,5,0,0,0,0,0,0,0,0,0,0,0,0,6,0.0,72,14:25,schleda01
555,George Servinis,1988,1988,1,5,0,0,0,-2,0,0,0,0,0,0,0,0,8,0.0,,,servige01
556,Bill Terry,1988,1988,1,5,0,0,0,-4,0,0,0,0,0,0,0,0,3,0.0,,,terrybi01
557,Mario Thyer,1990,1990,1,5,0,0,0,-3,0,0,0,0,0,0,0,0,4,0.0,,,thyerma01
558,Ivan Vishnevskiy,2009,2010,2,5,0,2,2,-1,2,0,0,0,0,0,2,0,13,0.0,92,18:23,vishniv01
559,Warren Young,1982,1983,2,5,1,1,2,-3,0,1,0,0,0,1,0,0,2,50.0,,,youngwa01
560,Keith Aldridge,2000,2000,1,4,0,0,0,1,0,0,0,0,0,0,0,0,6,0.0,44,11:05,aldrike01
561,Don Blackburn,1973,1973,1,4,0,0,0,0,4,0,0,0,0,0,0,0,0,,,,blackdo01
562,Petr Buzek,1998,1999,2,4,0,0,0,1,4,0,0,0,0,0,0,0,0,,28,13:50,buzekpe01
563,Rick Chinnick,1974,1975,2,4,0,2,2,0,0,0,0,0,0,2,0,0,7,0.0,,,chinnri01
564,Gary Dineen,1969,1969,1,4,0,1,1,-2,0,0,0,0,0,0,1,0,2,0.0,,,dineega01
565,Grant Erickson,1970,1970,1,4,0,0,0,-3,0,0,0,0,0,0,0,0,4,0.0,,,erickgr01
566,Kevin Evans,1991,1991,1,4,0,0,0,-3,19,0,0,0,0,0,0,0,2,0.0,,,evanske01
567,Iain Fraser,1995,1995,1,4,0,0,0,-3,0,0,0,0,0,0,0,0,2,0.0,,,fraseia01
568,Gary Geldart,1971,1971,1,4,0,0,0,-3,5,0,0,0,0,0,0,0,3,0.0,,,geldaga01
569,Ben Gleason,2019,2019,1,4,0,1,1,-1,0,0,0,0,0,1,0,0,2,0.0,60,14:53,gleasbe01
570,Don Johns,1968,1968,1,4,0,0,0,-2,6,0,0,0,0,0,0,0,4,0.0,,,johnsdo01
571,Ken Leiter,1990,1990,1,4,0,0,0,-2,0,0,0,0,0,0,0,0,5,0.0,,,leiteke01
572,Jeff MacMillan,2004,2004,1,4,0,0,0,-2,0,0,0,0,0,0,0,0,3,0.0,33,8:19,macmije01
573,Sergei Makarov*,1997,1997,1,4,0,0,0,-2,0,0,0,0,0,0,0,0,0,,,,makarse01
574,Tom Martin,1989,1989,1,4,1,1,2,1,4,1,0,0,0,1,0,0,6,16.7,,,martito02
575,Ted McCaskill,1968,1968,1,4,0,2,2,-2,0,0,0,0,0,1,1,0,2,0.0,,,mccaste01
576,Ľubomír Sekeráš,2004,2004,1,4,1,1,2,0,2,1,0,0,0,1,0,0,2,50.0,66,16:30,sekerlu01
577,Jean-Guy Talbot,1968,1968,1,4,0,0,0,-5,4,0,0,0,0,0,0,0,7,0.0,,,talboje01
578,Zac Boyer,1995,1996,2,3,0,0,0,0,0,0,0,0,0,0,0,0,4,0.0,,,boyerza01
579,Mark Janssens,1992,1992,1,3,0,0,0,-1,0,0,0,0,0,0,0,0,1,0.0,,,janssma01
580,Wes Jarvis,1983,1983,1,3,0,0,0,-2,2,0,0,0,0,0,0,0,2,0.0,,,jarviwe01
581,Duane Joyce,1994,1994,1,3,0,0,0,0,0,0,0,0,0,0,0,0,1,0.0,,,joycedu01
582,Dan Kesa,1996,1996,1,3,0,0,0,-1,0,0,0,0,0,0,0,0,0,,,,kesada01
583,Pat MacLeod,1991,1996,2,3,0,1,1,1,0,0,0,0,0,0,1,0,3,0.0,,,maclepa02
584,Daniel Marois,1996,1996,1,3,0,0,0,0,2,0,0,0,0,0,0,0,1,0.0,,,maroida01
585,Roger Melin,1981,1982,2,3,0,0,0,-1,0,0,0,0,0,0,0,0,1,0.0,,,melinro01
586,Kip Miller,1992,1992,1,3,1,2,3,-1,2,0,1,0,0,1,1,0,3,33.3,,,milleki01
587,Roy Mitchell,1993,1993,1,3,0,0,0,0,0,0,0,0,0,0,0,0,0,,,,mitchro01
588,Lyle Odelein,2003,2003,1,3,0,0,0,0,6,0,0,0,0,0,0,0,1,0.0,53,17:49,odelely01
589,Daniel Poulin,1982,1982,1,3,1,1,2,1,2,1,0,0,0,0,1,0,8,12.5,,,poulida01
590,Travis Richards,1995,1996,2,3,0,0,0,-1,2,0,0,0,0,0,0,0,1,0.0,,,richatr01
591,Randy Smith,1986,1987,2,3,0,0,0,-2,0,0,0,0,0,0,0,0,0,,,,smithra01
592,Garrett Stafford,2009,2009,1,3,0,2,2,0,0,0,0,0,0,2,0,0,5,0.0,54,18:00,staffga01
593,John Baby,1979,1979,1,2,0,1,1,-2,0,0,0,0,0,1,0,0,6,0.0,,,babyjo01
594,Doug Barrault,1993,1993,1,2,0,0,0,-1,2,0,0,0,0,0,0,0,0,,,,barrado01
595,Bob Bergloff,1983,1983,1,2,0,0,0,-1,5,0,0,0,0,0,0,0,1,0.0,,,berglbo02
596,Joël Bouchard,2000,2000,1,2,0,0,0,1,2,0,0,0,0,0,0,0,1,0.0,20,9:45,bouchjo01
597,Bob Cook,1975,1975,1,2,0,1,1,-1,0,0,0,0,0,1,0,0,9,0.0,,,cookbo01
598,Jon Fontas,1980,1981,2,2,0,0,0,-1,0,0,0,0,0,0,0,0,0,,,,fontajo01
599,Jamie Gallimore,1978,1978,1,2,0,0,0,0,0,0,0,0,0,0,0,0,0,,,,gallija01
600,Greg Hawgood,2002,2002,1,2,0,0,0,0,2,0,0,0,0,0,0,0,1,0.0,13,6:21,hawgogr01
601,Greg Leeb,2001,2001,1,2,0,0,0,-1,0,0,0,0,0,0,0,0,4,0.0,14,6:56,leebgr01
602,Bruce McIntosh,1973,1973,1,2,0,0,0,0,0,0,0,0,0,0,0,0,0,,,,mcintbr01
603,George Standing,1968,1968,1,2,0,0,0,-1,0,0,0,0,0,0,0,0,1,0.0,,,standge01
604,Mats Zuccarello,2019,2019,1,2,1,2,3,3,0,1,0,0,0,1,1,0,5,20.0,32,15:59,zuccama01
605,Chuck Arnason,1979,1979,1,1,0,0,0,0,0,0,0,0,0,0,0,0,0,,,,arnasch01
606,John Barrett,1988,1988,1,1,0,1,1,-3,2,0,0,0,0,1,0,0,0,,,,barrejo01
607,Don Biggs,1985,1985,1,1,0,0,0,0,0,0,0,0,0,0,0,0,0,,,,biggsdo01
608,Rob Brown,1994,1994,1,1,0,0,0,-1,0,0,0,0,0,0,0,0,1,0.0,,,brownro01
609,Jay Caufield,1988,1988,1,1,0,0,0,0,0,0,0,0,0,0,0,0,0,,,,caufija01
610,Mike Chernoff,1969,1969,1,1,0,0,0,0,0,0,0,0,0,0,0,0,0,,,,chernmi01
611,Colin Chisholm,1987,1987,1,1,0,0,0,0,0,0,0,0,0,0,0,0,0,,,,chishco01
612,Tom Colley,1975,1975,1,1,0,0,0,-3,2,0,0,0,0,0,0,0,0,,,,colleto01
613,Joe Contini,1981,1981,1,1,0,0,0,0,0,0,0,0,0,0,0,0,0,,,,contijo01
614,Peter Douris,1998,1998,1,1,0,0,0,-1,0,0,0,0,0,0,0,0,3,0.0,,,douripe01
615,Ken Duggan,1988,1988,1,1,0,0,0,0,0,0,0,0,0,0,0,0,0,,,,duggake01
616,Kelly Fairchild,1999,1999,1,1,0,0,0,0,0,0,0,0,0,0,0,0,4,0.0,13,12:37,faircke01
617,Scott Glennie,2012,2012,1,1,0,0,0,0,2,0,0,0,0,0,0,0,0,,10,9:35,glennsc01
618,Peter Hayek,1982,1982,1,1,0,0,0,-1,0,0,0,0,0,0,0,0,0,,,,hayekpe01
619,Archie Henderson,1982,1982,1,1,0,0,0,0,0,0,0,0,0,0,0,0,0,,,,hendear01
620,Kevin Kaminski,1989,1989,1,1,0,0,0,0,0,0,0,0,0,0,0,0,0,,,,kaminke01
621,Udo Kiessling,1982,1982,1,1,0,0,0,0,2,0,0,0,0,0,0,0,1,0.0,,,kiessud01
622,Robbie Laird,1980,1980,1,1,0,0,0,-2,0,0,0,0,0,0,0,0,0,,,,lairdro01
623,Perttu Lindgren,2010,2010,1,1,0,0,0,0,0,0,0,0,0,0,0,0,0,,9,8:33,lindgpe01
624,Kim MacDougall,1975,1975,1,1,0,0,0,-1,0,0,0,0,0,0,0,0,0,,,,macdoki02
625,John Markell,1985,1985,1,1,0,0,0,0,0,0,0,0,0,0,0,0,0,,,,markejo01
626,Steve Martinson,1992,1992,1,1,0,0,0,0,9,0,0,0,0,0,0,0,0,,,,martist01
627,Mark McNeill,2017,2017,1,1,0,0,0,-1,0,0,0,0,0,0,0,0,1,0.0,14,13:49,mcneima01
628,Brendan Ranford,2015,2015,1,1,0,0,0,0,0,0,0,0,0,0,0,0,0,,9,9:19,ranfobr01
629,Scott Robinson,1990,1990,1,1,0,0,0,0,2,0,0,0,0,0,0,0,0,,,,robinsc01
630,Scott Sandelin,1992,1992,1,1,0,0,0,-1,0,0,0,0,0,0,0,0,1,0.0,,,sandesc01
631,Reid Simpson,1993,1993,1,1,0,0,0,0,5,0,0,0,0,0,0,0,0,,,,simpsre01
632,Jarrod Skalde,1998,1998,1,1,0,0,0,0,0,0,0,0,0,0,0,0,0,,,,skaldja01
633,Kirk Tomlinson,1988,1988,1,1,0,0,0,0,0,0,0,0,0,0,0,0,0,,,,tomliki01
634,Sean Toomey,1987,1987,1,1,0,0,0,-1,0,0,0,0,0,0,0,0,2,0.0,,,toomese01
635,Patrick Traverse,2006,2006,1,1,0,0,0,0,0,0,0,0,0,0,0,0,1,0.0,11,11:27,travepa01
636,Bob Whitlock,1970,1970,1,1,0,0,0,1,0,0,0,0,0,0,0,0,3,0.0,,,whitlbo01
637,Mark Wotton,2001,2001,1,1,0,0,0,0,0,0,0,0,0,0,0,0,0,,14,13:45,wottoma01


Provided by <a href="https://www.sports-reference.com/sharing.html?utm_source=direct&utm_medium=Share&utm_campaign=ShareTool">Hockey-Reference.com</a>: <a href="https://www.hockey-reference.com/teams/DAL/skaters.html?sr&utm_source=direct&utm_medium=Share&utm_campaign=ShareTool#stats">View Original Table</a><br>Generated 8/24/2023.